starting_word,file,solutions_found,minimum_guesses,maximum_guesses,expected_guesses,total_guesses,first_guess_solves,solved_in_1,solved_in_2,solved_in_3,solved_in_4,solved_in_5,solved_in_6,solved_in_7_plus
tarse,tarse.txt,2309,2,6,3.414032,7883,0,0,77,1271,890,70,1,0
salet,salet.txt,2309,2,5,3.418796,7894,0,0,90,1239,903,77,0,0
reast,reast.txt,2309,2,6,3.419662,7896,0,0,83,1257,887,81,1,0
crate,crate.txt,2309,1,6,3.420961,7899,1,1,88,1245,889,85,1,0
slate,slate.txt,2309,1,6,3.420961,7899,1,1,82,1266,869,86,5,0
trace,trace.txt,2309,1,6,3.420961,7899,1,1,92,1236,895,84,1,0
crane,crane.txt,2309,1,6,3.422261,7902,1,1,87,1242,895,83,1,0
carle,carle.txt,2309,2,6,3.425292,7909,0,0,83,1243,903,78,2,0
carne,carne.txt,2309,2,6,3.428757,7917,0,0,88,1235,896,88,2,0
slane,slane.txt,2309,2,6,3.428757,7917,0,0,81,1252,884,89,3,0
slant,slant.txt,2309,1,6,3.430489,7921,1,1,80,1230,921,76,1,0
torse,torse.txt,2309,2,5,3.430489,7921,0,0,82,1234,910,83,0,0
carte,carte.txt,2309,2,6,3.430922,7922,0,0,94,1215,912,87,1,0
sater,sater.txt,2309,2,6,3.431356,7923,0,0,71,1249,913,74,2,0
least,least.txt,2309,1,6,3.432655,7926,1,1,79,1236,908,83,2,0
trice,trice.txt,2309,1,6,3.433088,7927,1,1,84,1227,910,85,2,0
prate,prate.txt,2309,2,6,3.435253,7932,0,0,88,1213,924,83,1,0
trine,trine.txt,2309,2,6,3.435253,7932,0,0,86,1225,908,87,3,0
caret,caret.txt,2309,2,6,3.436553,7935,0,0,89,1214,916,89,1,0
slart,slart.txt,2309,2,6,3.436986,7936,0,0,75,1224,937,72,1,0
clast,clast.txt,2309,2,6,3.439151,7941,0,0,79,1210,949,69,2,0
rance,rance.txt,2309,2,6,3.439151,7941,0,0,77,1225,924,82,1,0
trone,trone.txt,2309,2,6,3.439151,7941,0,0,75,1233,915,84,2,0
roast,roast.txt,2309,1,6,3.439584,7942,1,1,76,1226,922,81,3,0
stale,stale.txt,2309,1,6,3.439584,7942,1,1,84,1219,914,86,5,0
tiare,tiare.txt,2309,2,6,3.439584,7942,0,0,79,1232,905,90,3,0
ranse,ranse.txt,2309,2,6,3.44045,7944,0,0,64,1235,940,69,1,0
earst,earst.txt,2309,2,6,3.440883,7945,0,0,83,1219,916,88,3,0
train,train.txt,2309,1,6,3.440883,7945,1,1,85,1217,909,95,2,0
carse,carse.txt,2309,2,6,3.441317,7946,0,0,77,1229,912,89,2,0
lance,lance.txt,2309,1,6,3.441317,7946,1,1,76,1218,932,81,1,0
stare,stare.txt,2309,1,6,3.442183,7948,1,1,68,1241,911,84,4,0
crine,crine.txt,2309,2,6,3.442616,7949,0,0,70,1229,930,78,2,0
trade,trade.txt,2309,1,6,3.442616,7949,1,1,81,1215,924,83,5,0
trape,trape.txt,2309,2,6,3.442616,7949,0,0,86,1205,929,88,1,0
leant,leant.txt,2309,1,6,3.443049,7950,1,1,81,1206,937,83,1,0
taser,taser.txt,2309,2,6,3.443049,7950,0,0,76,1215,939,77,2,0
reist,reist.txt,2309,2,6,3.443915,7952,0,0,90,1205,917,93,4,0
roist,roist.txt,2309,2,6,3.443915,7952,0,0,78,1219,923,87,2,0
saint,saint.txt,2309,1,6,3.444348,7953,1,1,78,1214,928,86,2,0
snare,snare.txt,2309,1,6,3.444348,7953,1,1,73,1229,915,87,4,0
scale,scale.txt,2309,1,6,3.445214,7955,1,1,78,1208,939,80,3,0
react,react.txt,2309,1,5,3.445647,7956,1,1,89,1190,938,91,0,0
stane,stane.txt,2309,2,6,3.446081,7957,0,0,72,1223,930,80,4,0
toile,toile.txt,2309,2,5,3.446081,7957,0,0,70,1232,914,93,0,0
peart,peart.txt,2309,2,6,3.446947,7959,0,0,96,1179,941,92,1,0
crone,crone.txt,2309,1,5,3.447813,7961,1,1,75,1211,933,89,0,0
loast,loast.txt,2309,2,6,3.447813,7961,0,0,68,1225,932,82,2,0
parte,parte.txt,2309,2,5,3.447813,7961,0,0,91,1173,965,80,0,0
slice,slice.txt,2309,1,6,3.447813,7961,1,1,74,1220,921,90,3,0
sacre,sacre.txt,2309,2,6,3.448246,7962,0,0,73,1229,907,99,1,0
clart,clart.txt,2309,2,6,3.449112,7964,0,0,80,1198,946,84,1,0
plate,plate.txt,2309,1,6,3.449112,7964,1,1,87,1182,955,81,3,0
riant,riant.txt,2309,2,6,3.449112,7964,0,0,79,1210,925,94,1,0
drant,drant.txt,2309,2,6,3.449545,7965,0,0,75,1228,905,95,6,0
roset,roset.txt,2309,2,5,3.449545,7965,0,0,72,1216,932,89,0,0
crise,crise.txt,2309,2,6,3.449978,7966,0,0,69,1221,935,79,5,0
alist,alist.txt,2309,2,6,3.450845,7968,0,0,77,1216,917,96,3,0
corse,corse.txt,2309,2,6,3.450845,7968,0,0,78,1203,938,89,1,0
roate,roate.txt,2309,2,6,3.450845,7968,0,0,70,1225,918,95,1,0
saner,saner.txt,2309,1,6,3.450845,7968,1,1,76,1192,963,75,2,0
sorel,sorel.txt,2309,2,6,3.451278,7969,0,0,63,1231,928,84,3,0
dealt,dealt.txt,2309,1,5,3.451711,7970,1,1,85,1171,974,78,0,0
plane,plane.txt,2309,1,6,3.452144,7971,1,1,89,1163,980,73,3,0
resat,resat.txt,2309,2,6,3.452144,7971,0,0,78,1207,927,96,1,0
close,close.txt,2309,1,6,3.452577,7972,1,1,68,1213,942,82,3,0
tares,tares.txt,2309,2,6,3.452577,7972,0,0,72,1209,940,87,1,0
parse,parse.txt,2309,1,6,3.45301,7973,1,1,90,1173,955,87,3,0
soare,soare.txt,2309,2,6,3.453443,7974,0,0,62,1237,916,89,5,0
canst,canst.txt,2309,2,6,3.453876,7975,0,0,67,1210,951,79,2,0
ronte,ronte.txt,2309,2,5,3.453876,7975,0,0,76,1192,958,83,0,0
stile,stile.txt,2309,2,6,3.453876,7975,0,0,75,1202,943,87,2,0
caner,caner.txt,2309,2,6,3.454309,7976,0,0,82,1190,946,88,3,0
sault,sault.txt,2309,2,6,3.454309,7976,0,0,77,1198,945,86,3,0
artel,artel.txt,2309,2,6,3.454742,7977,0,0,77,1195,949,86,2,0
strae,strae.txt,2309,2,6,3.454742,7977,0,0,62,1225,934,86,2,0
aline,aline.txt,2309,2,6,3.455175,7978,0,0,78,1194,946,90,1,0
crost,crost.txt,2309,2,6,3.455175,7978,0,0,69,1222,921,92,5,0
liane,liane.txt,2309,2,6,3.455175,7978,0,0,74,1210,928,94,3,0
prase,prase.txt,2309,2,6,3.455175,7978,0,0,81,1201,926,97,4,0
store,store.txt,2309,1,6,3.455175,7978,1,1,68,1216,930,91,3,0
trail,trail.txt,2309,1,6,3.455175,7978,1,1,80,1204,916,107,1,0
antre,antre.txt,2309,2,6,3.455608,7979,0,0,88,1173,957,90,1,0
tears,tears.txt,2309,2,6,3.455608,7979,0,0,69,1211,940,86,3,0
raine,raine.txt,2309,2,6,3.456042,7980,0,0,72,1222,908,104,3,0
saine,saine.txt,2309,2,6,3.456042,7980,0,0,82,1191,941,91,4,0
stole,stole.txt,2309,1,6,3.456042,7980,1,1,67,1218,927,93,3,0
tried,tried.txt,2309,1,6,3.456042,7980,1,1,90,1165,964,86,3,0
tripe,tripe.txt,2309,1,6,3.456042,7980,1,1,82,1182,954,87,3,0
orant,orant.txt,2309,2,6,3.456475,7981,0,0,77,1193,950,86,3,0
orate,orate.txt,2309,2,6,3.456475,7981,0,0,78,1199,933,98,1,0
scart,scart.txt,2309,2,6,3.456475,7981,0,0,74,1188,968,77,2,0
earnt,earnt.txt,2309,2,6,3.456908,7982,0,0,83,1187,941,97,1,0
thale,thale.txt,2309,2,6,3.456908,7982,0,0,85,1176,959,86,3,0
truce,truce.txt,2309,1,6,3.456908,7982,1,1,87,1178,945,95,3,0
cater,cater.txt,2309,1,5,3.457341,7983,1,1,87,1167,963,91,0,0
cline,cline.txt,2309,2,6,3.457341,7983,0,0,79,1193,942,92,3,0
raile,raile.txt,2309,2,6,3.457341,7983,0,0,63,1220,935,89,2,0
slade,slade.txt,2309,2,6,3.457341,7983,0,0,73,1189,967,78,2,0
snirt,snirt.txt,2309,2,6,3.457341,7983,0,0,72,1212,924,99,2,0
trans,trans.txt,2309,2,6,3.457341,7983,0,0,62,1214,950,81,2,0
seral,seral.txt,2309,2,6,3.457774,7984,0,0,66,1219,927,95,2,0
tarns,tarns.txt,2309,2,6,3.457774,7984,0,0,67,1192,977,72,1,0
stire,stire.txt,2309,2,6,3.458207,7985,0,0,70,1211,933,90,5,0
arose,arose.txt,2309,1,6,3.459073,7987,1,1,56,1233,927,85,7,0
crest,crest.txt,2309,1,6,3.459073,7987,1,1,75,1188,954,90,1,0
alter,alter.txt,2309,1,6,3.459506,7988,1,1,75,1188,953,91,1,0
liart,liart.txt,2309,2,6,3.459506,7988,0,0,71,1204,937,96,1,0
place,place.txt,2309,1,6,3.459506,7988,1,1,78,1178,965,85,2,0
plast,plast.txt,2309,2,6,3.459506,7988,0,0,88,1158,979,82,2,0
toner,toner.txt,2309,2,5,3.459506,7988,0,0,78,1183,957,91,0,0
anile,anile.txt,2309,2,6,3.459939,7989,0,0,79,1189,942,98,1,0
spalt,spalt.txt,2309,2,6,3.459939,7989,0,0,81,1169,977,80,2,0
taler,taler.txt,2309,2,6,3.459939,7989,0,0,76,1183,963,86,1,0
caste,caste.txt,2309,1,6,3.460372,7990,1,1,72,1187,964,82,3,0
irate,irate.txt,2309,1,6,3.460372,7990,1,1,63,1215,935,92,3,0
parle,parle.txt,2309,2,6,3.460372,7990,0,0,75,1192,947,94,1,0
raise,raise.txt,2309,1,6,3.460372,7990,1,1,67,1217,919,102,3,0
clint,clint.txt,2309,2,6,3.460806,7991,0,0,65,1203,955,84,2,0
palet,palet.txt,2309,2,5,3.460806,7991,0,0,87,1161,971,90,0,0
rinse,rinse.txt,2309,1,6,3.460806,7991,1,1,77,1193,936,99,3,0
snore,snore.txt,2309,1,6,3.460806,7991,1,1,77,1193,935,101,2,0
socle,socle.txt,2309,2,6,3.460806,7991,0,0,72,1191,958,86,2,0
spart,spart.txt,2309,2,5,3.460806,7991,0,0,77,1183,957,92,0,0
alert,alert.txt,2309,1,6,3.461239,7992,1,1,78,1184,950,93,3,0
cadre,cadre.txt,2309,2,5,3.461239,7992,0,0,78,1170,979,82,0,0
crape,crape.txt,2309,2,6,3.461239,7992,0,0,84,1170,962,92,1,0
grate,grate.txt,2309,1,6,3.461239,7992,1,1,72,1187,960,88,1,0
slier,slier.txt,2309,2,6,3.461239,7992,0,0,75,1185,960,87,2,0
tales,tales.txt,2309,2,5,3.461239,7992,0,0,73,1181,972,83,0,0
clone,clone.txt,2309,1,5,3.461672,7993,1,1,75,1168,987,78,0,0
teals,teals.txt,2309,2,6,3.461672,7993,0,0,70,1193,957,88,1,0
tride,tride.txt,2309,2,6,3.461672,7993,0,0,77,1180,964,85,3,0
caple,caple.txt,2309,2,6,3.462105,7994,0,0,82,1172,964,88,3,0
ceorl,ceorl.txt,2309,2,6,3.462105,7994,0,0,69,1211,927,97,5,0
scare,scare.txt,2309,1,6,3.462105,7994,1,1,73,1197,935,102,1,0
spale,spale.txt,2309,2,6,3.462105,7994,0,0,85,1175,950,95,4,0
trial,trial.txt,2309,1,6,3.462105,7994,1,1,69,1208,926,103,2,0
alien,alien.txt,2309,1,5,3.462971,7996,1,1,82,1172,955,99,0,0
cruet,cruet.txt,2309,2,6,3.462971,7996,0,0,88,1162,962,96,1,0
sient,sient.txt,2309,2,6,3.462971,7996,0,0,79,1192,931,104,3,0
spare,spare.txt,2309,1,6,3.462971,7996,1,1,76,1179,963,86,4,0
drole,drole.txt,2309,2,6,3.463404,7997,0,0,70,1187,966,84,2,0
porte,porte.txt,2309,2,5,3.463404,7997,0,0,83,1148,1003,75,0,0
scant,scant.txt,2309,1,6,3.463404,7997,1,1,67,1188,970,80,3,0
taels,taels.txt,2309,2,6,3.463404,7997,0,0,67,1187,975,78,2,0
trope,trope.txt,2309,1,5,3.463404,7997,1,1,71,1175,981,81,0,0
perst,perst.txt,2309,2,6,3.463837,7998,0,0,88,1150,985,84,2,0
saice,saice.txt,2309,2,6,3.463837,7998,0,0,62,1231,904,107,5,0
slipt,slipt.txt,2309,2,6,3.463837,7998,0,0,77,1178,961,92,1,0
snort,snort.txt,2309,1,6,3.463837,7998,1,1,72,1179,973,80,4,0
sonce,sonce.txt,2309,2,6,3.463837,7998,0,0,78,1186,948,90,7,0
tared,tared.txt,2309,2,6,3.463837,7998,0,0,79,1170,974,82,4,0
alone,alone.txt,2309,1,6,3.46427,7999,1,1,72,1183,962,89,2,0
clote,clote.txt,2309,2,6,3.46427,7999,0,0,65,1202,948,93,1,0
clade,clade.txt,2309,2,6,3.464703,8000,0,0,71,1185,965,85,3,0
ratel,ratel.txt,2309,2,5,3.464703,8000,0,0,84,1158,977,90,0,0
sared,sared.txt,2309,2,6,3.464703,8000,0,0,67,1191,964,85,2,0
setal,setal.txt,2309,2,6,3.464703,8000,0,0,73,1190,949,94,3,0
spate,spate.txt,2309,2,6,3.464703,8000,0,0,81,1174,959,90,5,0
tores,tores.txt,2309,2,6,3.464703,8000,0,0,70,1193,950,95,1,0
drone,drone.txt,2309,1,6,3.465136,8001,1,1,84,1156,979,86,3,0
tails,tails.txt,2309,2,6,3.465136,8001,0,0,72,1184,962,89,2,0
danse,danse.txt,2309,2,6,3.46557,8002,0,0,69,1200,939,98,3,0
nacre,nacre.txt,2309,2,6,3.46557,8002,0,0,78,1175,960,95,1,0
siren,siren.txt,2309,1,6,3.46557,8002,1,1,75,1184,947,101,1,0
tenor,tenor.txt,2309,1,5,3.46557,8002,1,1,70,1180,969,89,0,0
dearn,dearn.txt,2309,2,6,3.466003,8003,0,0,91,1140,992,83,3,0
dorse,dorse.txt,2309,2,6,3.466003,8003,0,0,67,1178,988,73,3,0
tries,tries.txt,2309,2,6,3.466003,8003,0,0,73,1186,956,89,5,0
cairn,cairn.txt,2309,1,6,3.466436,8004,1,1,78,1175,956,96,3,0
coate,coate.txt,2309,2,6,3.466436,8004,0,0,66,1203,938,101,1,0
scrae,scrae.txt,2309,2,6,3.466436,8004,0,0,68,1197,945,97,2,0
scrat,scrat.txt,2309,2,6,3.466436,8004,0,0,63,1187,980,77,2,0
sitar,sitar.txt,2309,2,6,3.466436,8004,0,0,71,1176,977,84,1,0
larnt,larnt.txt,2309,2,6,3.467302,8006,0,0,63,1191,970,83,2,0
nitre,nitre.txt,2309,2,6,3.467302,8006,0,0,70,1180,971,86,2,0
prole,prole.txt,2309,2,6,3.467302,8006,0,0,69,1187,960,91,2,0
rince,rince.txt,2309,2,6,3.467302,8006,0,0,69,1185,964,89,2,0
shalt,shalt.txt,2309,1,6,3.467302,8006,1,1,79,1171,958,98,2,0
tolar,tolar.txt,2309,2,5,3.467302,8006,0,0,79,1162,978,90,0,0
aisle,aisle.txt,2309,1,6,3.467735,8007,1,1,70,1184,962,86,6,0
alose,alose.txt,2309,2,6,3.467735,8007,0,0,66,1194,953,95,1,0
cleat,cleat.txt,2309,1,6,3.467735,8007,1,1,87,1150,976,92,3,0
lacet,lacet.txt,2309,2,6,3.467735,8007,0,0,75,1163,988,82,1,0
rione,rione.txt,2309,2,6,3.467735,8007,0,0,65,1205,935,102,2,0
shale,shale.txt,2309,1,6,3.467735,8007,1,1,84,1159,969,91,5,0
siler,siler.txt,2309,2,6,3.467735,8007,0,0,71,1178,970,89,1,0
ariel,ariel.txt,2309,2,6,3.468168,8008,0,0,68,1190,954,96,1,0
carpe,carpe.txt,2309,2,6,3.468168,8008,0,0,92,1136,991,88,2,0
price,price.txt,2309,1,6,3.468168,8008,1,1,82,1159,974,88,5,0
raned,raned.txt,2309,2,6,3.468168,8008,0,0,84,1144,998,82,1,0
coast,coast.txt,2309,1,6,3.468601,8009,1,1,64,1201,942,97,4,0
learn,learn.txt,2309,1,6,3.468601,8009,1,1,88,1147,978,91,4,0
rates,rates.txt,2309,2,6,3.468601,8009,0,0,70,1177,973,88,1,0
satin,satin.txt,2309,1,6,3.468601,8009,1,1,79,1159,980,87,3,0
soler,soler.txt,2309,2,6,3.468601,8009,0,0,60,1202,953,93,1,0
drice,drice.txt,2309,2,6,3.469034,8010,0,0,81,1164,968,92,4,0
olate,olate.txt,2309,2,6,3.469034,8010,0,0,66,1190,959,92,2,0
plant,plant.txt,2309,1,5,3.469034,8010,1,1,76,1156,991,85,0,0
table,table.txt,2309,1,6,3.469034,8010,1,1,85,1141,999,78,5,0
toise,toise.txt,2309,2,6,3.469034,8010,0,0,71,1177,970,89,2,0
anole,anole.txt,2309,2,6,3.469467,8011,0,0,76,1167,974,90,2,0
dance,dance.txt,2309,1,6,3.469467,8011,1,1,62,1187,971,87,1,0
denar,denar.txt,2309,2,6,3.469467,8011,0,0,85,1146,988,89,1,0
halse,halse.txt,2309,2,6,3.469467,8011,0,0,79,1168,967,89,6,0
heart,heart.txt,2309,1,6,3.469467,8011,1,1,90,1152,958,106,2,0
laten,laten.txt,2309,2,5,3.469467,8011,0,0,85,1142,995,87,0,0
litre,litre.txt,2309,2,6,3.469467,8011,0,0,76,1173,961,98,1,0
paire,paire.txt,2309,2,6,3.469467,8011,0,0,83,1160,969,93,4,0
stair,stair.txt,2309,1,6,3.469467,8011,1,1,68,1178,972,88,2,0
tired,tired.txt,2309,2,6,3.469467,8011,0,0,83,1146,996,81,3,0
trode,trode.txt,2309,2,6,3.469467,8011,0,0,73,1177,966,88,5,0
ancle,ancle.txt,2309,2,6,3.4699,8012,0,0,76,1167,974,89,3,0
brane,brane.txt,2309,2,6,3.4699,8012,0,0,82,1155,980,89,3,0
caron,caron.txt,2309,2,6,3.4699,8012,0,0,88,1148,976,94,3,0
toran,toran.txt,2309,2,6,3.4699,8012,0,0,82,1161,968,95,3,0
triol,triol.txt,2309,2,6,3.4699,8012,0,0,73,1193,930,111,2,0
arled,arled.txt,2309,2,5,3.470333,8013,0,0,79,1150,995,85,0,0
blate,blate.txt,2309,2,6,3.470333,8013,0,0,87,1142,991,85,4,0
carts,carts.txt,2309,2,6,3.470333,8013,0,0,74,1157,997,80,1,0
lapse,lapse.txt,2309,1,6,3.470333,8013,1,1,80,1157,978,89,4,0
shart,shart.txt,2309,2,6,3.470333,8013,0,0,77,1176,950,105,1,0
silen,silen.txt,2309,2,5,3.470333,8013,0,0,76,1163,978,92,0,0
prest,prest.txt,2309,2,6,3.470767,8014,0,0,90,1147,971,97,4,0
rosit,rosit.txt,2309,2,6,3.470767,8014,0,0,75,1168,971,94,1,0
teras,teras.txt,2309,2,6,3.470767,8014,0,0,68,1189,951,99,2,0
arets,arets.txt,2309,2,6,3.4712,8015,0,0,68,1173,983,82,3,0
carol,carol.txt,2309,1,5,3.4712,8015,1,1,73,1178,951,106,0,0
crein,crein.txt,2309,2,6,3.4712,8015,0,0,73,1180,956,95,5,0
cripe,cripe.txt,2309,2,6,3.4712,8015,0,0,79,1160,978,87,5,0
raits,raits.txt,2309,2,6,3.4712,8015,0,0,70,1179,966,90,4,0
starn,starn.txt,2309,2,6,3.4712,8015,0,0,65,1178,980,85,1,0
arise,arise.txt,2309,1,6,3.471633,8016,1,1,60,1214,924,103,7,0
drape,drape.txt,2309,1,6,3.471633,8016,1,1,78,1147,998,84,1,0
marse,marse.txt,2309,2,6,3.471633,8016,0,0,71,1182,956,96,4,0
patel,patel.txt,2309,2,5,3.471633,8016,0,0,90,1136,987,96,0,0
spane,spane.txt,2309,2,6,3.471633,8016,0,0,82,1154,977,94,2,0
thrae,thrae.txt,2309,2,6,3.471633,8016,0,0,85,1149,977,97,1,0
crame,crame.txt,2309,2,6,3.472066,8017,0,0,82,1158,969,97,3,0
later,later.txt,2309,1,6,3.472066,8017,1,1,82,1150,979,96,1,0
plait,plait.txt,2309,1,6,3.472066,8017,1,1,89,1150,959,108,2,0
prost,prost.txt,2309,2,6,3.472066,8017,0,0,83,1153,978,90,5,0
resit,resit.txt,2309,2,6,3.472066,8017,0,0,78,1166,964,99,2,0
slain,slain.txt,2309,1,5,3.472066,8017,1,1,74,1169,964,101,0,0
surat,surat.txt,2309,2,6,3.472066,8017,0,0,75,1172,962,97,3,0
conte,conte.txt,2309,2,6,3.472499,8018,0,0,79,1157,977,95,1,0
derat,derat.txt,2309,2,6,3.472499,8018,0,0,88,1146,975,96,4,0
neist,neist.txt,2309,2,6,3.472499,8018,0,0,80,1175,942,107,5,0
plier,plier.txt,2309,1,6,3.472499,8018,1,1,80,1148,988,91,1,0
salon,salon.txt,2309,1,6,3.472499,8018,1,1,72,1168,972,95,1,0
cried,cried.txt,2309,1,6,3.472932,8019,1,1,81,1155,973,95,4,0
pearl,pearl.txt,2309,1,5,3.472932,8019,1,1,87,1151,959,111,0,0
sonar,sonar.txt,2309,1,6,3.472932,8019,1,1,70,1164,987,84,3,0
trons,trons.txt,2309,2,6,3.472932,8019,0,0,63,1171,997,76,2,0
canoe,canoe.txt,2309,1,6,3.473365,8020,1,1,70,1167,978,92,1,0
clair,clair.txt,2309,2,6,3.473365,8020,0,0,76,1169,962,99,3,0
lande,lande.txt,2309,2,5,3.473365,8020,0,0,68,1161,999,81,0,0
marle,marle.txt,2309,2,6,3.473365,8020,0,0,76,1152,995,84,2,0
slipe,slipe.txt,2309,2,6,3.473365,8020,0,0,82,1146,991,86,4,0
spilt,spilt.txt,2309,1,6,3.473365,8020,1,1,75,1162,973,97,1,0
talon,talon.txt,2309,1,6,3.473365,8020,1,1,71,1173,963,100,1,0
heast,heast.txt,2309,2,6,3.473798,8021,0,0,75,1174,953,105,2,0
ronde,ronde.txt,2309,2,6,3.473798,8021,0,0,79,1152,985,91,2,0
salut,salut.txt,2309,2,6,3.473798,8021,0,0,68,1176,971,91,3,0
sarin,sarin.txt,2309,2,6,3.473798,8021,0,0,73,1160,986,89,1,0
curet,curet.txt,2309,2,6,3.474231,8022,0,0,91,1131,990,95,2,0
print,print.txt,2309,1,6,3.474231,8022,1,1,67,1173,973,94,1,0
ranes,ranes.txt,2309,2,6,3.474231,8022,0,0,68,1163,994,83,1,0
share,share.txt,2309,1,6,3.474231,8022,1,1,72,1183,939,112,2,0
targe,targe.txt,2309,2,6,3.474231,8022,0,0,75,1163,974,95,2,0
tiars,tiars.txt,2309,2,6,3.474231,8022,0,0,71,1175,962,99,2,0
clapt,clapt.txt,2309,2,6,3.474664,8023,0,0,71,1150,1010,77,1,0
thole,thole.txt,2309,2,6,3.474664,8023,0,0,69,1165,987,86,2,0
tuile,tuile.txt,2309,2,6,3.474664,8023,0,0,79,1163,960,106,1,0
armet,armet.txt,2309,2,6,3.475097,8024,0,0,79,1146,995,86,3,0
clame,clame.txt,2309,2,6,3.475097,8024,0,0,78,1156,976,98,1,0
pance,pance.txt,2309,2,6,3.475097,8024,0,0,74,1163,976,93,3,0
prose,prose.txt,2309,1,6,3.475097,8024,1,1,74,1154,991,85,4,0
sidle,sidle.txt,2309,2,6,3.475097,8024,0,0,78,1155,980,93,3,0
since,since.txt,2309,1,6,3.475097,8024,1,1,70,1168,972,97,1,0
space,space.txt,2309,1,6,3.475097,8024,1,1,77,1162,965,101,3,0
tarsi,tarsi.txt,2309,2,6,3.475097,8024,0,0,63,1194,947,102,3,0
ariot,ariot.txt,2309,2,6,3.475531,8025,0,0,82,1174,933,113,7,0
prise,prise.txt,2309,2,6,3.475531,8025,0,0,82,1164,950,109,4,0
prone,prone.txt,2309,1,5,3.475531,8025,1,1,78,1152,978,100,0,0
scire,scire.txt,2309,2,6,3.475531,8025,0,0,72,1168,972,93,4,0
serac,serac.txt,2309,2,5,3.475531,8025,0,0,67,1176,967,99,0,0
serin,serin.txt,2309,2,6,3.475531,8025,0,0,82,1147,981,98,1,0
snail,snail.txt,2309,1,6,3.475531,8025,1,1,76,1163,963,105,1,0
cared,cared.txt,2309,2,6,3.475964,8026,0,0,71,1152,1003,82,1,0
leats,leats.txt,2309,2,6,3.475964,8026,0,0,73,1162,978,94,2,0
saute,saute.txt,2309,1,6,3.475964,8026,1,1,70,1188,935,109,6,0
taros,taros.txt,2309,2,6,3.475964,8026,0,0,81,1147,988,87,6,0
brant,brant.txt,2309,2,6,3.476397,8027,0,0,67,1163,994,82,3,0
coste,coste.txt,2309,2,6,3.476397,8027,0,0,63,1173,985,86,2,0
lanes,lanes.txt,2309,2,6,3.476397,8027,0,0,68,1176,966,95,4,0
leapt,leapt.txt,2309,1,6,3.476397,8027,1,1,84,1136,992,94,2,0
paste,paste.txt,2309,1,6,3.476397,8027,1,1,86,1136,989,92,5,0
pater,pater.txt,2309,2,6,3.476397,8027,0,0,85,1129,1006,88,1,0
salep,salep.txt,2309,2,6,3.476397,8027,0,0,81,1145,990,88,5,0
saunt,saunt.txt,2309,2,6,3.476397,8027,0,0,79,1150,985,91,4,0
taper,taper.txt,2309,1,6,3.476397,8027,1,1,81,1136,1000,90,1,0
thane,thane.txt,2309,2,6,3.476397,8027,0,0,81,1146,986,93,3,0
spite,spite.txt,2309,1,6,3.47683,8028,1,1,78,1144,994,89,3,0
sprat,sprat.txt,2309,2,5,3.47683,8028,0,0,74,1154,987,94,0,0
stear,stear.txt,2309,2,6,3.47683,8028,0,0,69,1166,981,90,3,0
cores,cores.txt,2309,2,6,3.477263,8029,0,0,76,1154,981,97,1,0
glare,glare.txt,2309,1,6,3.477263,8029,1,1,76,1158,973,96,5,0
grace,grace.txt,2309,1,6,3.477263,8029,1,1,64,1183,958,99,4,0
saned,saned.txt,2309,2,6,3.477263,8029,0,0,75,1159,974,100,1,0
sored,sored.txt,2309,2,6,3.477263,8029,0,0,61,1168,999,79,2,0
sorta,sorta.txt,2309,2,6,3.477263,8029,0,0,73,1160,983,87,6,0
spile,spile.txt,2309,2,6,3.477263,8029,0,0,79,1137,1008,82,3,0
cares,cares.txt,2309,2,6,3.477696,8030,0,0,75,1157,978,97,2,0
carls,carls.txt,2309,2,6,3.477696,8030,0,0,71,1142,1019,76,1,0
claes,claes.txt,2309,2,6,3.477696,8030,0,0,74,1151,993,89,2,0
clear,clear.txt,2309,1,6,3.477696,8030,1,1,84,1138,986,97,3,0
panel,panel.txt,2309,1,6,3.477696,8030,1,1,78,1145,989,94,2,0
rotan,rotan.txt,2309,2,6,3.477696,8030,0,0,83,1142,985,96,3,0
rotes,rotes.txt,2309,2,5,3.477696,8030,0,0,71,1160,982,96,0,0
salto,salto.txt,2309,2,6,3.477696,8030,0,0,71,1165,975,95,3,0
teils,teils.txt,2309,2,6,3.477696,8030,0,0,68,1185,944,109,3,0
tires,tires.txt,2309,2,6,3.477696,8030,0,0,75,1163,967,101,3,0
toils,toils.txt,2309,2,6,3.477696,8030,0,0,68,1163,987,89,2,0
crans,crans.txt,2309,2,6,3.478129,8031,0,0,66,1168,982,91,2,0
drail,drail.txt,2309,2,6,3.478129,8031,0,0,84,1132,999,93,1,0
hanse,hanse.txt,2309,2,6,3.478129,8031,0,0,70,1169,973,90,7,0
plore,plore.txt,2309,2,6,3.478129,8031,0,0,73,1157,986,88,5,0
tains,tains.txt,2309,2,6,3.478129,8031,0,0,77,1152,981,97,2,0
trash,trash.txt,2309,1,6,3.478129,8031,1,1,65,1174,969,98,2,0
scote,scote.txt,2309,2,6,3.478562,8032,0,0,64,1172,979,92,2,0
sprit,sprit.txt,2309,2,6,3.478562,8032,0,0,81,1146,982,96,4,0
tiler,tiler.txt,2309,2,6,3.478562,8032,0,0,88,1123,1005,91,2,0
daine,daine.txt,2309,2,6,3.478995,8033,0,0,80,1147,981,98,3,0
daint,daint.txt,2309,2,6,3.478995,8033,0,0,82,1129,1010,86,2,0
diner,diner.txt,2309,1,6,3.478995,8033,1,1,91,1123,993,97,4,0
maile,maile.txt,2309,2,6,3.478995,8033,0,0,82,1145,979,100,3,0
roust,roust.txt,2309,2,6,3.478995,8033,0,0,73,1163,969,102,2,0
stone,stone.txt,2309,1,6,3.478995,8033,1,1,62,1183,959,101,3,0
arles,arles.txt,2309,2,6,3.479428,8034,0,0,60,1187,961,97,4,0
blare,blare.txt,2309,1,6,3.479428,8034,1,1,84,1128,1004,87,5,0
blase,blase.txt,2309,2,6,3.479428,8034,0,0,73,1147,1000,87,2,0
clean,clean.txt,2309,1,6,3.479428,8034,1,1,81,1136,996,91,4,0
coral,coral.txt,2309,1,6,3.479428,8034,1,1,79,1144,984,99,2,0
drain,drain.txt,2309,1,6,3.479428,8034,1,1,84,1142,975,103,4,0
lirot,lirot.txt,2309,2,6,3.479428,8034,0,0,72,1156,984,96,1,0
noire,noire.txt,2309,2,6,3.479428,8034,0,0,58,1201,937,111,2,0
senor,senor.txt,2309,2,6,3.479428,8034,0,0,71,1161,979,95,3,0
torcs,torcs.txt,2309,2,6,3.479428,8034,0,0,64,1174,975,92,4,0
caser,caser.txt,2309,2,6,3.479861,8035,0,0,69,1169,966,104,1,0
clans,clans.txt,2309,2,5,3.479861,8035,0,0,70,1147,1006,86,0,0
cored,cored.txt,2309,2,6,3.479861,8035,0,0,77,1150,980,101,1,0
dater,dater.txt,2309,2,6,3.479861,8035,0,0,80,1136,1002,87,4,0
deist,deist.txt,2309,2,6,3.479861,8035,0,0,75,1159,974,94,7,0
dolce,dolce.txt,2309,2,6,3.479861,8035,0,0,73,1144,1004,87,1,0
paren,paren.txt,2309,2,6,3.479861,8035,0,0,81,1133,1003,90,2,0
sable,sable.txt,2309,2,6,3.479861,8035,0,0,69,1159,988,90,3,0
tesla,tesla.txt,2309,2,6,3.479861,8035,0,0,73,1143,1006,86,1,0
urate,urate.txt,2309,2,6,3.479861,8035,0,0,70,1178,948,109,4,0
caned,caned.txt,2309,2,5,3.480294,8036,0,0,65,1155,1004,85,0,0
clats,clats.txt,2309,2,6,3.480294,8036,0,0,71,1138,1022,76,2,0
cries,cries.txt,2309,2,6,3.480294,8036,0,0,74,1153,984,95,3,0
doner,doner.txt,2309,2,6,3.480294,8036,0,0,80,1137,996,95,1,0
drent,drent.txt,2309,2,6,3.480294,8036,0,0,69,1168,968,102,2,0
ramse,ramse.txt,2309,2,6,3.480294,8036,0,0,66,1172,972,94,5,0
rated,rated.txt,2309,2,6,3.480294,8036,0,0,79,1127,1021,79,3,0
reals,reals.txt,2309,2,6,3.480294,8036,0,0,64,1172,975,96,2,0
rones,rones.txt,2309,2,6,3.480294,8036,0,0,75,1157,972,103,2,0
score,score.txt,2309,1,6,3.480294,8036,1,1,69,1161,980,94,4,0
seron,seron.txt,2309,2,6,3.480294,8036,0,0,79,1148,981,96,5,0
trins,trins.txt,2309,2,6,3.480294,8036,0,0,59,1176,981,92,1,0
alder,alder.txt,2309,2,6,3.480728,8037,0,0,75,1132,1020,81,1,0
brast,brast.txt,2309,2,6,3.480728,8037,0,0,66,1161,990,90,2,0
lares,lares.txt,2309,2,6,3.480728,8037,0,0,69,1164,975,99,2,0
rants,rants.txt,2309,2,5,3.480728,8037,0,0,59,1167,997,86,0,0
relit,relit.txt,2309,2,6,3.480728,8037,0,0,84,1132,995,95,3,0
santo,santo.txt,2309,2,6,3.480728,8037,0,0,73,1155,983,94,4,0
sarge,sarge.txt,2309,2,6,3.480728,8037,0,0,58,1187,963,98,3,0
sloan,sloan.txt,2309,2,6,3.480728,8037,0,0,73,1160,973,99,4,0
smalt,smalt.txt,2309,2,6,3.480728,8037,0,0,77,1138,1002,91,1,0
split,split.txt,2309,1,6,3.480728,8037,1,1,73,1145,996,93,1,0
taroc,taroc.txt,2309,2,6,3.480728,8037,0,0,77,1126,1026,79,1,0
tonal,tonal.txt,2309,1,6,3.480728,8037,1,1,80,1136,996,92,4,0
trona,trona.txt,2309,2,6,3.480728,8037,0,0,73,1159,974,100,3,0
blast,blast.txt,2309,1,6,3.481161,8038,1,1,68,1153,997,86,4,0
citer,citer.txt,2309,2,5,3.481161,8038,0,0,86,1127,995,101,0,0
coset,coset.txt,2309,2,6,3.481161,8038,0,0,63,1176,968,100,2,0
crena,crena.txt,2309,2,6,3.481161,8038,0,0,78,1153,968,109,1,0
laser,laser.txt,2309,2,6,3.481161,8038,0,0,72,1153,987,95,2,0
petar,petar.txt,2309,2,6,3.481161,8038,0,0,88,1119,1006,95,1,0
poire,poire.txt,2309,2,6,3.481161,8038,0,0,65,1176,962,104,2,0
shirt,shirt.txt,2309,1,6,3.481161,8038,1,1,74,1160,965,105,4,0
slept,slept.txt,2309,1,6,3.481161,8038,1,1,85,1134,983,103,3,0
smart,smart.txt,2309,1,6,3.481161,8038,1,1,79,1132,1004,91,2,0
spaer,spaer.txt,2309,2,6,3.481161,8038,0,0,74,1143,1002,87,3,0
throe,throe.txt,2309,2,6,3.481161,8038,0,0,88,1144,957,118,2,0
tiles,tiles.txt,2309,2,6,3.481161,8038,0,0,71,1156,983,98,1,0
tread,tread.txt,2309,1,6,3.481161,8038,1,1,82,1138,986,97,5,0
coles,coles.txt,2309,2,5,3.481594,8039,0,0,66,1168,972,103,0,0
grant,grant.txt,2309,1,6,3.481594,8039,1,1,73,1151,988,89,7,0
ramet,ramet.txt,2309,2,6,3.481594,8039,0,0,74,1137,1011,86,1,0
reans,reans.txt,2309,2,6,3.481594,8039,0,0,62,1174,975,95,3,0
sired,sired.txt,2309,2,6,3.481594,8039,0,0,71,1150,996,89,3,0
solan,solan.txt,2309,2,6,3.481594,8039,0,0,70,1159,980,98,2,0
toles,toles.txt,2309,2,6,3.481594,8039,0,0,67,1171,965,104,2,0
tribe,tribe.txt,2309,1,6,3.481594,8039,1,1,75,1144,990,98,1,0
carns,carns.txt,2309,2,5,3.482027,8040,0,0,73,1148,990,98,0,0
elint,elint.txt,2309,2,6,3.482027,8040,0,0,81,1147,972,105,4,0
naice,naice.txt,2309,2,6,3.482027,8040,0,0,62,1181,959,105,2,0
pilae,pilae.txt,2309,2,6,3.482027,8040,0,0,80,1141,987,97,4,0
retin,retin.txt,2309,2,6,3.482027,8040,0,0,84,1142,974,104,5,0
spirt,spirt.txt,2309,2,6,3.482027,8040,0,0,76,1148,986,94,5,0
triad,triad.txt,2309,1,6,3.482027,8040,1,1,84,1126,1002,91,5,0
arpen,arpen.txt,2309,2,5,3.48246,8041,0,0,73,1135,1015,86,0,0
brace,brace.txt,2309,1,6,3.48246,8041,1,1,80,1138,989,96,5,0
crust,crust.txt,2309,1,6,3.48246,8041,1,1,74,1154,972,106,2,0
renal,renal.txt,2309,1,5,3.48246,8041,1,1,81,1125,1007,95,0,0
rotal,rotal.txt,2309,2,6,3.48246,8041,0,0,84,1128,997,99,1,0
tians,tians.txt,2309,2,6,3.48246,8041,0,0,71,1149,994,94,1,0
tilde,tilde.txt,2309,1,6,3.48246,8041,1,1,70,1151,989,97,1,0
troad,troad.txt,2309,2,6,3.48246,8041,0,0,74,1155,975,102,3,0
arsed,arsed.txt,2309,2,6,3.482893,8042,0,0,70,1154,987,96,2,0
crime,crime.txt,2309,1,6,3.482893,8042,1,1,71,1153,984,96,4,0
doilt,doilt.txt,2309,2,6,3.482893,8042,0,0,76,1156,965,110,2,0
droit,droit.txt,2309,1,6,3.482893,8042,1,1,74,1163,954,114,3,0
horst,horst.txt,2309,2,6,3.482893,8042,0,0,82,1151,963,105,8,0
piert,piert.txt,2309,2,6,3.482893,8042,0,0,84,1134,984,106,1,0
piner,piner.txt,2309,2,6,3.482893,8042,0,0,79,1134,1001,92,3,0
sabre,sabre.txt,2309,2,6,3.482893,8042,0,0,60,1179,967,101,2,0
siled,siled.txt,2309,2,6,3.482893,8042,0,0,74,1150,985,96,4,0
slope,slope.txt,2309,1,6,3.482893,8042,1,1,81,1130,998,97,2,0
atone,atone.txt,2309,1,6,3.483326,8043,1,1,64,1167,974,101,2,0
claro,claro.txt,2309,2,6,3.483326,8043,0,0,78,1145,981,102,3,0
clipe,clipe.txt,2309,2,6,3.483326,8043,0,0,72,1146,998,89,4,0
piler,piler.txt,2309,2,6,3.483326,8043,0,0,78,1125,1019,86,1,0
spait,spait.txt,2309,2,6,3.483326,8043,0,0,76,1142,993,95,3,0
stain,stain.txt,2309,1,6,3.483326,8043,1,1,68,1158,980,100,2,0
terns,terns.txt,2309,2,6,3.483326,8043,0,0,61,1167,986,94,1,0
tiled,tiled.txt,2309,2,5,3.483326,8043,0,0,85,1122,1003,99,0,0
trios,trios.txt,2309,2,6,3.483326,8043,0,0,70,1162,973,99,5,0
diane,diane.txt,2309,2,6,3.483759,8044,0,0,77,1153,967,109,3,0
drest,drest.txt,2309,2,6,3.483759,8044,0,0,62,1164,989,92,2,0
padre,padre.txt,2309,2,5,3.483759,8044,0,0,74,1131,1017,87,0,0
rales,rales.txt,2309,2,6,3.483759,8044,0,0,70,1158,977,102,2,0
sated,sated.txt,2309,2,6,3.483759,8044,0,0,67,1153,996,91,2,0
slide,slide.txt,2309,1,6,3.483759,8044,1,1,63,1168,975,99,3,0
tolan,tolan.txt,2309,2,6,3.483759,8044,0,0,73,1151,984,97,4,0
toper,toper.txt,2309,2,6,3.483759,8044,0,0,71,1137,1015,85,1,0
curse,curse.txt,2309,1,6,3.484192,8045,1,1,78,1142,983,100,5,0
pried,pried.txt,2309,1,6,3.484192,8045,1,1,81,1126,1005,92,4,0
salue,salue.txt,2309,2,6,3.484192,8045,0,0,65,1172,968,97,7,0
shite,shite.txt,2309,2,6,3.484192,8045,0,0,83,1118,1016,91,1,0
adret,adret.txt,2309,2,6,3.484625,8046,0,0,77,1122,1028,78,4,0
clies,clies.txt,2309,2,6,3.484625,8046,0,0,73,1149,984,101,2,0
clits,clits.txt,2309,2,6,3.484625,8046,0,0,64,1160,988,96,1,0
coled,coled.txt,2309,2,6,3.484625,8046,0,0,66,1155,992,95,1,0
frate,frate.txt,2309,2,6,3.484625,8046,0,0,86,1106,1032,82,3,0
paint,paint.txt,2309,1,6,3.484625,8046,1,1,75,1145,981,106,1,0
sluit,sluit.txt,2309,2,6,3.484625,8046,0,0,71,1167,954,115,2,0
splat,splat.txt,2309,1,6,3.484625,8046,1,1,77,1128,1010,91,2,0
talcs,talcs.txt,2309,2,6,3.484625,8046,0,0,60,1156,1010,80,3,0
tamer,tamer.txt,2309,1,6,3.484625,8046,1,1,75,1128,1016,87,2,0
tapir,tapir.txt,2309,1,6,3.484625,8046,1,1,82,1117,1016,92,1,0
argle,argle.txt,2309,2,6,3.485058,8047,0,0,77,1142,986,101,3,0
boart,boart.txt,2309,2,6,3.485058,8047,0,0,81,1135,988,102,3,0
pleat,pleat.txt,2309,1,6,3.485058,8047,1,1,94,1102,1010,100,2,0
ploat,ploat.txt,2309,2,6,3.485058,8047,0,0,84,1135,977,112,1,0
prent,prent.txt,2309,2,6,3.485058,8047,0,0,74,1145,990,96,4,0
spiel,spiel.txt,2309,1,6,3.485058,8047,1,1,77,1128,1008,94,1,0
toled,toled.txt,2309,2,6,3.485058,8047,0,0,76,1127,1017,88,1,0
tones,tones.txt,2309,2,6,3.485058,8047,0,0,65,1158,989,95,2,0
tronc,tronc.txt,2309,2,5,3.485058,8047,0,0,60,1149,1020,80,0,0
clied,clied.txt,2309,2,6,3.485492,8048,0,0,79,1137,989,101,3,0
cruse,cruse.txt,2309,2,6,3.485492,8048,0,0,70,1159,973,103,4,0
glace,glace.txt,2309,2,6,3.485492,8048,0,0,71,1133,1019,85,1,0
ratos,ratos.txt,2309,2,6,3.485492,8048,0,0,75,1128,1019,84,3,0
soral,soral.txt,2309,2,6,3.485492,8048,0,0,66,1164,972,106,1,0
steal,steal.txt,2309,1,6,3.485492,8048,1,1,76,1131,1008,88,5,0
tapen,tapen.txt,2309,2,6,3.485492,8048,0,0,77,1132,1004,94,2,0
toras,toras.txt,2309,2,6,3.485492,8048,0,0,70,1147,998,89,5,0
trois,trois.txt,2309,2,6,3.485492,8048,0,0,71,1153,980,103,2,0
airts,airts.txt,2309,2,6,3.485925,8049,0,0,73,1142,997,93,4,0
baile,baile.txt,2309,2,6,3.485925,8049,0,0,80,1133,992,102,2,0
laned,laned.txt,2309,2,5,3.485925,8049,0,0,74,1122,1030,83,0,0
rails,rails.txt,2309,2,6,3.485925,8049,0,0,66,1158,983,101,1,0
rouet,rouet.txt,2309,2,6,3.485925,8049,0,0,69,1164,962,113,1,0
solar,solar.txt,2309,1,6,3.485925,8049,1,1,67,1161,970,109,1,0
beast,beast.txt,2309,1,6,3.486358,8050,1,1,72,1149,979,106,2,0
bract,bract.txt,2309,2,6,3.486358,8050,0,0,79,1129,1003,95,3,0
eland,eland.txt,2309,2,6,3.486358,8050,0,0,79,1120,1021,86,3,0
heist,heist.txt,2309,1,6,3.486358,8050,1,1,75,1140,989,101,3,0
leans,leans.txt,2309,2,6,3.486358,8050,0,0,70,1153,981,103,2,0
paten,paten.txt,2309,2,6,3.486358,8050,0,0,82,1125,1001,99,2,0
short,short.txt,2309,1,6,3.486358,8050,1,1,76,1160,950,115,7,0
tirls,tirls.txt,2309,2,6,3.486358,8050,0,0,62,1155,1000,91,1,0
canes,canes.txt,2309,2,6,3.486791,8051,0,0,65,1148,1006,87,3,0
crits,crits.txt,2309,2,6,3.486791,8051,0,0,63,1152,1003,89,2,0
cruel,cruel.txt,2309,1,6,3.486791,8051,1,1,70,1160,966,106,6,0
horse,horse.txt,2309,1,6,3.486791,8051,1,1,80,1143,967,115,3,0
laide,laide.txt,2309,2,6,3.486791,8051,0,0,64,1154,1000,85,6,0
manse,manse.txt,2309,2,6,3.486791,8051,0,0,65,1156,993,89,6,0
ploce,ploce.txt,2309,2,6,3.486791,8051,0,0,69,1140,1008,91,1,0
repat,repat.txt,2309,2,6,3.486791,8051,0,0,91,1101,1021,94,2,0
scone,scone.txt,2309,1,6,3.486791,8051,1,1,74,1143,989,95,7,0
arson,arson.txt,2309,1,6,3.487224,8052,1,1,74,1138,993,101,2,0
blart,blart.txt,2309,2,5,3.487224,8052,0,0,75,1127,1014,93,0,0
lacer,lacer.txt,2309,2,6,3.487224,8052,0,0,83,1124,999,100,3,0
lathe,lathe.txt,2309,1,6,3.487224,8052,1,1,69,1145,993,100,1,0
losen,losen.txt,2309,2,5,3.487224,8052,0,0,77,1127,1008,97,0,0
morse,morse.txt,2309,2,6,3.487224,8052,0,0,68,1160,971,108,2,0
paise,paise.txt,2309,2,6,3.487224,8052,0,0,79,1139,985,99,7,0
rathe,rathe.txt,2309,2,5,3.487224,8052,0,0,68,1155,979,107,0,0
roted,roted.txt,2309,2,6,3.487224,8052,0,0,81,1114,1023,90,1,0
sceat,sceat.txt,2309,2,6,3.487224,8052,0,0,66,1155,988,97,3,0
spelt,spelt.txt,2309,1,6,3.487224,8052,1,1,83,1125,991,108,1,0
teins,teins.txt,2309,2,6,3.487224,8052,0,0,69,1162,965,110,3,0
chare,chare.txt,2309,2,6,3.487657,8053,0,0,86,1135,967,118,3,0
claut,claut.txt,2309,2,6,3.487657,8053,0,0,67,1145,1003,92,2,0
laden,laden.txt,2309,1,5,3.487657,8053,1,1,75,1113,1037,83,0,0
lears,lears.txt,2309,2,6,3.487657,8053,0,0,69,1152,983,103,2,0
paler,paler.txt,2309,1,5,3.487657,8053,1,1,81,1125,995,107,0,0
poste,poste.txt,2309,2,5,3.487657,8053,0,0,73,1125,1023,88,0,0
roans,roans.txt,2309,2,5,3.487657,8053,0,0,67,1131,1029,82,0,0
ronts,ronts.txt,2309,2,6,3.487657,8053,0,0,64,1136,1029,79,1,0
spore,spore.txt,2309,1,6,3.487657,8053,1,1,69,1134,1017,84,4,0
tiros,tiros.txt,2309,2,6,3.487657,8053,0,0,67,1145,1003,92,2,0
toned,toned.txt,2309,2,5,3.487657,8053,0,0,75,1133,1001,100,0,0
trild,trild.txt,2309,2,6,3.487657,8053,0,0,73,1136,1005,91,4,0
artis,artis.txt,2309,2,6,3.48809,8054,0,0,70,1151,983,101,4,0
cires,cires.txt,2309,2,6,3.48809,8054,0,0,81,1129,992,105,2,0
coals,coals.txt,2309,2,6,3.48809,8054,0,0,74,1133,1006,93,3,0
crins,crins.txt,2309,2,6,3.48809,8054,0,0,51,1178,984,94,2,0
enact,enact.txt,2309,1,6,3.48809,8054,1,1,73,1143,984,106,2,0
loner,loner.txt,2309,2,6,3.48809,8054,0,0,68,1154,980,106,1,0
norie,norie.txt,2309,2,6,3.48809,8054,0,0,61,1163,985,97,3,0
noter,noter.txt,2309,2,5,3.48809,8054,0,0,73,1130,1012,94,0,0
padle,padle.txt,2309,2,5,3.48809,8054,0,0,74,1129,1011,95,0,0
risen,risen.txt,2309,1,5,3.48809,8054,1,1,76,1140,979,113,0,0
aster,aster.txt,2309,2,6,3.488523,8055,0,0,68,1130,1028,81,2,0
corns,corns.txt,2309,2,6,3.488523,8055,0,0,70,1133,1016,88,2,0
earls,earls.txt,2309,2,6,3.488523,8055,0,0,60,1164,986,95,4,0
niter,niter.txt,2309,2,6,3.488523,8055,0,0,70,1146,990,101,2,0
penal,penal.txt,2309,1,6,3.488523,8055,1,1,77,1124,1010,94,3,0
ploit,ploit.txt,2309,2,6,3.488523,8055,0,0,78,1128,1001,101,1,0
range,range.txt,2309,1,6,3.488523,8055,1,1,75,1124,1016,90,3,0
arced,arced.txt,2309,2,5,3.488956,8056,0,0,76,1115,1031,87,0,0
chart,chart.txt,2309,1,6,3.488956,8056,1,1,89,1118,983,117,1,0
petal,petal.txt,2309,1,6,3.488956,8056,1,1,84,1106,1023,93,2,0
recit,recit.txt,2309,2,6,3.488956,8056,0,0,78,1115,1027,87,2,0
rials,rials.txt,2309,2,6,3.488956,8056,0,0,64,1148,1003,92,2,0
riots,riots.txt,2309,2,5,3.488956,8056,0,0,68,1142,1001,98,0,0
tolas,tolas.txt,2309,2,6,3.488956,8056,0,0,78,1131,995,103,2,0
traps,traps.txt,2309,2,5,3.488956,8056,0,0,73,1136,998,102,0,0
brine,brine.txt,2309,1,6,3.489389,8057,1,1,73,1128,1011,94,2,0
cedar,cedar.txt,2309,1,6,3.489389,8057,1,1,79,1121,1006,101,1,0
certs,certs.txt,2309,2,6,3.489389,8057,0,0,66,1143,1009,86,5,0
crome,crome.txt,2309,2,6,3.489389,8057,0,0,70,1151,977,110,1,0
doter,doter.txt,2309,2,6,3.489389,8057,0,0,80,1118,1013,97,1,0
grist,grist.txt,2309,2,6,3.489389,8057,0,0,62,1161,985,96,5,0
labne,labne.txt,2309,2,6,3.489389,8057,0,0,75,1132,1002,97,3,0
licet,licet.txt,2309,2,6,3.489389,8057,0,0,74,1138,993,101,3,0
oilet,oilet.txt,2309,2,5,3.489389,8057,0,0,75,1141,981,112,0,0
poset,poset.txt,2309,2,5,3.489389,8057,0,0,75,1123,1017,94,0,0
rains,rains.txt,2309,2,6,3.489389,8057,0,0,63,1146,1008,91,1,0
seton,seton.txt,2309,2,6,3.489389,8057,0,0,77,1140,979,111,2,0
spire,spire.txt,2309,1,6,3.489389,8057,1,1,75,1152,959,118,4,0
stela,stela.txt,2309,2,6,3.489389,8057,0,0,69,1131,1022,84,3,0
suite,suite.txt,2309,1,6,3.489389,8057,1,1,81,1130,987,104,6,0
apert,apert.txt,2309,2,6,3.489822,8058,0,0,89,1103,1016,99,2,0
clipt,clipt.txt,2309,2,6,3.489822,8058,0,0,66,1142,1008,90,3,0
crept,crept.txt,2309,1,6,3.489822,8058,1,1,75,1133,997,98,5,0
earns,earns.txt,2309,2,6,3.489822,8058,0,0,63,1153,993,99,1,0
haole,haole.txt,2309,2,6,3.489822,8058,0,0,58,1154,1006,90,1,0
laird,laird.txt,2309,2,6,3.489822,8058,0,0,76,1137,987,107,2,0
loans,loans.txt,2309,2,6,3.489822,8058,0,0,65,1143,1007,93,1,0
parol,parol.txt,2309,2,6,3.489822,8058,0,0,74,1132,1003,98,2,0
saith,saith.txt,2309,2,6,3.489822,8058,0,0,69,1149,984,105,2,0
stoae,stoae.txt,2309,2,6,3.489822,8058,0,0,57,1178,965,104,5,0
thine,thine.txt,2309,2,6,3.489822,8058,0,0,81,1121,1005,99,3,0
anise,anise.txt,2309,2,6,3.490256,8059,0,0,81,1132,984,107,5,0
inlet,inlet.txt,2309,1,6,3.490256,8059,1,1,72,1124,1019,92,1,0
macle,macle.txt,2309,2,5,3.490256,8059,0,0,80,1112,1022,95,0,0
maire,maire.txt,2309,2,6,3.490256,8059,0,0,77,1142,976,109,5,0
meant,meant.txt,2309,1,6,3.490256,8059,1,1,72,1135,998,101,2,0
porae,porae.txt,2309,2,6,3.490256,8059,0,0,72,1142,988,105,2,0
riled,riled.txt,2309,2,6,3.490256,8059,0,0,91,1095,1025,96,2,0
samel,samel.txt,2309,2,6,3.490256,8059,0,0,66,1153,987,98,5,0
shire,shire.txt,2309,1,6,3.490256,8059,1,1,66,1161,964,115,2,0
solde,solde.txt,2309,2,6,3.490256,8059,0,0,62,1147,1008,90,2,0
soled,soled.txt,2309,2,5,3.490256,8059,0,0,63,1153,991,102,0,0
speat,speat.txt,2309,2,6,3.490256,8059,0,0,84,1110,1018,93,4,0
spine,spine.txt,2309,1,6,3.490256,8059,1,1,82,1118,1001,106,1,0
sture,sture.txt,2309,2,6,3.490256,8059,0,0,70,1137,1005,94,3,0
suint,suint.txt,2309,2,6,3.490256,8059,0,0,71,1144,988,103,3,0
tepal,tepal.txt,2309,2,6,3.490256,8059,0,0,89,1096,1028,95,1,0
torsi,torsi.txt,2309,2,6,3.490256,8059,0,0,61,1158,989,99,2,0
cadet,cadet.txt,2309,1,6,3.490689,8060,1,1,70,1125,1022,90,1,0
cants,cants.txt,2309,2,6,3.490689,8060,0,0,60,1150,1007,90,2,0
ceils,ceils.txt,2309,2,6,3.490689,8060,0,0,68,1143,997,99,2,0
court,court.txt,2309,1,6,3.490689,8060,1,1,72,1141,985,108,2,0
crons,crons.txt,2309,2,5,3.490689,8060,0,0,63,1138,1020,88,0,0
culet,culet.txt,2309,2,6,3.490689,8060,0,0,78,1130,994,104,3,0
eatin,eatin.txt,2309,2,6,3.490689,8060,0,0,77,1148,964,114,6,0
lores,lores.txt,2309,2,6,3.490689,8060,0,0,62,1154,993,98,2,0
snarl,snarl.txt,2309,1,6,3.490689,8060,1,1,63,1143,1008,92,2,0
sonde,sonde.txt,2309,2,6,3.490689,8060,0,0,68,1143,996,101,1,0
sport,sport.txt,2309,1,6,3.490689,8060,1,1,76,1115,1027,86,4,0
teary,teary.txt,2309,1,6,3.490689,8060,1,1,69,1148,981,107,3,0
borne,borne.txt,2309,1,6,3.491122,8061,1,1,75,1119,1020,91,3,0
cable,cable.txt,2309,1,6,3.491122,8061,1,1,73,1117,1029,87,2,0
caird,caird.txt,2309,2,6,3.491122,8061,0,0,78,1128,997,103,3,0
coils,coils.txt,2309,2,6,3.491122,8061,0,0,71,1144,985,107,2,0
lunet,lunet.txt,2309,2,6,3.491122,8061,0,0,81,1118,1007,101,2,0
nares,nares.txt,2309,2,6,3.491122,8061,0,0,66,1135,1017,90,1,0
prats,prats.txt,2309,2,5,3.491122,8061,0,0,75,1125,1009,100,0,0
racon,racon.txt,2309,2,6,3.491122,8061,0,0,87,1094,1036,91,1,0
sider,sider.txt,2309,2,6,3.491122,8061,0,0,77,1121,1013,96,2,0
dolie,dolie.txt,2309,2,6,3.491555,8062,0,0,79,1121,1007,99,3,0
droil,droil.txt,2309,2,6,3.491555,8062,0,0,66,1148,993,98,4,0
nails,nails.txt,2309,2,5,3.491555,8062,0,0,64,1151,989,105,0,0
piste,piste.txt,2309,2,6,3.491555,8062,0,0,75,1131,998,103,2,0
pride,pride.txt,2309,1,6,3.491555,8062,1,1,68,1142,995,99,4,0
redan,redan.txt,2309,2,6,3.491555,8062,0,0,80,1110,1024,94,1,0
salic,salic.txt,2309,2,5,3.491555,8062,0,0,60,1152,999,98,0,0
scail,scail.txt,2309,2,6,3.491555,8062,0,0,70,1141,992,105,1,0
scape,scape.txt,2309,2,6,3.491555,8062,0,0,77,1128,999,102,3,0
arnut,arnut.txt,2309,2,6,3.491988,8063,0,0,73,1141,987,102,6,0
curst,curst.txt,2309,2,6,3.491988,8063,0,0,74,1139,983,112,1,0
irone,irone.txt,2309,2,6,3.491988,8063,0,0,60,1156,992,99,2,0
lants,lants.txt,2309,2,6,3.491988,8063,0,0,69,1118,1040,81,1,0
ripen,ripen.txt,2309,1,6,3.491988,8063,1,1,69,1128,1019,88,4,0
sauce,sauce.txt,2309,1,6,3.491988,8063,1,1,59,1164,979,100,6,0
tarps,tarps.txt,2309,2,5,3.491988,8063,0,0,77,1122,1007,103,0,0
trend,trend.txt,2309,1,6,3.491988,8063,1,1,70,1140,991,104,3,0
triac,triac.txt,2309,2,6,3.491988,8063,0,0,69,1143,990,106,1,0
birle,birle.txt,2309,2,6,3.492421,8064,0,0,81,1096,1049,80,3,0
caper,caper.txt,2309,1,6,3.492421,8064,1,1,76,1107,1036,88,1,0
colin,colin.txt,2309,2,6,3.492421,8064,0,0,68,1135,1009,95,2,0
crias,crias.txt,2309,2,6,3.492421,8064,0,0,68,1145,991,101,4,0
dears,dears.txt,2309,2,6,3.492421,8064,0,0,68,1145,990,103,3,0
elain,elain.txt,2309,2,6,3.492421,8064,0,0,78,1137,977,113,4,0
lated,lated.txt,2309,2,5,3.492421,8064,0,0,78,1102,1043,86,0,0
mitre,mitre.txt,2309,2,6,3.492421,8064,0,0,79,1122,1001,106,1,0
olent,olent.txt,2309,2,6,3.492421,8064,0,0,68,1138,1004,96,3,0
pares,pares.txt,2309,2,6,3.492421,8064,0,0,74,1126,1009,98,2,0
recal,recal.txt,2309,2,6,3.492421,8064,0,0,85,1106,1018,96,4,0
steil,steil.txt,2309,2,6,3.492421,8064,0,0,75,1139,982,109,4,0
tuner,tuner.txt,2309,2,6,3.492421,8064,0,0,78,1117,1017,93,4,0
ceros,ceros.txt,2309,2,6,3.492854,8065,0,0,78,1115,1019,94,3,0
neals,neals.txt,2309,2,6,3.492854,8065,0,0,68,1143,992,104,2,0
stipe,stipe.txt,2309,2,6,3.492854,8065,0,0,72,1132,1005,95,5,0
stoln,stoln.txt,2309,2,6,3.492854,8065,0,0,64,1125,1040,78,2,0
tines,tines.txt,2309,2,6,3.492854,8065,0,0,66,1138,1007,97,1,0
tuple,tuple.txt,2309,2,6,3.492854,8065,0,0,81,1117,1006,102,3,0
cates,cates.txt,2309,2,6,3.493287,8066,0,0,63,1140,1012,92,2,0
cider,cider.txt,2309,1,6,3.493287,8066,1,1,80,1105,1027,94,2,0
drats,drats.txt,2309,2,6,3.493287,8066,0,0,62,1151,997,93,6,0
hance,hance.txt,2309,2,6,3.493287,8066,0,0,70,1135,1004,95,5,0
mante,mante.txt,2309,2,6,3.493287,8066,0,0,68,1144,992,100,5,0
naled,naled.txt,2309,2,5,3.493287,8066,0,0,75,1108,1038,88,0,0
prian,prian.txt,2309,2,6,3.493287,8066,0,0,71,1131,1006,99,2,0
proal,proal.txt,2309,2,6,3.493287,8066,0,0,70,1138,995,104,2,0
rased,rased.txt,2309,2,6,3.493287,8066,0,0,68,1136,1004,100,1,0
slaty,slaty.txt,2309,2,6,3.493287,8066,0,0,68,1126,1026,86,3,0
suent,suent.txt,2309,2,6,3.493287,8066,0,0,74,1152,956,124,3,0
ailed,ailed.txt,2309,2,6,3.49372,8067,0,0,82,1109,1015,102,1,0
arith,arith.txt,2309,2,6,3.49372,8067,0,0,68,1140,998,99,4,0
cabre,cabre.txt,2309,2,6,3.49372,8067,0,0,79,1115,1016,94,5,0
haste,haste.txt,2309,1,6,3.49372,8067,1,1,77,1117,1011,101,2,0
lader,lader.txt,2309,2,6,3.49372,8067,0,0,71,1133,1001,102,2,0
laics,laics.txt,2309,2,5,3.49372,8067,0,0,60,1146,1006,97,0,0
lotes,lotes.txt,2309,2,6,3.49372,8067,0,0,72,1135,995,104,3,0
morae,morae.txt,2309,2,6,3.49372,8067,0,0,75,1133,991,106,4,0
oater,oater.txt,2309,2,5,3.49372,8067,0,0,83,1106,1017,103,0,0
shore,shore.txt,2309,1,6,3.49372,8067,1,1,67,1157,961,121,2,0
tiers,tiers.txt,2309,2,6,3.49372,8067,0,0,69,1147,980,110,3,0
aired,aired.txt,2309,2,6,3.494153,8068,0,0,77,1125,999,105,3,0
brose,brose.txt,2309,2,6,3.494153,8068,0,0,65,1129,1028,83,4,0
deals,deals.txt,2309,2,6,3.494153,8068,0,0,76,1120,1011,100,2,0
liter,liter.txt,2309,2,6,3.494153,8068,0,0,81,1113,1010,103,2,0
loser,loser.txt,2309,1,6,3.494153,8068,1,1,65,1140,1000,101,2,0
panir,panir.txt,2309,2,6,3.494153,8068,0,0,81,1103,1030,93,2,0
realo,realo.txt,2309,2,6,3.494153,8068,0,0,63,1160,969,116,1,0
roles,roles.txt,2309,2,6,3.494153,8068,0,0,63,1143,1004,97,2,0
slaid,slaid.txt,2309,2,6,3.494153,8068,0,0,75,1121,1012,99,2,0
stade,stade.txt,2309,2,6,3.494153,8068,0,0,69,1129,1015,93,3,0
teind,teind.txt,2309,2,6,3.494153,8068,0,0,77,1115,1018,97,2,0
apter,apter.txt,2309,2,6,3.494586,8069,0,0,81,1100,1034,93,1,0
blist,blist.txt,2309,2,6,3.494586,8069,0,0,64,1139,1009,94,3,0
coder,coder.txt,2309,2,6,3.494586,8069,0,0,77,1112,1022,97,1,0
dores,dores.txt,2309,2,6,3.494586,8069,0,0,61,1134,1027,85,2,0
hater,hater.txt,2309,1,5,3.494586,8069,1,1,81,1110,1009,108,0,0
laers,laers.txt,2309,2,6,3.494586,8069,0,0,58,1158,989,101,3,0
neats,neats.txt,2309,2,6,3.494586,8069,0,0,61,1146,1003,97,2,0
parts,parts.txt,2309,2,5,3.494586,8069,0,0,76,1116,1016,101,0,0
plied,plied.txt,2309,1,5,3.494586,8069,1,1,74,1116,1018,100,0,0
potae,potae.txt,2309,2,6,3.494586,8069,0,0,65,1130,1023,89,2,0
preta,preta.txt,2309,2,6,3.494586,8069,0,0,83,1101,1028,94,3,0
snide,snide.txt,2309,1,6,3.494586,8069,1,1,77,1120,1005,102,4,0
spice,spice.txt,2309,1,6,3.494586,8069,1,1,76,1120,1007,102,3,0
blite,blite.txt,2309,2,6,3.495019,8070,0,0,78,1116,1013,98,4,0
clons,clons.txt,2309,2,6,3.495019,8070,0,0,65,1131,1020,91,2,0
cones,cones.txt,2309,2,6,3.495019,8070,0,0,70,1132,1004,100,3,0
cotan,cotan.txt,2309,2,6,3.495019,8070,0,0,82,1107,1019,97,4,0
liner,liner.txt,2309,1,6,3.495019,8070,1,1,76,1119,1006,106,1,0
pears,pears.txt,2309,2,6,3.495019,8070,0,0,75,1125,1003,103,3,0
raced,raced.txt,2309,2,6,3.495019,8070,0,0,72,1100,1060,76,1,0
taber,taber.txt,2309,2,6,3.495019,8070,0,0,79,1096,1048,84,2,0
taish,taish.txt,2309,2,6,3.495019,8070,0,0,68,1138,997,104,2,0
tased,tased.txt,2309,2,6,3.495019,8070,0,0,72,1111,1039,85,2,0
acone,acone.txt,2309,2,6,3.495453,8071,0,0,72,1112,1036,87,2,0
arils,arils.txt,2309,2,6,3.495453,8071,0,0,60,1147,1005,92,5,0
cadie,cadie.txt,2309,2,6,3.495453,8071,0,0,61,1164,968,111,5,0
coned,coned.txt,2309,2,6,3.495453,8071,0,0,70,1127,1012,98,2,0
crout,crout.txt,2309,2,6,3.495453,8071,0,0,71,1127,1010,98,3,0
dares,dares.txt,2309,2,6,3.495453,8071,0,0,62,1137,1016,92,2,0
grice,grice.txt,2309,2,6,3.495453,8071,0,0,64,1148,989,105,3,0
noise,noise.txt,2309,1,6,3.495453,8071,1,1,60,1161,973,109,5,0
oriel,oriel.txt,2309,2,6,3.495453,8071,0,0,58,1157,987,106,1,0
pilot,pilot.txt,2309,1,6,3.495453,8071,1,1,69,1141,983,113,2,0
riles,riles.txt,2309,2,6,3.495453,8071,0,0,74,1119,1016,98,2,0
rites,rites.txt,2309,2,6,3.495453,8071,0,0,75,1108,1035,89,2,0
shtar,shtar.txt,2309,2,6,3.495453,8071,0,0,64,1137,1010,96,2,0
snied,snied.txt,2309,2,6,3.495453,8071,0,0,83,1108,1013,101,4,0
stern,stern.txt,2309,1,6,3.495453,8071,1,1,73,1130,994,108,3,0
trued,trued.txt,2309,2,6,3.495453,8071,0,0,81,1112,1009,105,2,0
blaer,blaer.txt,2309,2,6,3.495886,8072,0,0,82,1100,1031,92,4,0
chase,chase.txt,2309,1,6,3.495886,8072,1,1,62,1160,967,115,4,0
chile,chile.txt,2309,2,6,3.495886,8072,0,0,71,1118,1026,92,2,0
dinar,dinar.txt,2309,2,6,3.495886,8072,0,0,88,1094,1025,98,4,0
feart,feart.txt,2309,2,6,3.495886,8072,0,0,91,1086,1031,98,3,0
gorse,gorse.txt,2309,2,6,3.495886,8072,0,0,67,1132,1009,100,1,0
mater,mater.txt,2309,2,6,3.495886,8072,0,0,86,1081,1055,85,2,0
morat,morat.txt,2309,2,6,3.495886,8072,0,0,90,1093,1018,107,1,0
morne,morne.txt,2309,2,6,3.495886,8072,0,0,73,1126,1008,96,6,0
ranis,ranis.txt,2309,2,6,3.495886,8072,0,0,70,1116,1032,90,1,0
rines,rines.txt,2309,2,5,3.495886,8072,0,0,71,1136,988,114,0,0
rotas,rotas.txt,2309,2,6,3.495886,8072,0,0,69,1122,1027,86,5,0
shote,shote.txt,2309,2,6,3.495886,8072,0,0,68,1139,994,105,3,0
sucre,sucre.txt,2309,2,6,3.495886,8072,0,0,76,1125,999,105,4,0
sutor,sutor.txt,2309,2,6,3.495886,8072,0,0,70,1131,1002,105,1,0
trues,trues.txt,2309,2,6,3.495886,8072,0,0,73,1125,1006,103,2,0
deair,deair.txt,2309,2,6,3.496319,8073,0,0,76,1128,992,109,4,0
hoast,hoast.txt,2309,2,6,3.496319,8073,0,0,65,1151,977,114,2,0
locie,locie.txt,2309,2,6,3.496319,8073,0,0,72,1123,1013,98,3,0
plies,plies.txt,2309,2,6,3.496319,8073,0,0,79,1105,1027,96,2,0
reoil,reoil.txt,2309,2,6,3.496319,8073,0,0,60,1142,1013,89,5,0
smite,smite.txt,2309,1,6,3.496319,8073,1,1,74,1126,997,108,3,0
snipe,snipe.txt,2309,1,6,3.496319,8073,1,1,80,1115,1000,111,2,0
urite,urite.txt,2309,2,6,3.496319,8073,0,0,75,1127,996,108,3,0
liard,liard.txt,2309,2,6,3.496752,8074,0,0,77,1119,1005,105,3,0
noser,noser.txt,2309,2,6,3.496752,8074,0,0,73,1120,1016,96,4,0
rotis,rotis.txt,2309,2,6,3.496752,8074,0,0,70,1121,1020,97,1,0
sager,sager.txt,2309,2,6,3.496752,8074,0,0,65,1141,997,103,3,0
scent,scent.txt,2309,1,6,3.496752,8074,1,1,62,1133,1017,94,2,0
sepal,sepal.txt,2309,2,6,3.496752,8074,0,0,86,1105,1007,107,4,0
sined,sined.txt,2309,2,6,3.496752,8074,0,0,82,1107,1014,103,3,0
stean,stean.txt,2309,2,6,3.496752,8074,0,0,70,1108,1048,80,3,0
telos,telos.txt,2309,2,6,3.496752,8074,0,0,67,1131,1011,97,3,0
those,those.txt,2309,1,6,3.496752,8074,1,1,76,1113,1016,100,3,0
touse,touse.txt,2309,2,6,3.496752,8074,0,0,66,1139,998,103,3,0
trads,trads.txt,2309,2,6,3.496752,8074,0,0,63,1135,1017,89,5,0
wrate,wrate.txt,2309,2,6,3.496752,8074,0,0,80,1121,993,111,4,0
clime,clime.txt,2309,2,6,3.497185,8075,0,0,70,1113,1037,86,3,0
grise,grise.txt,2309,2,6,3.497185,8075,0,0,71,1134,993,107,4,0
loran,loran.txt,2309,2,6,3.497185,8075,0,0,85,1104,1010,107,3,0
neral,neral.txt,2309,2,6,3.497185,8075,0,0,75,1123,1001,108,2,0
rouse,rouse.txt,2309,1,6,3.497185,8075,1,1,65,1139,995,107,2,0
ruote,ruote.txt,2309,2,6,3.497185,8075,0,0,70,1134,994,109,2,0
strep,strep.txt,2309,2,6,3.497185,8075,0,0,76,1104,1036,91,2,0
aport,aport.txt,2309,2,6,3.497618,8076,0,0,74,1118,1013,102,2,0
chant,chant.txt,2309,1,6,3.497618,8076,1,1,72,1117,1018,98,3,0
copse,copse.txt,2309,1,6,3.497618,8076,1,1,66,1113,1042,86,1,0
coure,coure.txt,2309,2,6,3.497618,8076,0,0,77,1129,984,115,4,0
dries,dries.txt,2309,2,6,3.497618,8076,0,0,69,1129,1005,105,1,0
groat,groat.txt,2309,2,6,3.497618,8076,0,0,67,1142,986,112,2,0
grone,grone.txt,2309,2,6,3.497618,8076,0,0,70,1125,1013,97,4,0
peril,peril.txt,2309,1,6,3.497618,8076,1,1,76,1109,1021,100,2,0
plain,plain.txt,2309,1,6,3.497618,8076,1,1,76,1108,1024,97,3,0
poler,poler.txt,2309,2,6,3.497618,8076,0,0,65,1123,1029,91,1,0
races,races.txt,2309,2,5,3.497618,8076,0,0,67,1131,1006,105,0,0
sarod,sarod.txt,2309,2,6,3.497618,8076,0,0,67,1136,1001,100,5,0
slime,slime.txt,2309,1,6,3.497618,8076,1,1,69,1127,1006,104,2,0
birse,birse.txt,2309,2,6,3.498051,8077,0,0,75,1119,1010,100,5,0
camel,camel.txt,2309,1,6,3.498051,8077,1,1,64,1138,997,108,1,0
dales,dales.txt,2309,2,5,3.498051,8077,0,0,75,1106,1031,97,0,0
datil,datil.txt,2309,2,6,3.498051,8077,0,0,85,1102,1010,111,1,0
doser,doser.txt,2309,2,6,3.498051,8077,0,0,65,1121,1034,86,3,0
grade,grade.txt,2309,1,6,3.498051,8077,1,1,81,1100,1023,102,2,0
lites,lites.txt,2309,2,6,3.498051,8077,0,0,69,1124,1015,99,2,0
maist,maist.txt,2309,2,6,3.498051,8077,0,0,72,1123,1007,106,1,0
pared,pared.txt,2309,2,5,3.498051,8077,0,0,78,1100,1034,97,0,0
peats,peats.txt,2309,2,6,3.498051,8077,0,0,76,1107,1029,94,3,0
prial,prial.txt,2309,2,6,3.498051,8077,0,0,73,1130,992,111,3,0
runce,runce.txt,2309,2,6,3.498051,8077,0,0,80,1103,1024,100,2,0
shier,shier.txt,2309,2,6,3.498051,8077,0,0,73,1139,972,124,1,0
torah,torah.txt,2309,2,6,3.498051,8077,0,0,83,1112,997,115,2,0
alure,alure.txt,2309,2,6,3.498484,8078,0,0,66,1139,993,109,2,0
blore,blore.txt,2309,2,6,3.498484,8078,0,0,74,1108,1031,94,2,0
brise,brise.txt,2309,2,6,3.498484,8078,0,0,71,1131,997,105,5,0
cains,cains.txt,2309,2,5,3.498484,8078,0,0,68,1132,999,110,0,0
chore,chore.txt,2309,1,6,3.498484,8078,1,1,68,1143,977,116,4,0
cirls,cirls.txt,2309,2,6,3.498484,8078,0,0,65,1127,1019,97,1,0
farse,farse.txt,2309,2,6,3.498484,8078,0,0,68,1115,1035,89,2,0
great,great.txt,2309,1,6,3.498484,8078,1,1,69,1136,989,109,5,0
haint,haint.txt,2309,2,6,3.498484,8078,0,0,72,1118,1017,100,2,0
haler,haler.txt,2309,2,6,3.498484,8078,0,0,76,1112,1018,100,3,0
large,large.txt,2309,1,6,3.498484,8078,1,1,79,1113,1004,108,4,0
moile,moile.txt,2309,2,5,3.498484,8078,0,0,74,1120,1005,110,0,0
pails,pails.txt,2309,2,6,3.498484,8078,0,0,68,1128,1008,104,1,0
plats,plats.txt,2309,2,6,3.498484,8078,0,0,76,1098,1045,88,2,0
radon,radon.txt,2309,2,6,3.498484,8078,0,0,82,1089,1045,91,2,0
raith,raith.txt,2309,2,6,3.498484,8078,0,0,77,1110,1018,102,2,0
resto,resto.txt,2309,2,6,3.498484,8078,0,0,71,1119,1017,101,1,0
route,route.txt,2309,1,6,3.498484,8078,1,1,64,1144,984,115,1,0
salop,salop.txt,2309,2,6,3.498484,8078,0,0,75,1118,1010,102,4,0
telia,telia.txt,2309,2,6,3.498484,8078,0,0,75,1129,986,117,2,0
altos,altos.txt,2309,2,6,3.498917,8079,0,0,77,1116,1006,107,3,0
coper,coper.txt,2309,2,6,3.498917,8079,0,0,73,1120,1009,105,2,0
dault,dault.txt,2309,2,6,3.498917,8079,0,0,74,1102,1042,89,2,0
doest,doest.txt,2309,2,6,3.498917,8079,0,0,68,1129,1007,102,3,0
gilet,gilet.txt,2309,2,6,3.498917,8079,0,0,80,1107,1014,106,2,0
monte,monte.txt,2309,2,5,3.498917,8079,0,0,80,1088,1050,91,0,0
nears,nears.txt,2309,2,6,3.498917,8079,0,0,62,1139,1006,98,4,0
ramen,ramen.txt,2309,1,6,3.498917,8079,1,1,72,1117,1013,105,1,0
ranid,ranid.txt,2309,2,6,3.498917,8079,0,0,83,1099,1021,104,2,0
realm,realm.txt,2309,1,6,3.498917,8079,1,1,77,1108,1017,104,2,0
roble,roble.txt,2309,2,6,3.498917,8079,0,0,68,1117,1029,94,1,0
rotls,rotls.txt,2309,2,6,3.498917,8079,0,0,58,1130,1034,85,2,0
cital,cital.txt,2309,2,5,3.49935,8080,0,0,67,1139,986,117,0,0
coden,coden.txt,2309,2,6,3.49935,8080,0,0,71,1113,1028,95,2,0
pince,pince.txt,2309,2,6,3.49935,8080,0,0,75,1110,1021,102,1,0
shine,shine.txt,2309,1,6,3.49935,8080,1,1,76,1115,1004,112,1,0
smile,smile.txt,2309,1,6,3.49935,8080,1,1,71,1116,1018,101,2,0
taces,taces.txt,2309,2,6,3.49935,8080,0,0,57,1138,1020,92,2,0
borel,borel.txt,2309,2,6,3.499783,8081,0,0,79,1095,1039,94,2,0
calos,calos.txt,2309,2,6,3.499783,8081,0,0,73,1119,1010,104,3,0
coapt,coapt.txt,2309,2,5,3.499783,8081,0,0,75,1101,1037,96,0,0
cuter,cuter.txt,2309,2,6,3.499783,8081,0,0,84,1100,1015,107,3,0
diact,diact.txt,2309,2,6,3.499783,8081,0,0,74,1107,1031,94,3,0
eruct,eruct.txt,2309,2,6,3.499783,8081,0,0,81,1105,1012,110,1,0
lited,lited.txt,2309,2,6,3.499783,8081,0,0,77,1105,1024,102,1,0
merit,merit.txt,2309,1,6,3.499783,8081,1,1,82,1097,1022,105,2,0
pales,pales.txt,2309,2,6,3.499783,8081,0,0,73,1116,1018,97,5,0
peals,peals.txt,2309,2,6,3.499783,8081,0,0,87,1094,1018,107,3,0
ponce,ponce.txt,2309,2,6,3.499783,8081,0,0,72,1121,1010,102,4,0
repot,repot.txt,2309,2,6,3.499783,8081,0,0,72,1114,1021,101,1,0
satem,satem.txt,2309,2,6,3.499783,8081,0,0,74,1116,1011,107,1,0
segar,segar.txt,2309,2,6,3.499783,8081,0,0,64,1133,1009,100,3,0
sithe,sithe.txt,2309,2,6,3.499783,8081,0,0,62,1129,1021,96,1,0
terai,terai.txt,2309,2,6,3.499783,8081,0,0,65,1135,1002,104,3,0
tined,tined.txt,2309,2,6,3.499783,8081,0,0,78,1105,1022,102,2,0
airns,airns.txt,2309,2,6,3.500217,8082,0,0,60,1140,1005,102,2,0
celts,celts.txt,2309,2,6,3.500217,8082,0,0,65,1115,1040,87,2,0
grail,grail.txt,2309,1,6,3.500217,8082,1,1,82,1084,1047,93,2,0
griot,griot.txt,2309,2,6,3.500217,8082,0,0,69,1127,1005,105,3,0
manet,manet.txt,2309,2,6,3.500217,8082,0,0,75,1117,1006,109,2,0
nates,nates.txt,2309,2,6,3.500217,8082,0,0,61,1132,1020,92,4,0
reins,reins.txt,2309,2,6,3.500217,8082,0,0,64,1137,999,107,2,0
salty,salty.txt,2309,1,6,3.500217,8082,1,1,75,1105,1027,98,3,0
sapor,sapor.txt,2309,2,6,3.500217,8082,0,0,75,1107,1026,99,2,0
stria,stria.txt,2309,2,6,3.500217,8082,0,0,71,1129,996,109,4,0
baste,baste.txt,2309,1,6,3.50065,8083,1,1,72,1114,1018,100,4,0
calid,calid.txt,2309,2,5,3.50065,8083,0,0,70,1117,1018,104,0,0
clasp,clasp.txt,2309,1,6,3.50065,8083,1,1,71,1115,1016,105,1,0
coble,coble.txt,2309,2,6,3.50065,8083,0,0,67,1127,1009,104,2,0
corbe,corbe.txt,2309,2,6,3.50065,8083,0,0,68,1126,1008,105,2,0
loden,loden.txt,2309,2,6,3.50065,8083,0,0,76,1103,1029,100,1,0
plein,plein.txt,2309,2,6,3.50065,8083,0,0,78,1106,1019,103,3,0
rents,rents.txt,2309,2,6,3.50065,8083,0,0,60,1133,1018,96,2,0
aloes,aloes.txt,2309,2,6,3.501083,8084,0,0,63,1130,1013,102,1,0
ciels,ciels.txt,2309,2,6,3.501083,8084,0,0,72,1129,988,119,1,0
elans,elans.txt,2309,2,6,3.501083,8084,0,0,64,1133,1006,103,3,0
lined,lined.txt,2309,2,6,3.501083,8084,0,0,74,1105,1030,99,1,0
nital,nital.txt,2309,2,6,3.501083,8084,0,0,68,1128,1002,110,1,0
poise,poise.txt,2309,1,6,3.501083,8084,1,1,72,1116,1011,107,2,0
polar,polar.txt,2309,1,5,3.501083,8084,1,1,73,1103,1032,100,0,0
pores,pores.txt,2309,2,6,3.501083,8084,0,0,70,1111,1032,93,3,0
saber,saber.txt,2309,2,6,3.501083,8084,0,0,67,1117,1029,93,3,0
shiel,shiel.txt,2309,2,6,3.501083,8084,0,0,70,1135,984,117,3,0
sited,sited.txt,2309,2,6,3.501083,8084,0,0,77,1107,1018,105,2,0
sloth,sloth.txt,2309,1,6,3.501083,8084,1,1,67,1131,998,108,4,0
snath,snath.txt,2309,2,6,3.501083,8084,0,0,60,1139,1005,103,2,0
spail,spail.txt,2309,2,6,3.501083,8084,0,0,73,1118,1007,110,1,0
spear,spear.txt,2309,1,6,3.501083,8084,1,1,73,1111,1019,102,3,0
spent,spent.txt,2309,1,6,3.501083,8084,1,1,76,1103,1025,102,2,0
spier,spier.txt,2309,2,6,3.501083,8084,0,0,83,1110,994,120,2,0
stein,stein.txt,2309,1,6,3.501083,8084,1,1,76,1119,994,116,3,0
tards,tards.txt,2309,2,6,3.501083,8084,0,0,63,1120,1034,90,2,0
trapo,trapo.txt,2309,2,6,3.501083,8084,0,0,69,1121,1013,105,1,0
aider,aider.txt,2309,1,6,3.501516,8085,1,1,73,1116,1008,108,3,0
arnis,arnis.txt,2309,2,6,3.501516,8085,0,0,61,1135,1009,102,2,0
curat,curat.txt,2309,2,6,3.501516,8085,0,0,73,1120,1003,111,2,0
lotas,lotas.txt,2309,2,6,3.501516,8085,0,0,73,1104,1036,93,3,0
pored,pored.txt,2309,2,6,3.501516,8085,0,0,67,1120,1021,99,2,0
purse,purse.txt,2309,1,6,3.501516,8085,1,1,81,1108,1005,106,8,0
roils,roils.txt,2309,2,6,3.501516,8085,0,0,62,1137,1001,108,1,0
stope,stope.txt,2309,2,6,3.501516,8085,0,0,69,1116,1025,95,4,0
trips,trips.txt,2309,2,6,3.501516,8085,0,0,69,1119,1021,94,6,0
urase,urase.txt,2309,2,6,3.501516,8085,0,0,56,1157,983,108,5,0
boast,boast.txt,2309,1,6,3.501949,8086,1,1,68,1126,1002,109,3,0
caneh,caneh.txt,2309,2,6,3.501949,8086,0,0,71,1115,1018,103,2,0
crisp,crisp.txt,2309,1,6,3.501949,8086,1,1,59,1130,1023,91,5,0
larns,larns.txt,2309,2,6,3.501949,8086,0,0,60,1124,1033,90,2,0
lotsa,lotsa.txt,2309,2,6,3.501949,8086,0,0,67,1116,1029,94,3,0
madre,madre.txt,2309,2,6,3.501949,8086,0,0,72,1109,1026,101,1,0
noles,noles.txt,2309,2,5,3.501949,8086,0,0,65,1118,1028,98,0,0
pagle,pagle.txt,2309,2,6,3.501949,8086,0,0,70,1106,1038,94,1,0
plage,plage.txt,2309,2,6,3.501949,8086,0,0,70,1107,1037,93,2,0
rayne,rayne.txt,2309,2,6,3.501949,8086,0,0,55,1143,1009,101,1,0
resol,resol.txt,2309,2,6,3.501949,8086,0,0,59,1131,1022,95,2,0
roins,roins.txt,2309,2,6,3.501949,8086,0,0,65,1134,997,112,1,0
ruice,ruice.txt,2309,2,6,3.501949,8086,0,0,70,1118,1014,106,1,0
senti,senti.txt,2309,2,6,3.501949,8086,0,0,62,1152,973,118,4,0
shoat,shoat.txt,2309,2,6,3.501949,8086,0,0,59,1152,981,114,3,0
sloid,sloid.txt,2309,2,6,3.501949,8086,0,0,67,1126,1009,104,3,0
acoel,acoel.txt,2309,2,6,3.502382,8087,0,0,59,1129,1025,94,2,0
anils,anils.txt,2309,2,5,3.502382,8087,0,0,64,1127,1012,106,0,0
bolet,bolet.txt,2309,2,6,3.502382,8087,0,0,81,1096,1024,107,1,0
eorls,eorls.txt,2309,2,6,3.502382,8087,0,0,58,1140,1006,103,2,0
honer,honer.txt,2309,2,6,3.502382,8087,0,0,74,1108,1021,105,1,0
loipe,loipe.txt,2309,2,6,3.502382,8087,0,0,67,1129,1000,112,1,0
meint,meint.txt,2309,2,6,3.502382,8087,0,0,80,1097,1026,104,2,0
moire,moire.txt,2309,2,6,3.502382,8087,0,0,69,1123,1007,108,2,0
moist,moist.txt,2309,1,6,3.502382,8087,1,1,72,1111,1022,97,6,0
nipet,nipet.txt,2309,2,6,3.502382,8087,0,0,76,1096,1041,93,3,0
oaten,oaten.txt,2309,2,6,3.502382,8087,0,0,81,1096,1024,107,1,0
patin,patin.txt,2309,2,6,3.502382,8087,0,0,81,1099,1019,108,2,0
roule,roule.txt,2309,2,5,3.502382,8087,0,0,64,1119,1028,98,0,0
samen,samen.txt,2309,2,6,3.502382,8087,0,0,71,1105,1037,94,2,0
sayer,sayer.txt,2309,2,6,3.502382,8087,0,0,57,1129,1031,90,2,0
tapes,tapes.txt,2309,2,6,3.502382,8087,0,0,66,1110,1044,85,4,0
artsy,artsy.txt,2309,1,6,3.502815,8088,1,1,48,1140,1031,87,2,0
lairs,lairs.txt,2309,2,6,3.502815,8088,0,0,63,1133,1006,103,4,0
laith,laith.txt,2309,2,6,3.502815,8088,0,0,62,1135,1002,109,1,0
morel,morel.txt,2309,2,6,3.502815,8088,0,0,67,1120,1019,100,3,0
paled,paled.txt,2309,2,5,3.502815,8088,0,0,78,1087,1049,95,0,0
rosed,rosed.txt,2309,2,6,3.502815,8088,0,0,64,1109,1049,85,2,0
sayne,sayne.txt,2309,2,6,3.502815,8088,0,0,59,1135,1012,101,2,0
scran,scran.txt,2309,2,5,3.502815,8088,0,0,62,1122,1027,98,0,0
shear,shear.txt,2309,1,6,3.502815,8088,1,1,68,1137,976,126,1,0
shone,shone.txt,2309,1,6,3.502815,8088,1,1,70,1134,982,115,7,0
smore,smore.txt,2309,2,6,3.502815,8088,0,0,62,1135,1003,107,2,0
clots,clots.txt,2309,2,6,3.503248,8089,0,0,64,1111,1044,88,2,0
dulse,dulse.txt,2309,2,6,3.503248,8089,0,0,69,1118,1017,101,4,0
glair,glair.txt,2309,2,6,3.503248,8089,0,0,77,1082,1062,87,1,0
grain,grain.txt,2309,1,6,3.503248,8089,1,1,81,1100,1015,106,6,0
hiant,hiant.txt,2309,2,6,3.503248,8089,0,0,71,1125,995,116,2,0
manie,manie.txt,2309,2,6,3.503248,8089,0,0,73,1124,992,117,3,0
nurse,nurse.txt,2309,1,6,3.503248,8089,1,1,69,1115,1019,101,4,0
plute,plute.txt,2309,2,6,3.503248,8089,0,0,78,1113,998,118,2,0
poral,poral.txt,2309,2,5,3.503248,8089,0,0,77,1101,1023,108,0,0
prune,prune.txt,2309,1,6,3.503248,8089,1,1,78,1096,1028,104,2,0
rhine,rhine.txt,2309,2,6,3.503248,8089,0,0,70,1135,981,118,5,0
selah,selah.txt,2309,2,6,3.503248,8089,0,0,73,1130,984,115,7,0
sharn,sharn.txt,2309,2,6,3.503248,8089,0,0,67,1132,994,113,3,0
smote,smote.txt,2309,1,6,3.503248,8089,1,1,64,1122,1019,100,3,0
toric,toric.txt,2309,2,5,3.503248,8089,0,0,62,1122,1026,99,0,0
adore,adore.txt,2309,1,6,3.503681,8090,1,1,69,1107,1033,96,3,0
aesir,aesir.txt,2309,2,6,3.503681,8090,0,0,68,1125,1003,111,2,0
ahent,ahent.txt,2309,2,6,3.503681,8090,0,0,69,1109,1032,97,2,0
alecs,alecs.txt,2309,2,6,3.503681,8090,0,0,68,1110,1034,94,3,0
aloed,aloed.txt,2309,2,6,3.503681,8090,0,0,67,1123,1011,105,3,0
astir,astir.txt,2309,2,6,3.503681,8090,0,0,68,1105,1044,89,3,0
colts,colts.txt,2309,2,6,3.503681,8090,0,0,64,1106,1053,84,2,0
feast,feast.txt,2309,1,6,3.503681,8090,1,1,76,1094,1040,93,5,0
flane,flane.txt,2309,2,6,3.503681,8090,0,0,79,1088,1044,96,2,0
hoist,hoist.txt,2309,1,6,3.503681,8090,1,1,61,1146,978,121,2,0
inset,inset.txt,2309,2,6,3.503681,8090,0,0,79,1100,1021,106,3,0
irade,irade.txt,2309,2,6,3.503681,8090,0,0,72,1116,1010,108,3,0
orans,orans.txt,2309,2,6,3.503681,8090,0,0,62,1122,1026,98,1,0
paned,paned.txt,2309,2,6,3.503681,8090,0,0,76,1091,1046,95,1,0
point,point.txt,2309,1,6,3.503681,8090,1,1,73,1105,1024,104,2,0
pries,pries.txt,2309,2,6,3.503681,8090,0,0,77,1117,992,121,2,0
scorn,scorn.txt,2309,1,6,3.503681,8090,1,1,64,1100,1060,83,1,0
scute,scute.txt,2309,2,6,3.503681,8090,0,0,66,1112,1035,94,2,0
thorn,thorn.txt,2309,1,6,3.503681,8090,1,1,74,1102,1026,105,1,0
tinea,tinea.txt,2309,2,6,3.503681,8090,0,0,74,1111,1015,105,4,0
urent,urent.txt,2309,2,6,3.503681,8090,0,0,69,1126,1000,110,4,0
aloin,aloin.txt,2309,2,6,3.504114,8091,0,0,81,1106,1003,115,4,0
coats,coats.txt,2309,2,6,3.504114,8091,0,0,61,1139,997,108,4,0
crios,crios.txt,2309,2,6,3.504114,8091,0,0,59,1141,998,108,3,0
darns,darns.txt,2309,2,6,3.504114,8091,0,0,66,1117,1025,98,3,0
dript,dript.txt,2309,2,6,3.504114,8091,0,0,75,1110,1013,107,4,0
druse,druse.txt,2309,2,6,3.504114,8091,0,0,64,1124,1018,99,4,0
earth,earth.txt,2309,1,6,3.504114,8091,1,1,90,1083,1016,117,2,0
moste,moste.txt,2309,2,6,3.504114,8091,0,0,66,1117,1025,98,3,0
pacer,pacer.txt,2309,2,6,3.504114,8091,0,0,74,1100,1033,101,1,0
resin,resin.txt,2309,1,6,3.504114,8091,1,1,83,1093,1017,113,2,0
shoer,shoer.txt,2309,2,6,3.504114,8091,0,0,76,1116,996,119,2,0
sield,sield.txt,2309,2,6,3.504114,8091,0,0,68,1118,1018,101,4,0
teach,teach.txt,2309,1,6,3.504114,8091,1,1,79,1110,998,116,5,0
trams,trams.txt,2309,2,6,3.504114,8091,0,0,67,1110,1036,93,3,0
argot,argot.txt,2309,2,6,3.504547,8092,0,0,78,1110,1003,114,4,0
brent,brent.txt,2309,2,6,3.504547,8092,0,0,70,1114,1020,100,5,0
darts,darts.txt,2309,2,6,3.504547,8092,0,0,61,1120,1032,94,2,0
gater,gater.txt,2309,2,6,3.504547,8092,0,0,72,1098,1042,96,1,0
lines,lines.txt,2309,2,5,3.504547,8092,0,0,61,1123,1024,101,0,0
lions,lions.txt,2309,2,6,3.504547,8092,0,0,63,1121,1024,99,2,0
loins,loins.txt,2309,2,6,3.504547,8092,0,0,66,1111,1035,95,2,0
pates,pates.txt,2309,2,6,3.504547,8092,0,0,68,1105,1043,89,4,0
rouen,rouen.txt,2309,2,5,3.504547,8092,0,0,66,1119,1017,107,0,0
smelt,smelt.txt,2309,1,6,3.504547,8092,1,1,72,1111,1013,110,2,0
canto,canto.txt,2309,2,6,3.504981,8093,0,0,71,1114,1013,109,2,0
draco,draco.txt,2309,2,6,3.504981,8093,0,0,71,1101,1041,92,4,0
false,false.txt,2309,1,6,3.504981,8093,1,1,70,1095,1052,87,4,0
frist,frist.txt,2309,2,6,3.504981,8093,0,0,79,1091,1036,100,3,0
grape,grape.txt,2309,1,6,3.504981,8093,1,1,70,1108,1025,102,3,0
ordie,ordie.txt,2309,2,6,3.504981,8093,0,0,68,1120,1011,107,3,0
poser,poser.txt,2309,1,6,3.504981,8093,1,1,73,1091,1049,93,2,0
reach,reach.txt,2309,1,6,3.504981,8093,1,1,77,1104,1015,106,6,0
reads,reads.txt,2309,2,6,3.504981,8093,0,0,66,1120,1015,107,1,0
stand,stand.txt,2309,1,6,3.504981,8093,1,1,60,1117,1035,95,1,0
telco,telco.txt,2309,2,6,3.504981,8093,0,0,65,1119,1020,104,1,0
trags,trags.txt,2309,2,6,3.504981,8093,0,0,60,1115,1044,88,2,0
antes,antes.txt,2309,2,6,3.505414,8094,0,0,67,1109,1037,91,5,0
cesta,cesta.txt,2309,2,6,3.505414,8094,0,0,64,1107,1046,91,1,0
coirs,coirs.txt,2309,2,6,3.505414,8094,0,0,61,1139,992,115,2,0
cotes,cotes.txt,2309,2,6,3.505414,8094,0,0,64,1115,1031,97,2,0
deans,deans.txt,2309,2,6,3.505414,8094,0,0,73,1109,1018,105,4,0
dicer,dicer.txt,2309,2,6,3.505414,8094,0,0,82,1081,1045,99,2,0
farle,farle.txt,2309,2,6,3.505414,8094,0,0,74,1082,1066,86,1,0
geist,geist.txt,2309,2,6,3.505414,8094,0,0,74,1120,995,114,6,0
glade,glade.txt,2309,1,6,3.505414,8094,1,1,76,1079,1065,84,4,0
leash,leash.txt,2309,1,6,3.505414,8094,1,1,72,1112,1013,105,6,0
narco,narco.txt,2309,2,6,3.505414,8094,0,0,73,1096,1042,96,2,0
nerol,nerol.txt,2309,2,6,3.505414,8094,0,0,73,1108,1019,106,3,0
notal,notal.txt,2309,2,6,3.505414,8094,0,0,72,1099,1040,95,3,0
onset,onset.txt,2309,1,6,3.505414,8094,1,1,70,1123,993,120,2,0
satyr,satyr.txt,2309,1,6,3.505414,8094,1,1,44,1136,1044,83,1,0
sedan,sedan.txt,2309,1,6,3.505414,8094,1,1,67,1122,1005,111,3,0
souct,souct.txt,2309,2,6,3.505414,8094,0,0,67,1122,1008,110,2,0
timer,timer.txt,2309,1,6,3.505414,8094,1,1,78,1099,1016,114,1,0
torch,torch.txt,2309,1,6,3.505414,8094,1,1,75,1089,1047,94,3,0
tsade,tsade.txt,2309,2,6,3.505414,8094,0,0,71,1100,1041,94,3,0
tules,tules.txt,2309,2,6,3.505414,8094,0,0,67,1123,1008,107,4,0
ahole,ahole.txt,2309,2,6,3.505847,8095,0,0,57,1125,1032,92,3,0
anted,anted.txt,2309,2,5,3.505847,8095,0,0,77,1080,1059,93,0,0
clept,clept.txt,2309,2,6,3.505847,8095,0,0,66,1115,1023,104,1,0
crash,crash.txt,2309,1,6,3.505847,8095,1,1,59,1119,1036,89,5,0
dotal,dotal.txt,2309,2,6,3.505847,8095,0,0,84,1082,1036,105,2,0
islet,islet.txt,2309,1,6,3.505847,8095,1,1,72,1104,1024,106,2,0
lased,lased.txt,2309,2,5,3.505847,8095,0,0,66,1108,1036,99,0,0
maerl,maerl.txt,2309,2,6,3.505847,8095,0,0,72,1110,1017,107,3,0
olden,olden.txt,2309,1,6,3.505847,8095,1,1,70,1099,1039,99,1,0
perts,perts.txt,2309,2,6,3.505847,8095,0,0,70,1092,1058,87,2,0
phare,phare.txt,2309,2,6,3.505847,8095,0,0,77,1104,1012,115,1,0
retip,retip.txt,2309,2,6,3.505847,8095,0,0,77,1094,1033,103,2,0
ringe,ringe.txt,2309,2,6,3.505847,8095,0,0,72,1113,1011,110,3,0
smolt,smolt.txt,2309,2,6,3.505847,8095,0,0,64,1113,1036,92,4,0
tansy,tansy.txt,2309,2,6,3.505847,8095,0,0,67,1104,1042,95,1,0
thars,thars.txt,2309,2,6,3.505847,8095,0,0,65,1120,1016,107,1,0
acorn,acorn.txt,2309,1,6,3.50628,8096,1,1,78,1093,1029,104,4,0
coits,coits.txt,2309,2,6,3.50628,8096,0,0,61,1122,1023,102,1,0
genal,genal.txt,2309,2,6,3.50628,8096,0,0,81,1083,1043,99,3,0
intel,intel.txt,2309,2,6,3.50628,8096,0,0,76,1092,1039,100,2,0
narcs,narcs.txt,2309,2,5,3.50628,8096,0,0,63,1110,1040,96,0,0
pilar,pilar.txt,2309,2,6,3.50628,8096,0,0,82,1075,1054,97,1,0
plans,plans.txt,2309,2,6,3.50628,8096,0,0,69,1090,1063,86,1,0
pulse,pulse.txt,2309,1,6,3.50628,8096,1,1,79,1104,1006,113,6,0
riced,riced.txt,2309,2,6,3.50628,8096,0,0,78,1089,1039,101,2,0
slued,slued.txt,2309,2,6,3.50628,8096,0,0,69,1105,1035,97,3,0
sured,sured.txt,2309,2,6,3.50628,8096,0,0,71,1110,1019,106,3,0
tical,tical.txt,2309,2,5,3.50628,8096,0,0,75,1099,1026,109,0,0
turon,turon.txt,2309,2,6,3.50628,8096,0,0,77,1094,1033,102,3,0
wrast,wrast.txt,2309,2,6,3.50628,8096,0,0,70,1107,1029,99,4,0
alces,alces.txt,2309,2,6,3.506713,8097,0,0,65,1102,1051,89,2,0
belar,belar.txt,2309,2,6,3.506713,8097,0,0,83,1070,1063,89,4,0
cions,cions.txt,2309,2,6,3.506713,8097,0,0,68,1110,1028,99,4,0
craft,craft.txt,2309,1,6,3.506713,8097,1,1,72,1102,1025,108,1,0
crith,crith.txt,2309,2,6,3.506713,8097,0,0,61,1128,1011,107,2,0
dorts,dorts.txt,2309,2,6,3.506713,8097,0,0,55,1127,1031,94,2,0
enlit,enlit.txt,2309,2,6,3.506713,8097,0,0,79,1103,1009,114,4,0
frite,frite.txt,2309,2,6,3.506713,8097,0,0,90,1064,1052,101,2,0
glost,glost.txt,2309,2,6,3.506713,8097,0,0,63,1114,1033,97,2,0
motel,motel.txt,2309,1,5,3.506713,8097,1,1,83,1074,1047,104,0,0
panes,panes.txt,2309,2,6,3.506713,8097,0,0,62,1112,1041,91,3,0
rhone,rhone.txt,2309,2,6,3.506713,8097,0,0,69,1110,1023,105,2,0
tardo,tardo.txt,2309,2,6,3.506713,8097,0,0,72,1103,1029,102,3,0
tauld,tauld.txt,2309,2,6,3.506713,8097,0,0,73,1080,1071,83,2,0
warst,warst.txt,2309,2,6,3.506713,8097,0,0,69,1104,1038,93,5,0
colas,colas.txt,2309,2,6,3.507146,8098,0,0,78,1098,1020,110,3,0
craps,craps.txt,2309,2,6,3.507146,8098,0,0,73,1093,1043,99,1,0
darls,darls.txt,2309,2,5,3.507146,8098,0,0,62,1108,1045,94,0,0
deils,deils.txt,2309,2,6,3.507146,8098,0,0,70,1120,1000,116,3,0
gator,gator.txt,2309,2,6,3.507146,8098,0,0,77,1092,1034,104,2,0
inert,inert.txt,2309,1,6,3.507146,8098,1,1,71,1106,1021,107,3,0
istle,istle.txt,2309,2,6,3.507146,8098,0,0,67,1105,1037,99,1,0
laces,laces.txt,2309,2,6,3.507146,8098,0,0,72,1092,1049,94,2,0
minse,minse.txt,2309,2,6,3.507146,8098,0,0,72,1105,1025,103,4,0
nicer,nicer.txt,2309,1,6,3.507146,8098,1,1,66,1106,1035,99,2,0
notes,notes.txt,2309,2,6,3.507146,8098,0,0,63,1114,1032,98,2,0
pareo,pareo.txt,2309,2,6,3.507146,8098,0,0,75,1109,1009,111,5,0
piles,piles.txt,2309,2,6,3.507146,8098,0,0,76,1081,1058,93,1,0
retia,retia.txt,2309,2,6,3.507146,8098,0,0,79,1100,1014,112,4,0
riels,riels.txt,2309,2,6,3.507146,8098,0,0,66,1118,1016,106,3,0
strip,strip.txt,2309,1,6,3.507146,8098,1,1,74,1098,1028,105,3,0
taupe,taupe.txt,2309,2,6,3.507146,8098,0,0,74,1103,1022,107,3,0
aeros,aeros.txt,2309,2,6,3.507579,8099,0,0,56,1147,990,110,6,0
ahint,ahint.txt,2309,2,6,3.507579,8099,0,0,73,1106,1017,111,2,0
arish,arish.txt,2309,2,6,3.507579,8099,0,0,59,1132,1007,109,2,0
blade,blade.txt,2309,1,6,3.507579,8099,1,1,82,1081,1037,105,3,0
brain,brain.txt,2309,1,6,3.507579,8099,1,1,78,1085,1040,103,2,0
chiel,chiel.txt,2309,2,6,3.507579,8099,0,0,67,1114,1020,105,3,0
clash,clash.txt,2309,1,6,3.507579,8099,1,1,69,1102,1033,102,2,0
count,count.txt,2309,1,6,3.507579,8099,1,1,76,1097,1021,113,1,0
dropt,dropt.txt,2309,2,6,3.507579,8099,0,0,64,1107,1042,94,2,0
lento,lento.txt,2309,2,5,3.507579,8099,0,0,69,1093,1053,94,0,0
maise,maise.txt,2309,2,6,3.507579,8099,0,0,70,1125,994,112,8,0
planc,planc.txt,2309,2,5,3.507579,8099,0,0,68,1089,1064,88,0,0
poled,poled.txt,2309,2,5,3.507579,8099,0,0,68,1089,1064,88,0,0
ports,ports.txt,2309,2,6,3.507579,8099,0,0,72,1099,1036,98,4,0
posit,posit.txt,2309,1,6,3.507579,8099,1,1,75,1103,1014,113,3,0
presa,presa.txt,2309,2,6,3.507579,8099,0,0,73,1120,989,125,2,0
prion,prion.txt,2309,2,6,3.507579,8099,0,0,72,1102,1029,103,3,0
seria,seria.txt,2309,2,6,3.507579,8099,0,0,69,1124,994,119,3,0
solid,solid.txt,2309,1,6,3.507579,8099,1,1,65,1124,1002,114,3,0
tinas,tinas.txt,2309,2,6,3.507579,8099,0,0,59,1121,1029,98,2,0
angle,angle.txt,2309,1,6,3.508012,8100,1,1,83,1087,1024,108,6,0
artly,artly.txt,2309,2,6,3.508012,8100,0,0,59,1101,1067,81,1,0
bacne,bacne.txt,2309,2,6,3.508012,8100,0,0,62,1107,1046,93,1,0
bloat,bloat.txt,2309,1,6,3.508012,8100,1,1,88,1069,1044,102,5,0
canid,canid.txt,2309,2,6,3.508012,8100,0,0,71,1112,1010,114,2,0
curie,curie.txt,2309,2,6,3.508012,8100,0,0,74,1108,1009,116,2,0
dials,dials.txt,2309,2,6,3.508012,8100,0,0,67,1113,1020,107,2,0
inter,inter.txt,2309,1,6,3.508012,8100,1,1,66,1111,1023,106,2,0
leirs,leirs.txt,2309,2,6,3.508012,8100,0,0,59,1130,1014,100,6,0
liars,liars.txt,2309,2,6,3.508012,8100,0,0,62,1115,1033,95,4,0
mares,mares.txt,2309,2,6,3.508012,8100,0,0,71,1099,1038,97,4,0
noils,noils.txt,2309,2,6,3.508012,8100,0,0,60,1121,1025,101,2,0
preon,preon.txt,2309,2,6,3.508012,8100,0,0,77,1096,1025,108,3,0
reaps,reaps.txt,2309,2,6,3.508012,8100,0,0,68,1104,1036,98,3,0
rithe,rithe.txt,2309,2,5,3.508012,8100,0,0,68,1114,1013,114,0,0
smear,smear.txt,2309,1,6,3.508012,8100,1,1,70,1110,1017,105,6,0
bleat,bleat.txt,2309,1,6,3.508445,8101,1,1,87,1062,1057,100,2,0
chirt,chirt.txt,2309,2,6,3.508445,8101,0,0,72,1102,1026,107,2,0
clout,clout.txt,2309,1,5,3.508445,8101,1,1,62,1115,1024,107,0,0
flare,flare.txt,2309,1,6,3.508445,8101,1,1,77,1082,1047,100,2,0
gloat,gloat.txt,2309,1,6,3.508445,8101,1,1,74,1095,1029,109,1,0
laced,laced.txt,2309,2,6,3.508445,8101,0,0,70,1097,1042,98,2,0
parge,parge.txt,2309,2,6,3.508445,8101,0,0,72,1094,1042,99,2,0
ramie,ramie.txt,2309,2,6,3.508445,8101,0,0,68,1114,1016,107,4,0
solah,solah.txt,2309,2,6,3.508445,8101,0,0,69,1115,1011,110,4,0
tenia,tenia.txt,2309,2,6,3.508445,8101,0,0,73,1121,988,122,5,0
tomen,tomen.txt,2309,2,6,3.508445,8101,0,0,83,1064,1068,93,1,0
tosed,tosed.txt,2309,2,6,3.508445,8101,0,0,61,1114,1035,97,2,0
brail,brail.txt,2309,2,6,3.508878,8102,0,0,74,1089,1048,93,5,0
cause,cause.txt,2309,1,6,3.508878,8102,1,1,53,1137,1012,100,6,0
cents,cents.txt,2309,2,5,3.508878,8102,0,0,57,1119,1034,99,0,0
chert,chert.txt,2309,2,6,3.508878,8102,0,0,82,1103,994,127,3,0
fract,fract.txt,2309,2,6,3.508878,8102,0,0,80,1085,1034,109,1,0
litas,litas.txt,2309,2,6,3.508878,8102,0,0,62,1118,1024,102,3,0
maple,maple.txt,2309,1,6,3.508878,8102,1,1,74,1090,1042,97,5,0
nerts,nerts.txt,2309,2,6,3.508878,8102,0,0,60,1112,1040,96,1,0
peola,peola.txt,2309,2,5,3.508878,8102,0,0,71,1097,1036,105,0,0
poles,poles.txt,2309,2,6,3.508878,8102,0,0,67,1105,1034,101,2,0
ratch,ratch.txt,2309,2,6,3.508878,8102,0,0,73,1084,1057,94,1,0
recon,recon.txt,2309,2,6,3.508878,8102,0,0,72,1090,1050,94,3,0
renos,renos.txt,2309,2,6,3.508878,8102,0,0,73,1096,1034,104,2,0
repin,repin.txt,2309,2,6,3.508878,8102,0,0,78,1084,1044,100,3,0
sabot,sabot.txt,2309,2,6,3.508878,8102,0,0,76,1088,1040,104,1,0
seric,seric.txt,2309,2,6,3.508878,8102,0,0,74,1101,1022,109,3,0
snoep,snoep.txt,2309,2,6,3.508878,8102,0,0,66,1102,1043,96,2,0
ulnae,ulnae.txt,2309,2,6,3.508878,8102,0,0,62,1116,1031,94,6,0
balot,balot.txt,2309,2,5,3.509311,8103,0,0,86,1065,1054,104,0,0
cento,cento.txt,2309,2,6,3.509311,8103,0,0,71,1095,1041,100,2,0
drome,drome.txt,2309,2,6,3.509311,8103,0,0,66,1102,1046,89,6,0
frost,frost.txt,2309,1,6,3.509311,8103,1,1,68,1090,1059,86,5,0
garde,garde.txt,2309,2,6,3.509311,8103,0,0,80,1087,1030,110,2,0
grats,grats.txt,2309,2,6,3.509311,8103,0,0,61,1109,1043,94,2,0
miner,miner.txt,2309,1,6,3.509311,8103,1,1,75,1092,1032,106,3,0
pelta,pelta.txt,2309,2,6,3.509311,8103,0,0,82,1069,1061,94,3,0
recta,recta.txt,2309,2,5,3.509311,8103,0,0,74,1086,1048,101,0,0
sieth,sieth.txt,2309,2,6,3.509311,8103,0,0,66,1127,993,120,3,0
souce,souce.txt,2309,2,6,3.509311,8103,0,0,60,1115,1033,100,1,0
urine,urine.txt,2309,1,6,3.509311,8103,1,1,62,1134,989,118,5,0
delta,delta.txt,2309,1,5,3.509744,8104,1,1,69,1087,1056,96,0,0
farce,farce.txt,2309,1,6,3.509744,8104,1,1,78,1078,1051,97,4,0
laris,laris.txt,2309,2,6,3.509744,8104,0,0,74,1099,1025,107,4,0
loure,loure.txt,2309,2,6,3.509744,8104,0,0,62,1120,1018,106,3,0
luted,luted.txt,2309,2,6,3.509744,8104,0,0,69,1098,1041,98,3,0
maril,maril.txt,2309,2,6,3.509744,8104,0,0,76,1089,1036,107,1,0
porta,porta.txt,2309,2,6,3.509744,8104,0,0,83,1075,1044,105,2,0
prime,prime.txt,2309,1,6,3.509744,8104,1,1,71,1112,1004,117,4,0
runed,runed.txt,2309,2,6,3.509744,8104,0,0,73,1097,1031,105,3,0
spial,spial.txt,2309,2,6,3.509744,8104,0,0,68,1124,991,124,2,0
strap,strap.txt,2309,1,5,3.509744,8104,1,1,66,1102,1035,105,0,0
artic,artic.txt,2309,2,6,3.510178,8105,0,0,62,1122,1012,111,2,0
copal,copal.txt,2309,2,6,3.510178,8105,0,0,76,1080,1054,97,2,0
crude,crude.txt,2309,1,6,3.510178,8105,1,1,68,1116,1006,112,6,0
grame,grame.txt,2309,2,6,3.510178,8105,0,0,77,1085,1043,100,4,0
naris,naris.txt,2309,2,6,3.510178,8105,0,0,68,1094,1049,97,1,0
natis,natis.txt,2309,2,6,3.510178,8105,0,0,70,1095,1043,98,3,0
orles,orles.txt,2309,2,6,3.510178,8105,0,0,51,1138,1012,107,1,0
piled,piled.txt,2309,2,5,3.510178,8105,0,0,72,1086,1052,99,0,0
prunt,prunt.txt,2309,2,6,3.510178,8105,0,0,76,1086,1043,101,3,0
rache,rache.txt,2309,2,6,3.510178,8105,0,0,67,1112,1016,113,1,0
rapin,rapin.txt,2309,2,6,3.510178,8105,0,0,73,1085,1052,98,1,0
rimae,rimae.txt,2309,2,6,3.510178,8105,0,0,71,1102,1027,105,4,0
shent,shent.txt,2309,2,6,3.510178,8105,0,0,77,1113,988,126,5,0
soger,soger.txt,2309,2,6,3.510178,8105,0,0,64,1103,1044,96,2,0
stied,stied.txt,2309,2,6,3.510178,8105,0,0,71,1103,1025,106,4,0
stour,stour.txt,2309,2,6,3.510178,8105,0,0,68,1110,1021,105,5,0
theor,theor.txt,2309,2,6,3.510178,8105,0,0,74,1110,1001,121,3,0
tuans,tuans.txt,2309,2,6,3.510178,8105,0,0,62,1117,1023,104,3,0
cosie,cosie.txt,2309,2,6,3.510611,8106,0,0,65,1108,1029,106,1,0
decal,decal.txt,2309,1,6,3.510611,8106,1,1,77,1090,1025,115,1,0
doles,doles.txt,2309,2,5,3.510611,8106,0,0,69,1105,1022,113,0,0
doper,doper.txt,2309,2,6,3.510611,8106,0,0,65,1101,1044,97,2,0
eliad,eliad.txt,2309,2,6,3.510611,8106,0,0,84,1067,1058,95,5,0
hotel,hotel.txt,2309,1,6,3.510611,8106,1,1,72,1099,1023,112,2,0
lapin,lapin.txt,2309,2,6,3.510611,8106,0,0,72,1086,1054,94,3,0
leany,leany.txt,2309,2,5,3.510611,8106,0,0,71,1098,1030,110,0,0
lyase,lyase.txt,2309,2,6,3.510611,8106,0,0,61,1120,1021,102,5,0
moner,moner.txt,2309,2,6,3.510611,8106,0,0,72,1091,1043,101,2,0
narod,narod.txt,2309,2,6,3.510611,8106,0,0,75,1095,1027,109,3,0
orals,orals.txt,2309,2,6,3.510611,8106,0,0,58,1123,1020,107,1,0
palis,palis.txt,2309,2,6,3.510611,8106,0,0,69,1102,1029,108,1,0
perls,perls.txt,2309,2,6,3.510611,8106,0,0,63,1107,1039,97,3,0
rapes,rapes.txt,2309,2,6,3.510611,8106,0,0,68,1088,1062,88,3,0
riato,riato.txt,2309,2,6,3.510611,8106,0,0,76,1095,1024,111,3,0
rices,rices.txt,2309,2,6,3.510611,8106,0,0,74,1096,1027,110,2,0
rosin,rosin.txt,2309,2,6,3.510611,8106,0,0,74,1098,1022,114,1,0
slang,slang.txt,2309,1,6,3.510611,8106,1,1,60,1110,1037,99,2,0
sonly,sonly.txt,2309,2,6,3.510611,8106,0,0,64,1109,1031,103,2,0
sural,sural.txt,2309,2,6,3.510611,8106,0,0,67,1106,1028,106,2,0
taped,taped.txt,2309,2,6,3.510611,8106,0,0,80,1059,1082,87,1,0
tices,tices.txt,2309,2,6,3.510611,8106,0,0,63,1101,1050,93,2,0
acred,acred.txt,2309,2,6,3.511044,8107,0,0,70,1084,1061,93,1,0
actor,actor.txt,2309,1,6,3.511044,8107,1,1,72,1075,1070,89,2,0
agile,agile.txt,2309,1,6,3.511044,8107,1,1,69,1101,1028,107,3,0
airth,airth.txt,2309,2,6,3.511044,8107,0,0,70,1113,1006,116,4,0
baler,baler.txt,2309,1,6,3.511044,8107,1,1,85,1060,1064,94,5,0
blest,blest.txt,2309,2,6,3.511044,8107,0,0,68,1109,1019,110,3,0
boner,boner.txt,2309,2,6,3.511044,8107,0,0,69,1094,1046,97,3,0
cauls,cauls.txt,2309,2,6,3.511044,8107,0,0,66,1103,1037,100,3,0
ceria,ceria.txt,2309,2,6,3.511044,8107,0,0,71,1110,1010,113,5,0
dalts,dalts.txt,2309,2,6,3.511044,8107,0,0,67,1090,1059,91,2,0
harts,harts.txt,2309,2,6,3.511044,8107,0,0,73,1090,1041,103,2,0
metal,metal.txt,2309,1,6,3.511044,8107,1,1,73,1093,1033,105,4,0
miter,miter.txt,2309,2,6,3.511044,8107,0,0,80,1086,1028,113,2,0
morts,morts.txt,2309,2,6,3.511044,8107,0,0,73,1085,1055,90,6,0
plaid,plaid.txt,2309,1,5,3.511044,8107,1,1,70,1098,1028,112,0,0
proin,proin.txt,2309,2,6,3.511044,8107,0,0,68,1103,1032,102,4,0
redon,redon.txt,2309,2,6,3.511044,8107,0,0,77,1088,1034,107,3,0
riped,riped.txt,2309,2,6,3.511044,8107,0,0,77,1071,1067,92,2,0
rosal,rosal.txt,2309,2,6,3.511044,8107,0,0,69,1103,1027,108,2,0
teads,teads.txt,2309,2,6,3.511044,8107,0,0,74,1084,1051,97,3,0
acres,acres.txt,2309,2,6,3.511477,8108,0,0,66,1101,1040,99,3,0
arsey,arsey.txt,2309,2,6,3.511477,8108,0,0,57,1112,1045,92,3,0
canso,canso.txt,2309,2,6,3.511477,8108,0,0,68,1102,1031,106,2,0
carps,carps.txt,2309,2,5,3.511477,8108,0,0,76,1069,1071,93,0,0
elsin,elsin.txt,2309,2,6,3.511477,8108,0,0,73,1091,1037,107,1,0
gales,gales.txt,2309,2,6,3.511477,8108,0,0,74,1077,1062,95,1,0
glint,glint.txt,2309,1,6,3.511477,8108,1,1,69,1089,1051,96,3,0
hares,hares.txt,2309,2,6,3.511477,8108,0,0,71,1101,1025,109,3,0
incle,incle.txt,2309,2,6,3.511477,8108,0,0,67,1103,1033,103,3,0
meals,meals.txt,2309,2,6,3.511477,8108,0,0,74,1091,1038,101,5,0
miler,miler.txt,2309,2,6,3.511477,8108,0,0,81,1081,1036,107,4,0
peans,peans.txt,2309,2,6,3.511477,8108,0,0,73,1080,1060,94,2,0
pilea,pilea.txt,2309,2,6,3.511477,8108,0,0,75,1092,1033,104,5,0
royst,royst.txt,2309,2,6,3.511477,8108,0,0,66,1094,1053,94,2,0
septa,septa.txt,2309,2,6,3.511477,8108,0,0,76,1086,1042,100,5,0
spect,spect.txt,2309,2,6,3.511477,8108,0,0,70,1094,1040,104,1,0
spoil,spoil.txt,2309,1,6,3.511477,8108,1,1,62,1113,1022,110,1,0
tabor,tabor.txt,2309,2,6,3.511477,8108,0,0,88,1054,1068,96,3,0
tache,tache.txt,2309,2,6,3.511477,8108,0,0,70,1110,1011,114,4,0
tidal,tidal.txt,2309,1,6,3.511477,8108,1,1,72,1097,1025,112,2,0
ablet,ablet.txt,2309,2,6,3.51191,8109,0,0,74,1076,1063,95,1,0
armed,armed.txt,2309,2,6,3.51191,8109,0,0,69,1088,1056,93,3,0
bairn,bairn.txt,2309,2,6,3.51191,8109,0,0,76,1086,1038,107,2,0
braes,braes.txt,2309,2,6,3.51191,8109,0,0,71,1094,1038,103,3,0
cures,cures.txt,2309,2,6,3.51191,8109,0,0,80,1089,1022,114,4,0
neath,neath.txt,2309,2,6,3.51191,8109,0,0,66,1100,1040,101,2,0
oared,oared.txt,2309,2,6,3.51191,8109,0,0,67,1100,1037,103,2,0
puter,puter.txt,2309,2,6,3.51191,8109,0,0,72,1098,1025,113,1,0
raped,raped.txt,2309,2,5,3.51191,8109,0,0,71,1073,1077,88,0,0
rodes,rodes.txt,2309,2,6,3.51191,8109,0,0,64,1089,1068,86,2,0
shorn,shorn.txt,2309,1,6,3.51191,8109,1,1,72,1099,1020,115,2,0
sutra,sutra.txt,2309,2,6,3.51191,8109,0,0,64,1109,1028,106,2,0
yeast,yeast.txt,2309,1,6,3.51191,8109,1,1,48,1132,1027,98,3,0
aglet,aglet.txt,2309,2,5,3.512343,8110,0,0,64,1094,1055,96,0,0
barde,barde.txt,2309,2,6,3.512343,8110,0,0,87,1055,1067,97,3,0
capot,capot.txt,2309,2,5,3.512343,8110,0,0,72,1083,1053,101,0,0
carny,carny.txt,2309,2,6,3.512343,8110,0,0,72,1089,1043,103,2,0
cited,cited.txt,2309,2,5,3.512343,8110,0,0,74,1077,1059,99,0,0
cites,cites.txt,2309,2,6,3.512343,8110,0,0,63,1104,1041,98,3,0
credo,credo.txt,2309,1,6,3.512343,8110,1,1,64,1112,1020,107,5,0
goner,goner.txt,2309,1,6,3.512343,8110,1,1,73,1079,1055,100,1,0
heard,heard.txt,2309,1,6,3.512343,8110,1,1,82,1082,1024,117,3,0
horde,horde.txt,2309,1,6,3.512343,8110,1,1,72,1096,1024,115,1,0
loper,loper.txt,2309,2,6,3.512343,8110,0,0,70,1092,1043,102,2,0
mired,mired.txt,2309,2,6,3.512343,8110,0,0,77,1078,1052,98,4,0
nites,nites.txt,2309,2,6,3.512343,8110,0,0,67,1091,1053,97,1,0
outre,outre.txt,2309,2,6,3.512343,8110,0,0,71,1103,1018,115,2,0
pated,pated.txt,2309,2,6,3.512343,8110,0,0,80,1066,1065,96,2,0
pleon,pleon.txt,2309,2,5,3.512343,8110,0,0,69,1100,1028,112,0,0
rayle,rayle.txt,2309,2,6,3.512343,8110,0,0,60,1107,1043,97,2,0
stirp,stirp.txt,2309,2,6,3.512343,8110,0,0,71,1097,1032,105,4,0
terse,terse.txt,2309,1,6,3.512343,8110,1,1,77,1092,1020,115,4,0
tours,tours.txt,2309,2,6,3.512343,8110,0,0,57,1118,1029,104,1,0
trods,trods.txt,2309,2,6,3.512343,8110,0,0,65,1108,1027,106,3,0
apres,apres.txt,2309,2,6,3.512776,8111,0,0,66,1099,1040,102,2,0
dates,dates.txt,2309,2,6,3.512776,8111,0,0,62,1095,1060,90,2,0
derns,derns.txt,2309,2,6,3.512776,8111,0,0,60,1112,1032,103,2,0
durst,durst.txt,2309,2,6,3.512776,8111,0,0,68,1103,1029,104,5,0
eiron,eiron.txt,2309,2,6,3.512776,8111,0,0,62,1140,969,137,1,0
forte,forte.txt,2309,1,6,3.512776,8111,1,1,69,1080,1067,88,4,0
geals,geals.txt,2309,2,6,3.512776,8111,0,0,69,1088,1052,99,1,0
helot,helot.txt,2309,2,6,3.512776,8111,0,0,67,1106,1024,109,3,0
loath,loath.txt,2309,1,6,3.512776,8111,1,1,66,1102,1032,104,4,0
maser,maser.txt,2309,2,6,3.512776,8111,0,0,75,1089,1037,102,6,0
perns,perns.txt,2309,2,6,3.512776,8111,0,0,65,1097,1047,98,2,0
rides,rides.txt,2309,2,6,3.512776,8111,0,0,71,1089,1044,104,1,0
shape,shape.txt,2309,1,6,3.512776,8111,1,1,74,1099,1014,117,4,0
sheal,sheal.txt,2309,2,6,3.512776,8111,0,0,73,1119,985,124,8,0
slake,slake.txt,2309,2,6,3.512776,8111,0,0,72,1102,1022,105,8,0
stoep,stoep.txt,2309,2,6,3.512776,8111,0,0,61,1111,1032,102,3,0
blear,blear.txt,2309,2,6,3.513209,8112,0,0,79,1066,1068,92,4,0
brats,brats.txt,2309,2,6,3.513209,8112,0,0,64,1093,1057,93,2,0
chine,chine.txt,2309,2,6,3.513209,8112,0,0,71,1107,1009,119,3,0
crues,crues.txt,2309,2,6,3.513209,8112,0,0,73,1096,1025,112,3,0
giant,giant.txt,2309,1,6,3.513209,8112,1,1,78,1088,1022,117,3,0
lenos,lenos.txt,2309,2,6,3.513209,8112,0,0,63,1100,1045,100,1,0
marts,marts.txt,2309,2,6,3.513209,8112,0,0,74,1073,1068,91,3,0
ranty,ranty.txt,2309,2,6,3.513209,8112,0,0,70,1080,1064,94,1,0
spade,spade.txt,2309,1,6,3.513209,8112,1,1,66,1091,1051,98,2,0
swale,swale.txt,2309,2,6,3.513209,8112,0,0,70,1093,1039,105,2,0
tunes,tunes.txt,2309,2,6,3.513209,8112,0,0,67,1103,1027,111,1,0
utile,utile.txt,2309,1,6,3.513209,8112,1,1,69,1100,1025,111,3,0
wanle,wanle.txt,2309,2,6,3.513209,8112,0,0,64,1107,1028,109,1,0
wrist,wrist.txt,2309,1,6,3.513209,8112,1,1,67,1097,1037,104,3,0
amrit,amrit.txt,2309,2,6,3.513642,8113,0,0,72,1102,1018,111,6,0
anode,anode.txt,2309,1,6,3.513642,8113,1,1,76,1084,1035,110,3,0
antis,antis.txt,2309,2,6,3.513642,8113,0,0,75,1076,1057,99,2,0
argil,argil.txt,2309,2,6,3.513642,8113,0,0,78,1070,1061,97,3,0
borde,borde.txt,2309,2,6,3.513642,8113,0,0,77,1067,1069,94,2,0
coaly,coaly.txt,2309,2,6,3.513642,8113,0,0,75,1081,1049,100,4,0
comer,comer.txt,2309,2,6,3.513642,8113,0,0,75,1080,1048,105,1,0
doats,doats.txt,2309,2,6,3.513642,8113,0,0,58,1120,1020,109,2,0
gripe,gripe.txt,2309,1,6,3.513642,8113,1,1,66,1100,1033,106,3,0
lacis,lacis.txt,2309,2,5,3.513642,8113,0,0,66,1107,1020,116,0,0
leach,leach.txt,2309,1,6,3.513642,8113,1,1,70,1102,1016,118,2,0
louse,louse.txt,2309,1,6,3.513642,8113,1,1,61,1121,1006,117,3,0
menil,menil.txt,2309,2,6,3.513642,8113,0,0,73,1076,1063,95,2,0
meril,meril.txt,2309,2,6,3.513642,8113,0,0,78,1083,1034,112,2,0
mores,mores.txt,2309,2,6,3.513642,8113,0,0,68,1094,1041,105,1,0
neato,neato.txt,2309,2,6,3.513642,8113,0,0,64,1103,1035,106,1,0
oldie,oldie.txt,2309,2,6,3.513642,8113,0,0,69,1105,1019,112,4,0
pones,pones.txt,2309,2,6,3.513642,8113,0,0,63,1091,1063,90,2,0
pusle,pusle.txt,2309,2,6,3.513642,8113,0,0,73,1098,1024,107,7,0
relos,relos.txt,2309,2,6,3.513642,8113,0,0,59,1104,1048,97,1,0
shred,shred.txt,2309,2,6,3.513642,8113,0,0,61,1100,1050,97,1,0
siroc,siroc.txt,2309,2,6,3.513642,8113,0,0,54,1131,1012,108,4,0
snout,snout.txt,2309,1,5,3.513642,8113,1,1,66,1108,1014,120,0,0
stime,stime.txt,2309,2,6,3.513642,8113,0,0,67,1109,1018,110,5,0
their,their.txt,2309,1,5,3.513642,8113,1,1,77,1087,1023,121,0,0
tiger,tiger.txt,2309,1,6,3.513642,8113,1,1,69,1071,1080,87,1,0
amole,amole.txt,2309,2,6,3.514075,8114,0,0,71,1103,1014,119,2,0
caber,caber.txt,2309,2,6,3.514075,8114,0,0,76,1072,1063,94,4,0
clary,clary.txt,2309,2,6,3.514075,8114,0,0,72,1091,1035,109,2,0
coins,coins.txt,2309,2,6,3.514075,8114,0,0,66,1106,1023,112,2,0
cured,cured.txt,2309,2,6,3.514075,8114,0,0,73,1099,1017,117,3,0
erics,erics.txt,2309,2,6,3.514075,8114,0,0,70,1106,1014,114,5,0
first,first.txt,2309,1,6,3.514075,8114,1,1,75,1074,1058,97,4,0
flite,flite.txt,2309,2,6,3.514075,8114,0,0,86,1063,1050,107,3,0
gares,gares.txt,2309,2,6,3.514075,8114,0,0,65,1106,1028,106,4,0
hoten,hoten.txt,2309,2,5,3.514075,8114,0,0,75,1083,1040,111,0,0
lints,lints.txt,2309,2,6,3.514075,8114,0,0,59,1109,1038,101,2,0
loirs,loirs.txt,2309,2,6,3.514075,8114,0,0,58,1112,1034,104,1,0
lucre,lucre.txt,2309,2,6,3.514075,8114,0,0,73,1106,1004,122,4,0
lyart,lyart.txt,2309,2,5,3.514075,8114,0,0,61,1105,1038,105,0,0
manor,manor.txt,2309,1,6,3.514075,8114,1,1,88,1055,1055,108,2,0
maron,maron.txt,2309,2,6,3.514075,8114,0,0,82,1083,1021,121,2,0
moten,moten.txt,2309,2,6,3.514075,8114,0,0,84,1050,1081,92,2,0
naric,naric.txt,2309,2,6,3.514075,8114,0,0,62,1102,1044,98,3,0
nosir,nosir.txt,2309,2,6,3.514075,8114,0,0,69,1091,1044,103,2,0
scald,scald.txt,2309,1,5,3.514075,8114,1,1,56,1106,1047,99,0,0
sprue,sprue.txt,2309,2,6,3.514075,8114,0,0,86,1079,1023,113,8,0
toyer,toyer.txt,2309,2,6,3.514075,8114,0,0,59,1111,1035,101,3,0
acron,acron.txt,2309,2,6,3.514508,8115,0,0,76,1086,1034,109,4,0
amort,amort.txt,2309,2,6,3.514508,8115,0,0,82,1076,1035,113,3,0
baron,baron.txt,2309,1,6,3.514508,8115,1,1,81,1062,1064,96,5,0
butle,butle.txt,2309,2,6,3.514508,8115,0,0,83,1071,1042,110,3,0
dhole,dhole.txt,2309,2,6,3.514508,8115,0,0,65,1101,1035,106,2,0
gears,gears.txt,2309,2,6,3.514508,8115,0,0,60,1115,1025,104,5,0
hales,hales.txt,2309,2,6,3.514508,8115,0,0,61,1113,1024,108,3,0
halts,halts.txt,2309,2,6,3.514508,8115,0,0,68,1093,1042,104,2,0
hault,hault.txt,2309,2,6,3.514508,8115,0,0,70,1091,1040,106,2,0
heald,heald.txt,2309,2,6,3.514508,8115,0,0,74,1094,1025,111,5,0
hears,hears.txt,2309,2,6,3.514508,8115,0,0,68,1114,1002,121,4,0
leary,leary.txt,2309,2,6,3.514508,8115,0,0,81,1077,1037,110,4,0
nadir,nadir.txt,2309,1,6,3.514508,8115,1,1,78,1074,1047,106,3,0
older,older.txt,2309,1,6,3.514508,8115,1,1,65,1088,1058,94,3,0
recto,recto.txt,2309,2,6,3.514508,8115,0,0,72,1087,1043,104,3,0
scalp,scalp.txt,2309,1,6,3.514508,8115,1,1,64,1101,1033,109,1,0
sober,sober.txt,2309,1,6,3.514508,8115,1,1,61,1089,1066,91,1,0
stond,stond.txt,2309,2,6,3.514508,8115,0,0,62,1095,1055,96,1,0
thans,thans.txt,2309,2,6,3.514508,8115,0,0,66,1093,1048,100,2,0
tuned,tuned.txt,2309,2,6,3.514508,8115,0,0,72,1079,1058,98,2,0
write,write.txt,2309,1,6,3.514508,8115,1,1,77,1080,1039,108,4,0
copen,copen.txt,2309,2,6,3.514942,8116,0,0,62,1098,1049,98,2,0
cryne,cryne.txt,2309,2,6,3.514942,8116,0,0,55,1106,1055,90,3,0
dants,dants.txt,2309,2,6,3.514942,8116,0,0,54,1100,1068,86,1,0
daunt,daunt.txt,2309,1,6,3.514942,8116,1,1,65,1095,1044,100,4,0
dital,dital.txt,2309,2,6,3.514942,8116,0,0,74,1094,1020,120,1,0
eloin,eloin.txt,2309,2,6,3.514942,8116,0,0,66,1098,1037,106,2,0
heats,heats.txt,2309,2,6,3.514942,8116,0,0,71,1093,1032,111,2,0
lamer,lamer.txt,2309,2,6,3.514942,8116,0,0,68,1088,1050,102,1,0
libre,libre.txt,2309,2,6,3.514942,8116,0,0,70,1087,1047,103,2,0
liens,liens.txt,2309,2,6,3.514942,8116,0,0,63,1112,1017,116,1,0
luter,luter.txt,2309,2,6,3.514942,8116,0,0,77,1087,1025,119,1,0
namer,namer.txt,2309,2,6,3.514942,8116,0,0,70,1088,1044,106,1,0
pelts,pelts.txt,2309,2,6,3.514942,8116,0,0,74,1071,1067,95,2,0
poule,poule.txt,2309,2,6,3.514942,8116,0,0,64,1097,1046,99,3,0
radge,radge.txt,2309,2,6,3.514942,8116,0,0,75,1080,1045,108,1,0
spule,spule.txt,2309,2,6,3.514942,8116,0,0,79,1085,1029,109,7,0
turme,turme.txt,2309,2,6,3.514942,8116,0,0,74,1095,1020,117,3,0
beard,beard.txt,2309,1,6,3.515375,8117,1,1,86,1038,1092,90,2,0
belit,belit.txt,2309,2,6,3.515375,8117,0,0,82,1063,1059,102,3,0
besat,besat.txt,2309,2,6,3.515375,8117,0,0,72,1080,1053,103,1,0
blain,blain.txt,2309,2,6,3.515375,8117,0,0,73,1074,1063,97,2,0
bored,bored.txt,2309,2,6,3.515375,8117,0,0,74,1069,1070,94,2,0
clads,clads.txt,2309,2,6,3.515375,8117,0,0,62,1100,1043,103,1,0
clour,clour.txt,2309,2,6,3.515375,8117,0,0,67,1094,1041,105,2,0
crips,crips.txt,2309,2,6,3.515375,8117,0,0,60,1106,1041,97,5,0
goier,goier.txt,2309,2,6,3.515375,8117,0,0,69,1097,1029,112,2,0
heron,heron.txt,2309,1,6,3.515375,8117,1,1,75,1082,1037,112,2,0
lenis,lenis.txt,2309,2,5,3.515375,8117,0,0,67,1103,1021,118,0,0
macte,macte.txt,2309,2,6,3.515375,8117,0,0,71,1085,1047,104,2,0
nepit,nepit.txt,2309,2,6,3.515375,8117,0,0,78,1056,1084,89,2,0
oiler,oiler.txt,2309,2,6,3.515375,8117,0,0,64,1101,1035,108,1,0
praos,praos.txt,2309,2,6,3.515375,8117,0,0,74,1074,1060,99,2,0
reais,reais.txt,2309,2,6,3.515375,8117,0,0,72,1098,1019,117,3,0
roped,roped.txt,2309,2,6,3.515375,8117,0,0,62,1096,1052,97,2,0
singe,singe.txt,2309,1,6,3.515375,8117,1,1,77,1081,1033,115,2,0
solei,solei.txt,2309,2,6,3.515375,8117,0,0,55,1127,1011,114,2,0
speal,speal.txt,2309,2,6,3.515375,8117,0,0,78,1091,1015,122,3,0
staun,staun.txt,2309,2,6,3.515375,8117,0,0,61,1105,1038,102,3,0
swart,swart.txt,2309,2,6,3.515375,8117,0,0,65,1090,1057,93,4,0
trays,trays.txt,2309,2,6,3.515375,8117,0,0,51,1113,1050,94,1,0
aeons,aeons.txt,2309,2,6,3.515808,8118,0,0,59,1117,1018,113,2,0
bilat,bilat.txt,2309,2,6,3.515808,8118,0,0,80,1068,1053,106,2,0
cager,cager.txt,2309,2,6,3.515808,8118,0,0,61,1091,1064,91,2,0
calps,calps.txt,2309,2,6,3.515808,8118,0,0,64,1091,1055,97,2,0
clued,clued.txt,2309,1,5,3.515808,8118,1,1,73,1070,1064,101,0,0
corni,corni.txt,2309,2,6,3.515808,8118,0,0,62,1104,1036,104,3,0
hared,hared.txt,2309,2,5,3.515808,8118,0,0,72,1091,1029,117,0,0
longe,longe.txt,2309,2,6,3.515808,8118,0,0,74,1086,1038,106,5,0
noule,noule.txt,2309,2,6,3.515808,8118,0,0,59,1108,1037,102,3,0
plena,plena.txt,2309,2,5,3.515808,8118,0,0,82,1060,1061,106,0,0
porns,porns.txt,2309,2,6,3.515808,8118,0,0,66,1084,1063,94,2,0
ranch,ranch.txt,2309,1,6,3.515808,8118,1,1,62,1099,1041,104,2,0
rando,rando.txt,2309,2,6,3.515808,8118,0,0,80,1068,1054,104,3,0
reman,reman.txt,2309,2,6,3.515808,8118,0,0,80,1082,1025,120,2,0
ropes,ropes.txt,2309,2,6,3.515808,8118,0,0,64,1080,1077,86,2,0
soyle,soyle.txt,2309,2,6,3.515808,8118,0,0,57,1111,1036,103,2,0
stary,stary.txt,2309,2,6,3.515808,8118,0,0,54,1113,1041,99,2,0
terga,terga.txt,2309,2,6,3.515808,8118,0,0,69,1099,1026,111,4,0
bared,bared.txt,2309,2,6,3.516241,8119,0,0,76,1056,1088,87,2,0
bluet,bluet.txt,2309,2,6,3.516241,8119,0,0,88,1066,1033,119,3,0
bonce,bonce.txt,2309,2,6,3.516241,8119,0,0,67,1081,1067,90,4,0
botel,botel.txt,2309,2,5,3.516241,8119,0,0,81,1067,1049,112,0,0
brute,brute.txt,2309,1,6,3.516241,8119,1,1,84,1058,1056,108,2,0
cines,cines.txt,2309,2,6,3.516241,8119,0,0,62,1099,1043,104,1,0
diols,diols.txt,2309,2,6,3.516241,8119,0,0,66,1105,1021,114,3,0
enrol,enrol.txt,2309,2,6,3.516241,8119,0,0,70,1097,1025,114,3,0
goral,goral.txt,2309,2,6,3.516241,8119,0,0,78,1069,1055,106,1,0
leads,leads.txt,2309,2,6,3.516241,8119,0,0,70,1089,1040,108,2,0
losed,losed.txt,2309,2,5,3.516241,8119,0,0,63,1110,1017,119,0,0
parcs,parcs.txt,2309,2,5,3.516241,8119,0,0,69,1072,1075,93,0,0
pinot,pinot.txt,2309,2,6,3.516241,8119,0,0,67,1096,1036,107,3,0
reign,reign.txt,2309,1,6,3.516241,8119,1,1,79,1074,1040,112,3,0
remit,remit.txt,2309,1,6,3.516241,8119,1,1,74,1077,1048,107,2,0
royet,royet.txt,2309,2,6,3.516241,8119,0,0,60,1107,1036,102,4,0
sabir,sabir.txt,2309,2,6,3.516241,8119,0,0,65,1093,1049,98,4,0
seity,seity.txt,2309,2,6,3.516241,8119,0,0,67,1099,1031,108,4,0
shade,shade.txt,2309,1,6,3.516241,8119,1,1,70,1094,1026,116,2,0
telic,telic.txt,2309,2,6,3.516241,8119,0,0,65,1103,1027,112,2,0
trike,trike.txt,2309,2,6,3.516241,8119,0,0,61,1102,1041,103,2,0
amore,amore.txt,2309,2,6,3.516674,8120,0,0,69,1097,1027,113,3,0
argol,argol.txt,2309,2,6,3.516674,8120,0,0,71,1077,1060,99,2,0
armil,armil.txt,2309,2,6,3.516674,8120,0,0,66,1087,1055,99,2,0
clues,clues.txt,2309,2,6,3.516674,8120,0,0,69,1084,1051,104,1,0
coted,coted.txt,2309,2,6,3.516674,8120,0,0,68,1090,1043,106,2,0
doers,doers.txt,2309,2,6,3.516674,8120,0,0,60,1108,1033,104,4,0
epact,epact.txt,2309,2,6,3.516674,8120,0,0,80,1070,1046,112,1,0
grans,grans.txt,2309,2,5,3.516674,8120,0,0,62,1096,1047,104,0,0
lades,lades.txt,2309,2,5,3.516674,8120,0,0,62,1094,1051,102,0,0
liers,liers.txt,2309,2,6,3.516674,8120,0,0,63,1108,1027,104,7,0
males,males.txt,2309,2,6,3.516674,8120,0,0,69,1084,1054,98,4,0
moler,moler.txt,2309,2,6,3.516674,8120,0,0,67,1098,1031,110,3,0
molie,molie.txt,2309,2,6,3.516674,8120,0,0,73,1091,1025,119,1,0
nigre,nigre.txt,2309,2,6,3.516674,8120,0,0,77,1087,1023,119,3,0
noust,noust.txt,2309,2,6,3.516674,8120,0,0,62,1099,1042,105,1,0
phase,phase.txt,2309,1,6,3.516674,8120,1,1,76,1090,1017,121,4,0
pirns,pirns.txt,2309,2,6,3.516674,8120,0,0,60,1107,1034,105,3,0
plaur,plaur.txt,2309,2,6,3.516674,8120,0,0,72,1080,1050,106,1,0
praty,praty.txt,2309,2,6,3.516674,8120,0,0,76,1072,1055,104,2,0
regot,regot.txt,2309,2,5,3.516674,8120,0,0,70,1068,1079,92,0,0
spald,spald.txt,2309,2,6,3.516674,8120,0,0,62,1100,1042,102,3,0
speir,speir.txt,2309,2,6,3.516674,8120,0,0,76,1086,1027,118,2,0
teams,teams.txt,2309,2,6,3.516674,8120,0,0,67,1096,1033,112,1,0
bolar,bolar.txt,2309,2,6,3.517107,8121,0,0,77,1068,1058,105,1,0
boral,boral.txt,2309,2,6,3.517107,8121,0,0,80,1052,1081,95,1,0
canti,canti.txt,2309,2,6,3.517107,8121,0,0,61,1087,1068,92,1,0
cauld,cauld.txt,2309,2,6,3.517107,8121,0,0,73,1070,1066,99,1,0
cream,cream.txt,2309,1,6,3.517107,8121,1,1,72,1100,1009,122,5,0
dimer,dimer.txt,2309,2,6,3.517107,8121,0,0,71,1088,1039,107,4,0
faire,faire.txt,2309,2,6,3.517107,8121,0,0,80,1074,1041,109,5,0
grand,grand.txt,2309,1,6,3.517107,8121,1,1,80,1062,1057,108,1,0
hired,hired.txt,2309,2,6,3.517107,8121,0,0,72,1084,1041,111,1,0
hosel,hosel.txt,2309,2,5,3.517107,8121,0,0,64,1097,1038,110,0,0
laich,laich.txt,2309,2,6,3.517107,8121,0,0,61,1115,1013,118,2,0
ragde,ragde.txt,2309,2,6,3.517107,8121,0,0,82,1063,1053,110,1,0
rames,rames.txt,2309,2,6,3.517107,8121,0,0,66,1090,1051,97,5,0
ruled,ruled.txt,2309,2,6,3.517107,8121,0,0,72,1074,1061,101,1,0
shoal,shoal.txt,2309,1,6,3.517107,8121,1,1,61,1122,996,126,3,0
staid,staid.txt,2309,1,6,3.517107,8121,1,1,70,1087,1038,111,2,0
terms,terms.txt,2309,2,6,3.517107,8121,0,0,62,1101,1037,108,1,0
trabs,trabs.txt,2309,2,6,3.517107,8121,0,0,61,1095,1053,98,2,0
adorn,adorn.txt,2309,1,6,3.51754,8122,1,1,72,1079,1048,106,3,0
algor,algor.txt,2309,2,6,3.51754,8122,0,0,78,1053,1084,93,1,0
baser,baser.txt,2309,2,6,3.51754,8122,0,0,74,1068,1068,96,3,0
boite,boite.txt,2309,2,6,3.51754,8122,0,0,72,1084,1041,110,2,0
bride,bride.txt,2309,1,6,3.51754,8122,1,1,68,1085,1047,106,2,0
claps,claps.txt,2309,2,6,3.51754,8122,0,0,65,1096,1037,110,1,0
comte,comte.txt,2309,2,6,3.51754,8122,0,0,61,1111,1021,113,3,0
debar,debar.txt,2309,1,6,3.51754,8122,1,1,71,1071,1066,98,2,0
decor,decor.txt,2309,1,6,3.51754,8122,1,1,67,1080,1059,101,1,0
eclat,eclat.txt,2309,1,6,3.51754,8122,1,1,80,1057,1067,102,2,0
filet,filet.txt,2309,1,6,3.51754,8122,1,1,90,1042,1067,107,2,0
gland,gland.txt,2309,1,6,3.51754,8122,1,1,76,1070,1053,107,2,0
harls,harls.txt,2309,2,6,3.51754,8122,0,0,54,1110,1042,102,1,0
harns,harns.txt,2309,2,6,3.51754,8122,0,0,61,1104,1033,110,1,0
hoser,hoser.txt,2309,2,6,3.51754,8122,0,0,76,1089,1019,123,2,0
lager,lager.txt,2309,1,6,3.51754,8122,1,1,82,1065,1045,114,2,0
lured,lured.txt,2309,2,6,3.51754,8122,0,0,72,1081,1047,107,2,0
macer,macer.txt,2309,2,6,3.51754,8122,0,0,82,1058,1064,102,3,0
netas,netas.txt,2309,2,6,3.51754,8122,0,0,56,1101,1055,95,2,0
noted,noted.txt,2309,2,6,3.51754,8122,0,0,71,1081,1049,107,1,0
olpae,olpae.txt,2309,2,6,3.51754,8122,0,0,62,1110,1019,116,2,0
petri,petri.txt,2309,2,6,3.51754,8122,0,0,66,1094,1041,104,4,0
pluot,pluot.txt,2309,2,6,3.51754,8122,0,0,66,1093,1040,109,1,0
porin,porin.txt,2309,2,6,3.51754,8122,0,0,66,1093,1043,103,4,0
ratus,ratus.txt,2309,2,6,3.51754,8122,0,0,59,1097,1054,97,2,0
rebit,rebit.txt,2309,2,6,3.51754,8122,0,0,80,1054,1076,98,1,0
roany,roany.txt,2309,2,6,3.51754,8122,0,0,72,1081,1048,105,3,0
runes,runes.txt,2309,2,6,3.51754,8122,0,0,74,1080,1044,108,3,0
stage,stage.txt,2309,1,6,3.51754,8122,1,1,57,1125,1003,118,5,0
tawse,tawse.txt,2309,2,6,3.51754,8122,0,0,62,1097,1046,101,3,0
thirl,thirl.txt,2309,2,6,3.51754,8122,0,0,66,1104,1021,114,4,0
turns,turns.txt,2309,2,6,3.51754,8122,0,0,61,1098,1048,98,4,0
acned,acned.txt,2309,2,5,3.517973,8123,0,0,63,1080,1073,93,0,0
biner,biner.txt,2309,2,6,3.517973,8123,0,0,77,1067,1060,102,3,0
laund,laund.txt,2309,2,6,3.517973,8123,0,0,62,1097,1044,104,2,0
meats,meats.txt,2309,2,6,3.517973,8123,0,0,70,1091,1033,112,3,0
molar,molar.txt,2309,1,6,3.517973,8123,1,1,75,1071,1052,109,1,0
pants,pants.txt,2309,2,6,3.517973,8123,0,0,62,1098,1042,105,2,0
regal,regal.txt,2309,1,6,3.517973,8123,1,1,72,1082,1042,108,4,0
safer,safer.txt,2309,1,6,3.517973,8123,1,1,58,1101,1045,101,3,0
torus,torus.txt,2309,1,6,3.517973,8123,1,1,68,1085,1046,107,2,0
unlet,unlet.txt,2309,2,6,3.517973,8123,0,0,77,1069,1054,108,1,0
almes,almes.txt,2309,2,6,3.518406,8124,0,0,61,1098,1047,98,5,0
anger,anger.txt,2309,1,6,3.518406,8124,1,1,78,1067,1053,106,4,0
bears,bears.txt,2309,2,6,3.518406,8124,0,0,72,1086,1037,110,4,0
blert,blert.txt,2309,2,6,3.518406,8124,0,0,73,1077,1053,101,5,0
claim,claim.txt,2309,1,6,3.518406,8124,1,1,71,1077,1054,102,4,0
coarb,coarb.txt,2309,2,6,3.518406,8124,0,0,69,1068,1080,90,2,0
deros,deros.txt,2309,2,6,3.518406,8124,0,0,59,1096,1056,94,4,0
dirge,dirge.txt,2309,1,6,3.518406,8124,1,1,71,1080,1047,107,3,0
dolts,dolts.txt,2309,2,6,3.518406,8124,0,0,60,1094,1056,96,3,0
gride,gride.txt,2309,2,6,3.518406,8124,0,0,70,1088,1038,110,3,0
haled,haled.txt,2309,2,6,3.518406,8124,0,0,71,1075,1060,101,2,0
halon,halon.txt,2309,2,5,3.518406,8124,0,0,62,1106,1023,118,0,0
leaps,leaps.txt,2309,2,6,3.518406,8124,0,0,74,1083,1036,113,3,0
miles,miles.txt,2309,2,6,3.518406,8124,0,0,67,1088,1046,106,2,0
parti,parti.txt,2309,2,6,3.518406,8124,0,0,63,1093,1049,101,3,0
proas,proas.txt,2309,2,6,3.518406,8124,0,0,69,1089,1040,107,4,0
roach,roach.txt,2309,1,6,3.518406,8124,1,1,70,1095,1022,116,5,0
strad,strad.txt,2309,2,6,3.518406,8124,0,0,59,1096,1054,98,2,0
styre,styre.txt,2309,2,6,3.518406,8124,0,0,45,1120,1050,90,4,0
super,super.txt,2309,1,6,3.518406,8124,1,1,78,1074,1040,111,5,0
talus,talus.txt,2309,2,6,3.518406,8124,0,0,58,1101,1048,99,3,0
tapis,tapis.txt,2309,2,6,3.518406,8124,0,0,73,1065,1075,93,3,0
bares,bares.txt,2309,2,6,3.518839,8125,0,0,73,1072,1059,103,2,0
biont,biont.txt,2309,2,6,3.518839,8125,0,0,73,1075,1053,106,2,0
biter,biter.txt,2309,2,6,3.518839,8125,0,0,78,1063,1061,106,1,0
comae,comae.txt,2309,2,6,3.518839,8125,0,0,68,1093,1033,112,3,0
erica,erica.txt,2309,2,6,3.518839,8125,0,0,68,1106,1011,117,7,0
frise,frise.txt,2309,2,6,3.518839,8125,0,0,74,1079,1044,108,4,0
glans,glans.txt,2309,2,6,3.518839,8125,0,0,70,1090,1032,115,2,0
hails,hails.txt,2309,2,6,3.518839,8125,0,0,56,1117,1023,108,5,0
leish,leish.txt,2309,2,6,3.518839,8125,0,0,58,1116,1021,107,7,0
mince,mince.txt,2309,1,6,3.518839,8125,1,1,61,1097,1042,105,3,0
pairs,pairs.txt,2309,2,6,3.518839,8125,0,0,66,1101,1024,114,4,0
pause,pause.txt,2309,1,6,3.518839,8125,1,1,67,1098,1024,114,5,0
percs,percs.txt,2309,2,6,3.518839,8125,0,0,71,1064,1081,91,2,0
pirls,pirls.txt,2309,2,6,3.518839,8125,0,0,63,1100,1035,107,4,0
plets,plets.txt,2309,2,6,3.518839,8125,0,0,76,1079,1037,114,3,0
plots,plots.txt,2309,2,6,3.518839,8125,0,0,73,1060,1082,93,1,0
porge,porge.txt,2309,2,6,3.518839,8125,0,0,63,1107,1019,118,2,0
poult,poult.txt,2309,2,6,3.518839,8125,0,0,66,1096,1031,115,1,0
routs,routs.txt,2309,2,6,3.518839,8125,0,0,61,1096,1047,103,2,0
sadhe,sadhe.txt,2309,2,6,3.518839,8125,0,0,54,1114,1032,107,2,0
serai,serai.txt,2309,2,6,3.518839,8125,0,0,53,1137,990,126,3,0
trims,trims.txt,2309,2,6,3.518839,8125,0,0,65,1081,1065,96,2,0
blaes,blaes.txt,2309,2,5,3.519272,8126,0,0,65,1076,1072,96,0,0
bodle,bodle.txt,2309,2,6,3.519272,8126,0,0,77,1068,1053,110,1,0
bores,bores.txt,2309,2,6,3.519272,8126,0,0,69,1075,1064,99,2,0
brame,brame.txt,2309,2,6,3.519272,8126,0,0,80,1075,1033,117,4,0
buret,buret.txt,2309,2,6,3.519272,8126,0,0,87,1050,1062,106,4,0
cupel,cupel.txt,2309,2,6,3.519272,8126,0,0,70,1082,1047,108,2,0
heals,heals.txt,2309,2,6,3.519272,8126,0,0,69,1095,1028,111,6,0
linos,linos.txt,2309,2,6,3.519272,8126,0,0,59,1100,1043,106,1,0
meils,meils.txt,2309,2,6,3.519272,8126,0,0,71,1082,1044,110,2,0
minae,minae.txt,2309,2,6,3.519272,8126,0,0,74,1099,1004,127,5,0
moral,moral.txt,2309,1,6,3.519272,8126,1,1,71,1076,1052,107,2,0
peons,peons.txt,2309,2,6,3.519272,8126,0,0,67,1075,1069,97,1,0
ratio,ratio.txt,2309,1,6,3.519272,8126,1,1,76,1077,1037,114,4,0
tabls,tabls.txt,2309,2,6,3.519272,8126,0,0,65,1083,1061,97,3,0
tinge,tinge.txt,2309,2,6,3.519272,8126,0,0,69,1077,1060,101,2,0
angel,angel.txt,2309,1,6,3.519706,8127,1,1,83,1054,1061,106,4,0
beals,beals.txt,2309,2,5,3.519706,8127,0,0,73,1068,1063,105,0,0
dines,dines.txt,2309,2,6,3.519706,8127,0,0,68,1081,1055,102,3,0
grano,grano.txt,2309,2,5,3.519706,8127,0,0,72,1074,1054,109,0,0
groan,groan.txt,2309,1,6,3.519706,8127,1,1,71,1079,1045,111,2,0
hires,hires.txt,2309,2,6,3.519706,8127,0,0,71,1092,1023,121,2,0
leman,leman.txt,2309,2,6,3.519706,8127,0,0,77,1065,1060,104,3,0
oncer,oncer.txt,2309,2,6,3.519706,8127,0,0,62,1080,1074,91,2,0
party,party.txt,2309,1,6,3.519706,8127,1,1,82,1043,1085,95,3,0
pined,pined.txt,2309,2,6,3.519706,8127,0,0,71,1071,1064,102,1,0
reate,reate.txt,2309,2,6,3.519706,8127,0,0,66,1100,1025,113,5,0
rimed,rimed.txt,2309,2,6,3.519706,8127,0,0,74,1073,1053,106,3,0
spurt,spurt.txt,2309,1,6,3.519706,8127,1,1,72,1072,1055,108,1,0
tames,tames.txt,2309,2,6,3.519706,8127,0,0,62,1096,1041,109,1,0
tyran,tyran.txt,2309,2,6,3.519706,8127,0,0,58,1101,1043,106,1,0
yearn,yearn.txt,2309,1,6,3.519706,8127,1,1,59,1095,1053,95,6,0
comet,comet.txt,2309,1,6,3.520139,8128,1,1,62,1096,1037,111,2,0
crony,crony.txt,2309,1,6,3.520139,8128,1,1,59,1086,1065,97,1,0
decan,decan.txt,2309,2,6,3.520139,8128,0,0,69,1076,1059,104,1,0
flote,flote.txt,2309,2,6,3.520139,8128,0,0,74,1051,1097,83,4,0
irons,irons.txt,2309,2,6,3.520139,8128,0,0,54,1109,1039,105,2,0
pelas,pelas.txt,2309,2,6,3.520139,8128,0,0,83,1065,1041,117,3,0
scena,scena.txt,2309,2,6,3.520139,8128,0,0,64,1083,1060,101,1,0
shorl,shorl.txt,2309,2,6,3.520139,8128,0,0,63,1094,1043,106,3,0
tamed,tamed.txt,2309,2,5,3.520139,8128,0,0,79,1053,1074,103,0,0
ticed,ticed.txt,2309,2,5,3.520139,8128,0,0,76,1058,1073,102,0,0
toads,toads.txt,2309,2,6,3.520139,8128,0,0,61,1099,1039,107,3,0
trema,trema.txt,2309,2,6,3.520139,8128,0,0,83,1064,1044,114,4,0
worse,worse.txt,2309,1,6,3.520139,8128,1,1,70,1083,1040,112,3,0
aroid,aroid.txt,2309,2,6,3.520572,8129,0,0,84,1076,1015,131,3,0
basen,basen.txt,2309,2,6,3.520572,8129,0,0,72,1054,1093,89,1,0
blats,blats.txt,2309,2,6,3.520572,8129,0,0,62,1078,1078,87,4,0
blent,blent.txt,2309,2,6,3.520572,8129,0,0,65,1076,1070,97,1,0
broil,broil.txt,2309,1,6,3.520572,8129,1,1,65,1088,1044,108,3,0
clams,clams.txt,2309,2,6,3.520572,8129,0,0,71,1070,1066,99,3,0
corey,corey.txt,2309,2,6,3.520572,8129,0,0,66,1088,1044,109,2,0
cosed,cosed.txt,2309,2,6,3.520572,8129,0,0,58,1091,1061,98,1,0
diels,diels.txt,2309,2,6,3.520572,8129,0,0,65,1092,1041,107,4,0
enols,enols.txt,2309,2,6,3.520572,8129,0,0,62,1093,1045,108,1,0
front,front.txt,2309,1,6,3.520572,8129,1,1,69,1070,1067,100,2,0
gault,gault.txt,2309,2,6,3.520572,8129,0,0,70,1072,1064,101,2,0
gulet,gulet.txt,2309,2,6,3.520572,8129,0,0,77,1076,1035,119,2,0
horal,horal.txt,2309,2,6,3.520572,8129,0,0,68,1093,1028,118,2,0
lenti,lenti.txt,2309,2,5,3.520572,8129,0,0,63,1085,1057,104,0,0
lutea,lutea.txt,2309,2,6,3.520572,8129,0,0,69,1078,1054,107,1,0
mesal,mesal.txt,2309,2,6,3.520572,8129,0,0,71,1084,1041,107,6,0
noble,noble.txt,2309,1,6,3.520572,8129,1,1,66,1077,1062,101,2,0
ontal,ontal.txt,2309,2,6,3.520572,8129,0,0,73,1078,1045,109,4,0
parid,parid.txt,2309,2,5,3.520572,8129,0,0,68,1090,1032,119,0,0
potes,potes.txt,2309,2,5,3.520572,8129,0,0,66,1073,1072,98,0,0
rauns,rauns.txt,2309,2,6,3.520572,8129,0,0,56,1092,1065,95,1,0
recut,recut.txt,2309,1,6,3.520572,8129,1,1,72,1062,1077,92,5,0
repla,repla.txt,2309,2,6,3.520572,8129,0,0,73,1069,1060,106,1,0
resod,resod.txt,2309,2,6,3.520572,8129,0,0,62,1082,1069,93,3,0
speil,speil.txt,2309,2,5,3.520572,8129,0,0,79,1063,1053,114,0,0
toeas,toeas.txt,2309,2,6,3.520572,8129,0,0,58,1128,991,127,5,0
topes,topes.txt,2309,2,6,3.520572,8129,0,0,61,1088,1058,101,1,0
trady,trady.txt,2309,2,6,3.520572,8129,0,0,67,1085,1049,104,4,0
yrent,yrent.txt,2309,2,6,3.520572,8129,0,0,53,1104,1051,99,2,0
chair,chair.txt,2309,1,6,3.521005,8130,1,1,67,1098,1020,117,6,0
crams,crams.txt,2309,2,6,3.521005,8130,0,0,77,1056,1074,100,2,0
dalis,dalis.txt,2309,2,6,3.521005,8130,0,0,65,1095,1033,113,3,0
doble,doble.txt,2309,2,6,3.521005,8130,0,0,75,1067,1057,109,1,0
dotes,dotes.txt,2309,2,6,3.521005,8130,0,0,67,1074,1068,98,2,0
dunce,dunce.txt,2309,1,6,3.521005,8130,1,1,66,1093,1030,116,3,0
hurst,hurst.txt,2309,2,6,3.521005,8130,0,0,80,1084,1013,126,6,0
idant,idant.txt,2309,2,6,3.521005,8130,0,0,69,1076,1058,104,2,0
karst,karst.txt,2309,2,6,3.521005,8130,0,0,56,1102,1044,106,1,0
lanch,lanch.txt,2309,2,6,3.521005,8130,0,0,60,1097,1042,109,1,0
manes,manes.txt,2309,2,6,3.521005,8130,0,0,61,1087,1061,97,3,0
noels,noels.txt,2309,2,6,3.521005,8130,0,0,59,1098,1045,104,3,0
oncet,oncet.txt,2309,2,6,3.521005,8130,0,0,71,1070,1063,104,1,0
paris,paris.txt,2309,2,6,3.521005,8130,0,0,71,1081,1043,111,3,0
pines,pines.txt,2309,2,6,3.521005,8130,0,0,61,1086,1063,96,3,0
plica,plica.txt,2309,2,6,3.521005,8130,0,0,66,1085,1049,107,2,0
ramon,ramon.txt,2309,2,6,3.521005,8130,0,0,83,1063,1041,121,1,0
rands,rands.txt,2309,2,6,3.521005,8130,0,0,66,1067,1085,89,2,0
repas,repas.txt,2309,2,6,3.521005,8130,0,0,67,1076,1065,98,3,0
simar,simar.txt,2309,2,5,3.521005,8130,0,0,65,1099,1022,123,0,0
spred,spred.txt,2309,2,6,3.521005,8130,0,0,61,1084,1065,98,1,0
sware,sware.txt,2309,2,6,3.521005,8130,0,0,65,1090,1044,106,4,0
syren,syren.txt,2309,2,6,3.521005,8130,0,0,57,1096,1055,98,3,0
trave,trave.txt,2309,2,6,3.521005,8130,0,0,66,1091,1038,111,3,0
alcid,alcid.txt,2309,2,6,3.521438,8131,0,0,74,1069,1056,108,2,0
arete,arete.txt,2309,2,6,3.521438,8131,0,0,66,1090,1040,109,4,0
atrip,atrip.txt,2309,2,6,3.521438,8131,0,0,67,1078,1062,97,5,0
brand,brand.txt,2309,1,6,3.521438,8131,1,1,74,1054,1082,96,2,0
calms,calms.txt,2309,2,6,3.521438,8131,0,0,60,1094,1048,105,2,0
chals,chals.txt,2309,2,6,3.521438,8131,0,0,66,1088,1042,111,2,0
dirts,dirts.txt,2309,2,6,3.521438,8131,0,0,57,1088,1072,87,5,0
dulce,dulce.txt,2309,2,6,3.521438,8131,0,0,64,1084,1056,103,2,0
glent,glent.txt,2309,2,6,3.521438,8131,0,0,67,1078,1061,99,4,0
gored,gored.txt,2309,2,6,3.521438,8131,0,0,65,1072,1078,91,3,0
incel,incel.txt,2309,2,6,3.521438,8131,0,0,72,1088,1024,123,2,0
lands,lands.txt,2309,2,6,3.521438,8131,0,0,60,1088,1060,99,2,0
larch,larch.txt,2309,2,6,3.521438,8131,0,0,67,1087,1040,114,1,0
liras,liras.txt,2309,2,6,3.521438,8131,0,0,69,1085,1042,108,5,0
lodes,lodes.txt,2309,2,5,3.521438,8131,0,0,67,1091,1031,120,0,0
mails,mails.txt,2309,2,6,3.521438,8131,0,0,66,1085,1051,102,5,0
nelis,nelis.txt,2309,2,5,3.521438,8131,0,0,71,1070,1061,107,0,0
noirs,noirs.txt,2309,2,6,3.521438,8131,0,0,58,1112,1020,115,4,0
peris,peris.txt,2309,2,6,3.521438,8131,0,0,72,1081,1038,116,2,0
raids,raids.txt,2309,2,6,3.521438,8131,0,0,67,1074,1068,97,3,0
rainy,rainy.txt,2309,1,5,3.521438,8131,1,1,63,1082,1057,106,0,0
raphe,raphe.txt,2309,2,6,3.521438,8131,0,0,68,1073,1066,100,2,0
retam,retam.txt,2309,2,6,3.521438,8131,0,0,77,1060,1067,101,4,0
scope,scope.txt,2309,1,6,3.521438,8131,1,1,66,1070,1075,94,3,0
snary,snary.txt,2309,2,6,3.521438,8131,0,0,62,1110,1014,117,6,0
tansu,tansu.txt,2309,2,6,3.521438,8131,0,0,52,1107,1048,98,4,0
terne,terne.txt,2309,2,6,3.521438,8131,0,0,71,1076,1053,105,4,0
thiol,thiol.txt,2309,2,6,3.521438,8131,0,0,66,1090,1038,113,2,0
togae,togae.txt,2309,2,6,3.521438,8131,0,0,67,1086,1042,113,1,0
ursae,ursae.txt,2309,2,6,3.521438,8131,0,0,52,1129,1005,118,5,0
worst,worst.txt,2309,1,6,3.521438,8131,1,1,72,1079,1039,115,3,0
yrapt,yrapt.txt,2309,2,6,3.521438,8131,0,0,62,1086,1058,101,2,0
afret,afret.txt,2309,2,6,3.521871,8132,0,0,69,1064,1080,94,2,0
arcos,arcos.txt,2309,2,6,3.521871,8132,0,0,66,1076,1065,100,2,0
areic,areic.txt,2309,2,6,3.521871,8132,0,0,52,1120,1023,108,6,0
caped,caped.txt,2309,2,5,3.521871,8132,0,0,68,1071,1067,103,0,0
cutie,cutie.txt,2309,1,6,3.521871,8132,1,1,71,1073,1052,110,2,0
eldin,eldin.txt,2309,2,6,3.521871,8132,0,0,76,1069,1052,107,5,0
feist,feist.txt,2309,2,6,3.521871,8132,0,0,80,1064,1052,106,7,0
galed,galed.txt,2309,2,6,3.521871,8132,0,0,80,1042,1091,94,2,0
gaols,gaols.txt,2309,2,6,3.521871,8132,0,0,66,1091,1037,111,4,0
gores,gores.txt,2309,2,6,3.521871,8132,0,0,66,1085,1047,109,2,0
heils,heils.txt,2309,2,6,3.521871,8132,0,0,62,1102,1028,112,5,0
pedal,pedal.txt,2309,1,6,3.521871,8132,1,1,81,1051,1066,108,2,0
reams,reams.txt,2309,2,6,3.521871,8132,0,0,69,1086,1038,112,4,0
rules,rules.txt,2309,2,6,3.521871,8132,0,0,70,1086,1033,118,2,0
rutin,rutin.txt,2309,2,6,3.521871,8132,0,0,73,1090,1017,126,3,0
shute,shute.txt,2309,2,6,3.521871,8132,0,0,70,1096,1016,122,5,0
soily,soily.txt,2309,2,6,3.521871,8132,0,0,59,1116,1009,120,5,0
spaed,spaed.txt,2309,2,6,3.521871,8132,0,0,69,1067,1076,93,4,0
toney,toney.txt,2309,2,6,3.521871,8132,0,0,77,1070,1043,118,1,0
abort,abort.txt,2309,1,6,3.522304,8133,1,1,73,1076,1041,114,4,0
acnes,acnes.txt,2309,2,6,3.522304,8133,0,0,58,1090,1061,97,3,0
actin,actin.txt,2309,2,6,3.522304,8133,0,0,74,1061,1070,102,2,0
bland,bland.txt,2309,1,6,3.522304,8133,1,1,66,1077,1057,107,1,0
carom,carom.txt,2309,2,6,3.522304,8133,0,0,89,1044,1060,113,3,0
chape,chape.txt,2309,2,6,3.522304,8133,0,0,71,1084,1034,117,3,0
ecard,ecard.txt,2309,2,6,3.522304,8133,0,0,78,1061,1058,110,2,0
glean,glean.txt,2309,1,6,3.522304,8133,1,1,84,1044,1071,106,3,0
gnarl,gnarl.txt,2309,2,6,3.522304,8133,0,0,74,1067,1059,106,3,0
grein,grein.txt,2309,2,6,3.522304,8133,0,0,74,1085,1025,120,5,0
haets,haets.txt,2309,2,6,3.522304,8133,0,0,61,1102,1028,115,3,0
herls,herls.txt,2309,2,6,3.522304,8133,0,0,60,1095,1044,108,2,0
liger,liger.txt,2309,2,6,3.522304,8133,0,0,81,1042,1086,99,1,0
loach,loach.txt,2309,2,6,3.522304,8133,0,0,61,1109,1016,118,5,0
loris,loris.txt,2309,2,6,3.522304,8133,0,0,66,1084,1048,109,2,0
pelon,pelon.txt,2309,2,6,3.522304,8133,0,0,66,1081,1053,108,1,0
polts,polts.txt,2309,2,6,3.522304,8133,0,0,70,1067,1070,100,2,0
rages,rages.txt,2309,2,6,3.522304,8133,0,0,70,1073,1059,104,3,0
rosti,rosti.txt,2309,2,6,3.522304,8133,0,0,61,1091,1048,108,1,0
scarp,scarp.txt,2309,2,5,3.522304,8133,0,0,67,1075,1061,106,0,0
slyer,slyer.txt,2309,2,6,3.522304,8133,0,0,56,1095,1055,102,1,0
tramp,tramp.txt,2309,1,6,3.522304,8133,1,1,67,1068,1072,100,1,0
barns,barns.txt,2309,2,6,3.522737,8134,0,0,64,1081,1060,101,3,0
blame,blame.txt,2309,1,6,3.522737,8134,1,1,77,1051,1079,96,5,0
craig,craig.txt,2309,2,6,3.522737,8134,0,0,60,1096,1044,104,5,0
crake,crake.txt,2309,2,6,3.522737,8134,0,0,74,1082,1030,118,5,0
daris,daris.txt,2309,2,6,3.522737,8134,0,0,65,1089,1042,109,4,0
ergot,ergot.txt,2309,2,6,3.522737,8134,0,0,64,1093,1035,115,2,0
goals,goals.txt,2309,2,6,3.522737,8134,0,0,68,1083,1043,113,2,0
grope,grope.txt,2309,1,6,3.522737,8134,1,1,68,1080,1047,109,4,0
lepta,lepta.txt,2309,2,6,3.522737,8134,0,0,85,1039,1081,101,3,0
lidar,lidar.txt,2309,2,6,3.522737,8134,0,0,75,1058,1073,100,3,0
linac,linac.txt,2309,2,6,3.522737,8134,0,0,65,1085,1050,105,4,0
pains,pains.txt,2309,2,6,3.522737,8134,0,0,65,1085,1049,107,3,0
pinol,pinol.txt,2309,2,6,3.522737,8134,0,0,66,1090,1036,114,3,0
plead,plead.txt,2309,1,6,3.522737,8134,1,1,79,1044,1083,101,1,0
porth,porth.txt,2309,2,6,3.522737,8134,0,0,71,1075,1050,111,2,0
proem,proem.txt,2309,2,6,3.522737,8134,0,0,72,1085,1029,119,4,0
puler,puler.txt,2309,2,6,3.522737,8134,0,0,74,1073,1045,115,2,0
ripes,ripes.txt,2309,2,6,3.522737,8134,0,0,71,1078,1044,114,2,0
salud,salud.txt,2309,2,6,3.522737,8134,0,0,64,1085,1052,105,3,0
scold,scold.txt,2309,1,6,3.522737,8134,1,1,54,1090,1067,95,2,0
spain,spain.txt,2309,2,6,3.522737,8134,0,0,78,1068,1044,116,3,0
spied,spied.txt,2309,1,6,3.522737,8134,1,1,60,1095,1041,108,4,0
tacos,tacos.txt,2309,2,6,3.522737,8134,0,0,65,1087,1047,105,5,0
tamin,tamin.txt,2309,2,6,3.522737,8134,0,0,81,1067,1037,121,3,0
aures,aures.txt,2309,2,6,3.52317,8135,0,0,70,1093,1018,124,4,0
certy,certy.txt,2309,2,6,3.52317,8135,0,0,71,1068,1064,103,3,0
cheat,cheat.txt,2309,1,6,3.52317,8135,1,1,73,1062,1065,106,2,0
chose,chose.txt,2309,1,6,3.52317,8135,1,1,65,1087,1039,115,2,0
coley,coley.txt,2309,2,6,3.52317,8135,0,0,63,1084,1054,107,1,0
could,could.txt,2309,1,6,3.52317,8135,1,1,71,1059,1077,99,2,0
crops,crops.txt,2309,2,6,3.52317,8135,0,0,70,1071,1060,106,2,0
derth,derth.txt,2309,2,6,3.52317,8135,0,0,65,1088,1041,113,2,0
force,force.txt,2309,1,6,3.52317,8135,1,1,62,1089,1048,103,6,0
ligne,ligne.txt,2309,2,6,3.52317,8135,0,0,75,1081,1028,120,5,0
lithe,lithe.txt,2309,1,6,3.52317,8135,1,1,58,1094,1045,110,1,0
nelia,nelia.txt,2309,2,6,3.52317,8135,0,0,67,1094,1024,121,3,0
raged,raged.txt,2309,2,6,3.52317,8135,0,0,72,1063,1070,102,2,0
saree,saree.txt,2309,2,6,3.52317,8135,0,0,55,1119,1012,118,5,0
siped,siped.txt,2309,2,6,3.52317,8135,0,0,64,1082,1056,105,2,0
urned,urned.txt,2309,2,6,3.52317,8135,0,0,70,1074,1054,109,2,0
bonie,bonie.txt,2309,2,6,3.523603,8136,0,0,78,1072,1036,118,5,0
cards,cards.txt,2309,2,6,3.523603,8136,0,0,62,1073,1078,95,1,0
clang,clang.txt,2309,1,6,3.523603,8136,1,1,61,1067,1089,90,1,0
coria,coria.txt,2309,2,6,3.523603,8136,0,0,72,1090,1016,128,3,0
death,death.txt,2309,1,6,3.523603,8136,1,1,68,1086,1032,119,3,0
dorsa,dorsa.txt,2309,2,6,3.523603,8136,0,0,57,1109,1023,117,3,0
flirt,flirt.txt,2309,1,6,3.523603,8136,1,1,86,1037,1076,106,3,0
flore,flore.txt,2309,2,6,3.523603,8136,0,0,67,1048,1115,76,3,0
grits,grits.txt,2309,2,6,3.523603,8136,0,0,63,1078,1068,96,4,0
latch,latch.txt,2309,1,6,3.523603,8136,1,1,64,1081,1054,106,3,0
lures,lures.txt,2309,2,6,3.523603,8136,0,0,71,1082,1035,118,3,0
lutes,lutes.txt,2309,2,6,3.523603,8136,0,0,66,1088,1039,112,4,0
moran,moran.txt,2309,2,6,3.523603,8136,0,0,75,1065,1058,107,4,0
peins,peins.txt,2309,2,6,3.523603,8136,0,0,69,1079,1046,113,2,0
pents,pents.txt,2309,2,6,3.523603,8136,0,0,65,1075,1065,103,1,0
plout,plout.txt,2309,2,6,3.523603,8136,0,0,68,1071,1064,105,1,0
rhies,rhies.txt,2309,2,6,3.523603,8136,0,0,73,1085,1022,127,2,0
riads,riads.txt,2309,2,6,3.523603,8136,0,0,71,1062,1076,96,4,0
roues,roues.txt,2309,2,6,3.523603,8136,0,0,58,1099,1040,109,3,0
shame,shame.txt,2309,1,6,3.523603,8136,1,1,70,1084,1034,113,7,0
silty,silty.txt,2309,2,6,3.523603,8136,0,0,70,1073,1056,107,3,0
storm,storm.txt,2309,1,6,3.523603,8136,1,1,65,1074,1066,99,4,0
tides,tides.txt,2309,2,6,3.523603,8136,0,0,69,1072,1060,106,2,0
bider,bider.txt,2309,2,6,3.524036,8137,0,0,79,1048,1079,99,4,0
borts,borts.txt,2309,2,6,3.524036,8137,0,0,71,1065,1069,100,4,0
comal,comal.txt,2309,2,6,3.524036,8137,0,0,74,1057,1075,100,3,0
corda,corda.txt,2309,2,6,3.524036,8137,0,0,75,1063,1058,112,1,0
goest,goest.txt,2309,2,6,3.524036,8137,0,0,60,1098,1034,115,2,0
herns,herns.txt,2309,2,6,3.524036,8137,0,0,65,1091,1033,118,2,0
honed,honed.txt,2309,2,5,3.524036,8137,0,0,71,1075,1045,118,0,0
merls,merls.txt,2309,2,6,3.524036,8137,0,0,62,1081,1064,98,4,0
moals,moals.txt,2309,2,6,3.524036,8137,0,0,66,1082,1048,111,2,0
nosed,nosed.txt,2309,2,6,3.524036,8137,0,0,65,1071,1073,98,2,0
oread,oread.txt,2309,2,6,3.524036,8137,0,0,75,1072,1042,117,3,0
paced,paced.txt,2309,2,5,3.524036,8137,0,0,68,1070,1064,107,0,0
pleno,pleno.txt,2309,2,5,3.524036,8137,0,0,65,1081,1051,112,0,0
potin,potin.txt,2309,2,6,3.524036,8137,0,0,79,1048,1077,103,2,0
rotch,rotch.txt,2309,2,6,3.524036,8137,0,0,70,1067,1067,102,3,0
scath,scath.txt,2309,2,6,3.524036,8137,0,0,67,1070,1069,101,2,0
snead,snead.txt,2309,2,6,3.524036,8137,0,0,74,1075,1039,118,3,0
sorda,sorda.txt,2309,2,6,3.524036,8137,0,0,64,1095,1029,118,3,0
cased,cased.txt,2309,2,6,3.524469,8138,0,0,58,1083,1070,95,3,0
cloam,cloam.txt,2309,2,6,3.524469,8138,0,0,72,1069,1056,109,3,0
delts,delts.txt,2309,2,5,3.524469,8138,0,0,60,1077,1073,99,0,0
dents,dents.txt,2309,2,6,3.524469,8138,0,0,58,1076,1084,88,3,0
doits,doits.txt,2309,2,6,3.524469,8138,0,0,60,1092,1045,110,2,0
hable,hable.txt,2309,2,6,3.524469,8138,0,0,65,1088,1040,112,4,0
laity,laity.txt,2309,2,6,3.524469,8138,0,0,66,1066,1079,96,2,0
limen,limen.txt,2309,2,6,3.524469,8138,0,0,69,1070,1065,100,5,0
lotah,lotah.txt,2309,2,6,3.524469,8138,0,0,65,1091,1037,109,7,0
malts,malts.txt,2309,2,6,3.524469,8138,0,0,65,1070,1073,100,1,0
maned,maned.txt,2309,2,6,3.524469,8138,0,0,72,1073,1047,115,2,0
pagne,pagne.txt,2309,2,6,3.524469,8138,0,0,76,1068,1046,116,3,0
pleas,pleas.txt,2309,2,6,3.524469,8138,0,0,78,1072,1032,124,3,0
slorm,slorm.txt,2309,2,6,3.524469,8138,0,0,60,1080,1072,92,5,0
sopra,sopra.txt,2309,2,6,3.524469,8138,0,0,71,1077,1043,115,3,0
stray,stray.txt,2309,1,6,3.524469,8138,1,1,60,1091,1045,108,4,0
strop,strop.txt,2309,2,6,3.524469,8138,0,0,71,1069,1063,99,7,0
tepas,tepas.txt,2309,2,6,3.524469,8138,0,0,72,1059,1076,99,3,0
trigs,trigs.txt,2309,2,6,3.524469,8138,0,0,64,1075,1069,97,4,0
abnet,abnet.txt,2309,2,6,3.524903,8139,0,0,63,1071,1076,98,1,0
ament,ament.txt,2309,2,6,3.524903,8139,0,0,73,1071,1049,112,4,0
banes,banes.txt,2309,2,6,3.524903,8139,0,0,63,1067,1085,92,2,0
burse,burse.txt,2309,2,5,3.524903,8139,0,0,78,1059,1054,118,0,0
croft,croft.txt,2309,2,6,3.524903,8139,0,0,65,1067,1079,96,2,0
flint,flint.txt,2309,1,6,3.524903,8139,1,1,74,1042,1098,92,2,0
glute,glute.txt,2309,2,6,3.524903,8139,0,0,72,1066,1061,107,3,0
hider,hider.txt,2309,2,6,3.524903,8139,0,0,73,1071,1047,116,2,0
marls,marls.txt,2309,2,6,3.524903,8139,0,0,60,1081,1065,102,1,0
mires,mires.txt,2309,2,6,3.524903,8139,0,0,72,1073,1047,114,3,0
nilas,nilas.txt,2309,2,6,3.524903,8139,0,0,61,1091,1042,114,1,0
opter,opter.txt,2309,2,6,3.524903,8139,0,0,75,1055,1074,102,3,0
pecan,pecan.txt,2309,1,6,3.524903,8139,1,1,76,1055,1065,111,1,0
ridge,ridge.txt,2309,1,6,3.524903,8139,1,1,73,1057,1070,107,1,0
shola,shola.txt,2309,2,6,3.524903,8139,0,0,61,1102,1023,119,4,0
shule,shule.txt,2309,2,6,3.524903,8139,0,0,68,1086,1032,121,2,0
trank,trank.txt,2309,2,6,3.524903,8139,0,0,66,1089,1034,116,4,0
acold,acold.txt,2309,2,6,3.525336,8140,0,0,67,1083,1043,111,5,0
alios,alios.txt,2309,2,6,3.525336,8140,0,0,64,1105,1007,129,4,0
blanc,blanc.txt,2309,2,6,3.525336,8140,0,0,63,1074,1070,100,2,0
creps,creps.txt,2309,2,6,3.525336,8140,0,0,72,1059,1073,103,2,0
cunit,cunit.txt,2309,2,6,3.525336,8140,0,0,74,1083,1020,129,3,0
lipes,lipes.txt,2309,2,6,3.525336,8140,0,0,71,1052,1089,96,1,0
loads,loads.txt,2309,2,6,3.525336,8140,0,0,64,1085,1044,115,1,0
mulse,mulse.txt,2309,2,6,3.525336,8140,0,0,71,1076,1045,112,5,0
pesta,pesta.txt,2309,2,6,3.525336,8140,0,0,76,1054,1074,100,5,0
plash,plash.txt,2309,2,6,3.525336,8140,0,0,73,1053,1081,101,1,0
relay,relay.txt,2309,1,6,3.525336,8140,1,1,82,1047,1065,110,4,0
resam,resam.txt,2309,2,6,3.525336,8140,0,0,67,1088,1033,116,5,0
robed,robed.txt,2309,2,6,3.525336,8140,0,0,79,1039,1092,97,2,0
spean,spean.txt,2309,2,6,3.525336,8140,0,0,78,1063,1048,117,3,0
wrest,wrest.txt,2309,1,6,3.525336,8140,1,1,72,1075,1039,118,4,0
wrote,wrote.txt,2309,1,6,3.525336,8140,1,1,68,1068,1062,109,1,0
bails,bails.txt,2309,2,6,3.525769,8141,0,0,66,1074,1062,103,4,0
balon,balon.txt,2309,2,6,3.525769,8141,0,0,74,1057,1070,106,2,0
clips,clips.txt,2309,2,6,3.525769,8141,0,0,64,1076,1063,103,3,0
costa,costa.txt,2309,2,6,3.525769,8141,0,0,62,1087,1049,106,5,0
early,early.txt,2309,1,6,3.525769,8141,1,1,76,1058,1062,106,6,0
hants,hants.txt,2309,2,6,3.525769,8141,0,0,58,1092,1048,109,2,0
laude,laude.txt,2309,2,6,3.525769,8141,0,0,59,1078,1072,99,1,0
matin,matin.txt,2309,2,6,3.525769,8141,0,0,77,1060,1056,113,3,0
nirls,nirls.txt,2309,2,6,3.525769,8141,0,0,54,1085,1073,96,1,0
orbit,orbit.txt,2309,1,6,3.525769,8141,1,1,75,1069,1041,119,4,0
scrap,scrap.txt,2309,1,6,3.525769,8141,1,1,68,1060,1077,102,1,0
segol,segol.txt,2309,2,6,3.525769,8141,0,0,64,1081,1052,110,2,0
spide,spide.txt,2309,2,6,3.525769,8141,0,0,64,1079,1059,102,5,0
tends,tends.txt,2309,2,6,3.525769,8141,0,0,63,1053,1112,78,3,0
unset,unset.txt,2309,1,6,3.525769,8141,1,1,71,1076,1036,124,1,0
acers,acers.txt,2309,2,6,3.526202,8142,0,0,68,1076,1049,114,2,0
aleft,aleft.txt,2309,2,6,3.526202,8142,0,0,82,1028,1103,94,2,0
apron,apron.txt,2309,1,6,3.526202,8142,1,1,68,1064,1069,105,2,0
asper,asper.txt,2309,2,6,3.526202,8142,0,0,69,1058,1083,96,3,0
beats,beats.txt,2309,2,6,3.526202,8142,0,0,67,1082,1041,116,3,0
brust,brust.txt,2309,2,6,3.526202,8142,0,0,77,1050,1074,106,2,0
chest,chest.txt,2309,1,6,3.526202,8142,1,1,67,1075,1051,112,3,0
delis,delis.txt,2309,2,6,3.526202,8142,0,0,68,1077,1048,113,3,0
grots,grots.txt,2309,2,6,3.526202,8142,0,0,58,1080,1070,100,1,0
hepar,hepar.txt,2309,2,6,3.526202,8142,0,0,73,1058,1069,108,1,0
hilar,hilar.txt,2309,2,6,3.526202,8142,0,0,72,1077,1035,123,2,0
layer,layer.txt,2309,1,6,3.526202,8142,1,1,65,1074,1058,109,2,0
lopes,lopes.txt,2309,2,6,3.526202,8142,0,0,70,1070,1056,110,3,0
luser,luser.txt,2309,2,6,3.526202,8142,0,0,70,1081,1034,121,3,0
minar,minar.txt,2309,2,6,3.526202,8142,0,0,70,1076,1042,120,1,0
moles,moles.txt,2309,2,6,3.526202,8142,0,0,65,1080,1050,112,2,0
nitro,nitro.txt,2309,2,6,3.526202,8142,0,0,69,1077,1046,113,4,0
ornis,ornis.txt,2309,2,6,3.526202,8142,0,0,58,1099,1034,115,3,0
planh,planh.txt,2309,2,6,3.526202,8142,0,0,66,1063,1081,97,2,0
resid,resid.txt,2309,2,6,3.526202,8142,0,0,71,1060,1071,106,1,0
roads,roads.txt,2309,2,6,3.526202,8142,0,0,68,1060,1080,100,1,0
seare,seare.txt,2309,2,6,3.526202,8142,0,0,58,1115,1005,125,6,0
sheol,sheol.txt,2309,2,6,3.526202,8142,0,0,68,1099,1005,133,4,0
sleet,sleet.txt,2309,1,6,3.526202,8142,1,1,70,1073,1045,118,2,0
spard,spard.txt,2309,2,6,3.526202,8142,0,0,66,1063,1082,95,3,0
stend,stend.txt,2309,2,6,3.526202,8142,0,0,66,1069,1071,99,4,0
steno,steno.txt,2309,2,6,3.526202,8142,0,0,56,1106,1027,116,4,0
tragi,tragi.txt,2309,2,6,3.526202,8142,0,0,63,1084,1049,110,3,0
align,align.txt,2309,1,6,3.526635,8143,1,1,82,1056,1043,124,3,0
argon,argon.txt,2309,2,6,3.526635,8143,0,0,77,1050,1073,107,2,0
baned,baned.txt,2309,2,5,3.526635,8143,0,0,70,1064,1064,111,0,0
brans,brans.txt,2309,2,6,3.526635,8143,0,0,62,1084,1051,109,3,0
brits,brits.txt,2309,2,6,3.526635,8143,0,0,69,1068,1061,109,2,0
brule,brule.txt,2309,2,6,3.526635,8143,0,0,77,1047,1079,104,2,0
coped,coped.txt,2309,2,6,3.526635,8143,0,0,59,1079,1069,100,2,0
corps,corps.txt,2309,2,5,3.526635,8143,0,0,71,1051,1087,100,0,0
gript,gript.txt,2309,2,6,3.526635,8143,0,0,66,1085,1036,120,2,0
loped,loped.txt,2309,2,6,3.526635,8143,0,0,63,1067,1080,98,1,0
lunes,lunes.txt,2309,2,6,3.526635,8143,0,0,64,1074,1065,103,3,0
monal,monal.txt,2309,2,6,3.526635,8143,0,0,70,1069,1058,108,4,0
outer,outer.txt,2309,1,6,3.526635,8143,1,1,76,1056,1059,116,1,0
parly,parly.txt,2309,2,6,3.526635,8143,0,0,78,1038,1096,93,4,0
ranke,ranke.txt,2309,2,6,3.526635,8143,0,0,55,1095,1049,108,2,0
recap,recap.txt,2309,1,6,3.526635,8143,1,1,73,1042,1096,96,1,0
surge,surge.txt,2309,1,6,3.526635,8143,1,1,71,1072,1043,120,2,0
amine,amine.txt,2309,2,6,3.527068,8144,0,0,76,1064,1049,116,4,0
dirls,dirls.txt,2309,2,6,3.527068,8144,0,0,59,1085,1056,107,2,0
freit,freit.txt,2309,2,6,3.527068,8144,0,0,85,1035,1082,101,6,0
groin,groin.txt,2309,1,6,3.527068,8144,1,1,74,1069,1041,120,4,0
hates,hates.txt,2309,2,6,3.527068,8144,0,0,64,1086,1039,118,2,0
holes,holes.txt,2309,2,5,3.527068,8144,0,0,64,1071,1067,107,0,0
marge,marge.txt,2309,2,6,3.527068,8144,0,0,72,1064,1061,108,4,0
medal,medal.txt,2309,1,6,3.527068,8144,1,1,78,1035,1096,96,3,0
miser,miser.txt,2309,1,6,3.527068,8144,1,1,77,1063,1043,122,3,0
monie,monie.txt,2309,2,6,3.527068,8144,0,0,75,1075,1029,127,3,0
orbat,orbat.txt,2309,2,6,3.527068,8144,0,0,81,1052,1058,114,4,0
pical,pical.txt,2309,2,6,3.527068,8144,0,0,71,1073,1046,115,4,0
platy,platy.txt,2309,2,6,3.527068,8144,0,0,76,1051,1072,109,1,0
podal,podal.txt,2309,2,6,3.527068,8144,0,0,78,1057,1056,115,3,0
pured,pured.txt,2309,2,6,3.527068,8144,0,0,73,1075,1038,117,6,0
skart,skart.txt,2309,2,6,3.527068,8144,0,0,51,1111,1028,117,2,0
tahrs,tahrs.txt,2309,2,6,3.527068,8144,0,0,49,1108,1041,108,3,0
troke,troke.txt,2309,2,6,3.527068,8144,0,0,57,1093,1046,111,2,0
alcos,alcos.txt,2309,2,6,3.527501,8145,0,0,67,1067,1068,104,3,0
arene,arene.txt,2309,2,6,3.527501,8145,0,0,55,1103,1033,114,4,0
baled,baled.txt,2309,2,5,3.527501,8145,0,0,80,1027,1106,96,0,0
crema,crema.txt,2309,2,6,3.527501,8145,0,0,72,1084,1021,127,5,0
cutes,cutes.txt,2309,2,6,3.527501,8145,0,0,70,1064,1065,107,3,0
draft,draft.txt,2309,1,6,3.527501,8145,1,1,68,1068,1059,110,3,0
glide,glide.txt,2309,1,6,3.527501,8145,1,1,69,1075,1042,119,3,0
holed,holed.txt,2309,2,5,3.527501,8145,0,0,64,1073,1062,110,0,0
hosen,hosen.txt,2309,2,6,3.527501,8145,0,0,68,1080,1039,119,3,0
logie,logie.txt,2309,2,5,3.527501,8145,0,0,70,1068,1054,117,0,0
nodal,nodal.txt,2309,2,6,3.527501,8145,0,0,73,1052,1079,103,2,0
ramin,ramin.txt,2309,2,6,3.527501,8145,0,0,69,1076,1042,121,1,0
royne,royne.txt,2309,2,6,3.527501,8145,0,0,64,1067,1078,96,4,0
scion,scion.txt,2309,1,6,3.527501,8145,1,1,63,1082,1049,108,6,0
spuer,spuer.txt,2309,2,6,3.527501,8145,0,0,78,1055,1061,110,5,0
apers,apers.txt,2309,2,6,3.527934,8146,0,0,66,1084,1036,120,3,0
bales,bales.txt,2309,2,6,3.527934,8146,0,0,73,1054,1073,108,1,0
cloth,cloth.txt,2309,1,6,3.527934,8146,1,1,60,1071,1075,100,2,0
dites,dites.txt,2309,2,6,3.527934,8146,0,0,73,1052,1078,104,2,0
dream,dream.txt,2309,1,6,3.527934,8146,1,1,73,1050,1080,101,4,0
hated,hated.txt,2309,2,5,3.527934,8146,0,0,76,1039,1093,101,0,0
hiper,hiper.txt,2309,2,6,3.527934,8146,0,0,69,1081,1031,127,1,0
horns,horns.txt,2309,2,6,3.527934,8146,0,0,68,1066,1064,110,1,0
litem,litem.txt,2309,2,5,3.527934,8146,0,0,75,1058,1058,118,0,0
lobar,lobar.txt,2309,2,6,3.527934,8146,0,0,82,1038,1079,108,2,0
maleo,maleo.txt,2309,2,6,3.527934,8146,0,0,67,1075,1052,111,4,0
means,means.txt,2309,2,6,3.527934,8146,0,0,62,1073,1071,99,4,0
moule,moule.txt,2309,2,6,3.527934,8146,0,0,67,1078,1045,116,3,0
mpret,mpret.txt,2309,2,6,3.527934,8146,0,0,71,1053,1081,103,1,0
pians,pians.txt,2309,2,6,3.527934,8146,0,0,62,1080,1056,108,3,0
raths,raths.txt,2309,2,6,3.527934,8146,0,0,55,1083,1070,99,2,0
renay,renay.txt,2309,2,6,3.527934,8146,0,0,74,1058,1064,110,3,0
stupe,stupe.txt,2309,2,6,3.527934,8146,0,0,71,1063,1064,107,4,0
thins,thins.txt,2309,2,6,3.527934,8146,0,0,66,1062,1080,98,3,0
twire,twire.txt,2309,2,6,3.527934,8146,0,0,77,1056,1058,116,2,0
anime,anime.txt,2309,1,6,3.528367,8147,1,1,73,1068,1043,120,4,0
capon,capon.txt,2309,2,5,3.528367,8147,0,0,69,1060,1071,109,0,0
carob,carob.txt,2309,2,6,3.528367,8147,0,0,79,1041,1082,104,3,0
conge,conge.txt,2309,2,6,3.528367,8147,0,0,66,1077,1048,116,2,0
crags,crags.txt,2309,2,6,3.528367,8147,0,0,56,1085,1062,104,2,0
erupt,erupt.txt,2309,1,6,3.528367,8147,1,1,69,1069,1051,117,2,0
faine,faine.txt,2309,2,6,3.528367,8147,0,0,76,1056,1061,113,3,0
faint,faint.txt,2309,1,6,3.528367,8147,1,1,80,1042,1073,110,3,0
lapis,lapis.txt,2309,2,6,3.528367,8147,0,0,62,1083,1047,116,1,0
lotic,lotic.txt,2309,2,6,3.528367,8147,0,0,67,1075,1050,114,3,0
model,model.txt,2309,1,6,3.528367,8147,1,1,72,1055,1071,107,3,0
naily,naily.txt,2309,2,6,3.528367,8147,0,0,62,1080,1055,109,3,0
olein,olein.txt,2309,2,6,3.528367,8147,0,0,60,1089,1041,118,1,0
orcin,orcin.txt,2309,2,6,3.528367,8147,0,0,66,1079,1047,112,5,0
patly,patly.txt,2309,2,6,3.528367,8147,0,0,69,1055,1082,102,1,0
pryse,pryse.txt,2309,2,6,3.528367,8147,0,0,62,1065,1086,92,4,0
rapso,rapso.txt,2309,2,6,3.528367,8147,0,0,73,1056,1068,111,1,0
roche,roche.txt,2309,2,6,3.528367,8147,0,0,64,1090,1030,121,4,0
romal,romal.txt,2309,2,6,3.528367,8147,0,0,74,1065,1048,120,2,0
rudie,rudie.txt,2309,2,6,3.528367,8147,0,0,80,1056,1049,121,3,0
skate,skate.txt,2309,1,6,3.528367,8147,1,1,50,1111,1028,113,6,0
stead,stead.txt,2309,1,6,3.528367,8147,1,1,67,1047,1103,87,4,0
style,style.txt,2309,1,6,3.528367,8147,1,1,54,1077,1080,95,2,0
touns,touns.txt,2309,2,6,3.528367,8147,0,0,56,1085,1062,104,2,0
aimer,aimer.txt,2309,2,6,3.5288,8148,0,0,66,1086,1033,118,6,0
canty,canty.txt,2309,2,6,3.5288,8148,0,0,62,1079,1055,111,2,0
chapt,chapt.txt,2309,2,6,3.5288,8148,0,0,72,1053,1076,107,1,0
coram,coram.txt,2309,2,6,3.5288,8148,0,0,91,1021,1084,111,2,0
cords,cords.txt,2309,2,6,3.5288,8148,0,0,61,1069,1077,101,1,0
grime,grime.txt,2309,1,6,3.5288,8148,1,1,72,1071,1040,120,5,0
hoise,hoise.txt,2309,2,6,3.5288,8148,0,0,66,1090,1025,122,6,0
hones,hones.txt,2309,2,6,3.5288,8148,0,0,64,1076,1056,110,3,0
laids,laids.txt,2309,2,6,3.5288,8148,0,0,62,1080,1054,110,3,0
metol,metol.txt,2309,2,6,3.5288,8148,0,0,79,1042,1079,106,3,0
moats,moats.txt,2309,2,6,3.5288,8148,0,0,68,1060,1076,102,3,0
moled,moled.txt,2309,2,6,3.5288,8148,0,0,69,1061,1070,107,2,0
nicol,nicol.txt,2309,2,6,3.5288,8148,0,0,70,1057,1074,107,1,0
poted,poted.txt,2309,2,5,3.5288,8148,0,0,67,1069,1058,115,0,0
shard,shard.txt,2309,1,6,3.5288,8148,1,1,60,1079,1057,110,2,0
thein,thein.txt,2309,2,6,3.5288,8148,0,0,79,1052,1060,114,4,0
trogs,trogs.txt,2309,2,6,3.5288,8148,0,0,59,1071,1079,99,1,0
waist,waist.txt,2309,1,5,3.5288,8148,1,1,62,1060,1087,99,0,0
besot,besot.txt,2309,2,6,3.529233,8149,0,0,68,1050,1094,95,2,0
bidet,bidet.txt,2309,2,6,3.529233,8149,0,0,77,1048,1073,107,4,0
daric,daric.txt,2309,2,6,3.529233,8149,0,0,66,1076,1048,117,2,0
donut,donut.txt,2309,1,6,3.529233,8149,1,1,71,1050,1081,104,2,0
hairs,hairs.txt,2309,2,6,3.529233,8149,0,0,62,1086,1041,117,3,0
hoard,hoard.txt,2309,1,6,3.529233,8149,1,1,73,1061,1053,119,2,0
inapt,inapt.txt,2309,2,6,3.529233,8149,0,0,69,1076,1039,123,2,0
mates,mates.txt,2309,2,6,3.529233,8149,0,0,67,1068,1060,113,1,0
metro,metro.txt,2309,1,6,3.529233,8149,1,1,85,1028,1084,108,3,0
noris,noris.txt,2309,2,6,3.529233,8149,0,0,59,1087,1048,112,3,0
parch,parch.txt,2309,2,6,3.529233,8149,0,0,71,1046,1092,99,1,0
piton,piton.txt,2309,2,6,3.529233,8149,0,0,72,1048,1087,99,3,0
poets,poets.txt,2309,2,6,3.529233,8149,0,0,67,1059,1078,104,1,0
probe,probe.txt,2309,1,6,3.529233,8149,1,1,57,1091,1043,113,4,0
pures,pures.txt,2309,2,6,3.529233,8149,0,0,74,1062,1054,115,4,0
scaly,scaly.txt,2309,1,6,3.529233,8149,1,1,57,1072,1078,100,1,0
tanhs,tanhs.txt,2309,2,6,3.529233,8149,0,0,56,1090,1050,111,2,0
tunas,tunas.txt,2309,2,6,3.529233,8149,0,0,54,1089,1060,102,4,0
tyres,tyres.txt,2309,2,6,3.529233,8149,0,0,52,1090,1063,101,3,0
abore,abore.txt,2309,2,6,3.529667,8150,0,0,64,1071,1066,103,5,0
basil,basil.txt,2309,1,6,3.529667,8150,1,1,63,1071,1064,106,4,0
biose,biose.txt,2309,2,6,3.529667,8150,0,0,67,1059,1081,97,5,0
choir,choir.txt,2309,1,6,3.529667,8150,1,1,64,1083,1035,124,2,0
copes,copes.txt,2309,2,6,3.529667,8150,0,0,63,1061,1085,99,1,0
geans,geans.txt,2309,2,6,3.529667,8150,0,0,70,1066,1055,116,2,0
heros,heros.txt,2309,2,6,3.529667,8150,0,0,70,1082,1026,126,5,0
lepra,lepra.txt,2309,2,6,3.529667,8150,0,0,78,1055,1052,123,1,0
loric,loric.txt,2309,2,6,3.529667,8150,0,0,60,1070,1078,98,3,0
melts,melts.txt,2309,2,6,3.529667,8150,0,0,68,1052,1089,98,2,0
niger,niger.txt,2309,2,6,3.529667,8150,0,0,79,1038,1084,106,2,0
orped,orped.txt,2309,2,6,3.529667,8150,0,0,63,1063,1082,99,2,0
paeon,paeon.txt,2309,2,6,3.529667,8150,0,0,66,1070,1058,114,1,0
pager,pager.txt,2309,2,6,3.529667,8150,0,0,67,1060,1077,102,3,0
palsy,palsy.txt,2309,1,6,3.529667,8150,1,1,80,1040,1074,111,3,0
piers,piers.txt,2309,2,6,3.529667,8150,0,0,66,1093,1015,131,4,0
punce,punce.txt,2309,2,6,3.529667,8150,0,0,70,1065,1058,113,3,0
shlep,shlep.txt,2309,2,5,3.529667,8150,0,0,69,1053,1082,105,0,0
sonic,sonic.txt,2309,1,6,3.529667,8150,1,1,63,1072,1061,109,3,0
strim,strim.txt,2309,2,6,3.529667,8150,0,0,64,1070,1065,108,2,0
swile,swile.txt,2309,2,6,3.529667,8150,0,0,73,1064,1051,118,3,0
talcy,talcy.txt,2309,2,6,3.529667,8150,0,0,61,1070,1075,100,3,0
alods,alods.txt,2309,2,6,3.5301,8151,0,0,61,1084,1046,115,3,0
besit,besit.txt,2309,2,6,3.5301,8151,0,0,72,1056,1067,113,1,0
blits,blits.txt,2309,2,6,3.5301,8151,0,0,65,1060,1081,101,2,0
bruit,bruit.txt,2309,2,6,3.5301,8151,0,0,78,1051,1060,118,2,0
cimar,cimar.txt,2309,2,6,3.5301,8151,0,0,79,1039,1083,104,4,0
dinlo,dinlo.txt,2309,2,6,3.5301,8151,0,0,68,1068,1056,115,2,0
frape,frape.txt,2309,2,6,3.5301,8151,0,0,66,1064,1073,101,5,0
haunt,haunt.txt,2309,1,6,3.5301,8151,1,1,65,1069,1060,111,3,0
legit,legit.txt,2309,2,6,3.5301,8151,0,0,64,1076,1054,111,4,0
motes,motes.txt,2309,2,6,3.5301,8151,0,0,64,1064,1075,105,1,0
osetr,osetr.txt,2309,2,5,3.5301,8151,0,0,52,1093,1052,112,0,0
polis,polis.txt,2309,2,6,3.5301,8151,0,0,64,1080,1044,119,2,0
recti,recti.txt,2309,2,6,3.5301,8151,0,0,59,1077,1065,106,2,0
retch,retch.txt,2309,1,6,3.5301,8151,1,1,73,1057,1060,115,3,0
scrip,scrip.txt,2309,2,6,3.5301,8151,0,0,68,1064,1065,109,3,0
sharp,sharp.txt,2309,1,6,3.5301,8151,1,1,63,1075,1052,117,1,0
sitch,sitch.txt,2309,2,6,3.5301,8151,0,0,55,1078,1074,101,1,0
teloi,teloi.txt,2309,2,6,3.5301,8151,0,0,58,1083,1056,110,2,0
tonic,tonic.txt,2309,1,6,3.5301,8151,1,1,66,1065,1064,111,2,0
acton,acton.txt,2309,2,6,3.530533,8152,0,0,69,1058,1073,106,3,0
antsy,antsy.txt,2309,2,6,3.530533,8152,0,0,61,1053,1105,89,1,0
ardeb,ardeb.txt,2309,2,6,3.530533,8152,0,0,64,1057,1088,99,1,0
boles,boles.txt,2309,2,6,3.530533,8152,0,0,64,1069,1064,111,1,0
bread,bread.txt,2309,1,6,3.530533,8152,1,1,84,1030,1081,109,4,0
bries,bries.txt,2309,2,6,3.530533,8152,0,0,78,1043,1078,105,5,0
burst,burst.txt,2309,1,6,3.530533,8152,1,1,77,1048,1065,115,3,0
chars,chars.txt,2309,2,6,3.530533,8152,0,0,67,1066,1061,114,1,0
chirl,chirl.txt,2309,2,6,3.530533,8152,0,0,58,1091,1041,115,4,0
doris,doris.txt,2309,2,6,3.530533,8152,0,0,53,1091,1056,105,4,0
douce,douce.txt,2309,2,6,3.530533,8152,0,0,63,1074,1057,114,1,0
drupe,drupe.txt,2309,2,6,3.530533,8152,0,0,71,1077,1031,125,5,0
eards,eards.txt,2309,2,6,3.530533,8152,0,0,64,1064,1075,104,2,0
geats,geats.txt,2309,2,6,3.530533,8152,0,0,66,1076,1048,114,5,0
heirs,heirs.txt,2309,2,5,3.530533,8152,0,0,67,1079,1034,129,0,0
labor,labor.txt,2309,1,6,3.530533,8152,1,1,87,1014,1103,101,3,0
lairy,lairy.txt,2309,2,6,3.530533,8152,0,0,63,1083,1039,123,1,0
matlo,matlo.txt,2309,2,6,3.530533,8152,0,0,77,1047,1073,107,5,0
moars,moars.txt,2309,2,6,3.530533,8152,0,0,75,1059,1055,115,5,0
moils,moils.txt,2309,2,6,3.530533,8152,0,0,69,1063,1064,109,4,0
nidor,nidor.txt,2309,2,6,3.530533,8152,0,0,76,1045,1079,105,4,0
oiled,oiled.txt,2309,2,6,3.530533,8152,0,0,69,1050,1087,102,1,0
pints,pints.txt,2309,2,6,3.530533,8152,0,0,60,1068,1079,100,2,0
rahed,rahed.txt,2309,2,5,3.530533,8152,0,0,59,1076,1064,110,0,0
retag,retag.txt,2309,2,6,3.530533,8152,0,0,56,1075,1077,99,2,0
roman,roman.txt,2309,2,6,3.530533,8152,0,0,77,1045,1076,107,4,0
sepad,sepad.txt,2309,2,6,3.530533,8152,0,0,71,1049,1084,103,2,0
shied,shied.txt,2309,1,6,3.530533,8152,1,1,58,1092,1034,121,3,0
sieur,sieur.txt,2309,2,6,3.530533,8152,0,0,67,1090,1018,128,6,0
sling,sling.txt,2309,1,6,3.530533,8152,1,1,54,1094,1042,115,3,0
spaul,spaul.txt,2309,2,6,3.530533,8152,0,0,63,1078,1049,118,1,0
tabes,tabes.txt,2309,2,6,3.530533,8152,0,0,66,1055,1086,101,1,0
tease,tease.txt,2309,1,6,3.530533,8152,1,1,53,1083,1068,100,4,0
toped,toped.txt,2309,2,6,3.530533,8152,0,0,66,1069,1058,115,1,0
tripy,tripy.txt,2309,2,6,3.530533,8152,0,0,67,1059,1076,105,2,0
andro,andro.txt,2309,2,6,3.530966,8153,0,0,75,1044,1084,101,5,0
ayont,ayont.txt,2309,2,6,3.530966,8153,0,0,65,1075,1050,116,3,0
chats,chats.txt,2309,2,6,3.530966,8153,0,0,70,1046,1092,99,2,0
deary,deary.txt,2309,2,6,3.530966,8153,0,0,81,1045,1063,116,4,0
feint,feint.txt,2309,2,6,3.530966,8153,0,0,81,1037,1077,112,2,0
latke,latke.txt,2309,2,6,3.530966,8153,0,0,65,1061,1078,102,3,0
latus,latus.txt,2309,2,6,3.530966,8153,0,0,57,1081,1062,106,3,0
liber,liber.txt,2309,2,6,3.530966,8153,0,0,71,1045,1091,100,2,0
melas,melas.txt,2309,2,6,3.530966,8153,0,0,71,1062,1060,111,5,0
nidal,nidal.txt,2309,2,6,3.530966,8153,0,0,73,1055,1067,110,4,0
north,north.txt,2309,1,5,3.530966,8153,1,1,68,1055,1074,111,0,0
nuder,nuder.txt,2309,2,6,3.530966,8153,0,0,68,1063,1065,110,3,0
plues,plues.txt,2309,2,6,3.530966,8153,0,0,71,1056,1071,107,4,0
reput,reput.txt,2309,2,6,3.530966,8153,0,0,71,1060,1060,117,1,0
sadly,sadly.txt,2309,1,6,3.530966,8153,1,1,63,1068,1066,108,3,0
soree,soree.txt,2309,2,6,3.530966,8153,0,0,54,1094,1044,115,2,0
spode,spode.txt,2309,2,6,3.530966,8153,0,0,58,1064,1091,95,1,0
tawer,tawer.txt,2309,2,6,3.530966,8153,0,0,68,1059,1072,108,2,0
ulans,ulans.txt,2309,2,6,3.530966,8153,0,0,54,1092,1050,109,4,0
abler,abler.txt,2309,2,6,3.531399,8154,0,0,64,1064,1076,100,5,0
biled,biled.txt,2309,2,6,3.531399,8154,0,0,78,1035,1089,105,2,0
cagot,cagot.txt,2309,2,6,3.531399,8154,0,0,68,1053,1082,105,1,0
dules,dules.txt,2309,2,6,3.531399,8154,0,0,62,1074,1060,110,3,0
foist,foist.txt,2309,1,6,3.531399,8154,1,1,68,1057,1073,106,4,0
loche,loche.txt,2309,2,6,3.531399,8154,0,0,60,1071,1072,103,3,0
mated,mated.txt,2309,2,5,3.531399,8154,0,0,73,1036,1100,100,0,0
milor,milor.txt,2309,2,6,3.531399,8154,0,0,75,1047,1074,111,2,0
panto,panto.txt,2309,2,6,3.531399,8154,0,0,69,1062,1063,112,3,0
ponts,ponts.txt,2309,2,6,3.531399,8154,0,0,63,1058,1088,98,2,0
pules,pules.txt,2309,2,6,3.531399,8154,0,0,72,1056,1065,114,2,0
reing,reing.txt,2309,2,6,3.531399,8154,0,0,65,1072,1055,114,3,0
scaur,scaur.txt,2309,2,6,3.531399,8154,0,0,57,1073,1075,103,1,0
tepid,tepid.txt,2309,1,6,3.531399,8154,1,1,76,1035,1091,104,2,0
tophe,tophe.txt,2309,2,6,3.531399,8154,0,0,70,1052,1079,106,2,0
adult,adult.txt,2309,1,6,3.531832,8155,1,1,65,1048,1097,96,2,0
agent,agent.txt,2309,1,6,3.531832,8155,1,1,66,1056,1077,108,1,0
aunts,aunts.txt,2309,2,6,3.531832,8155,0,0,64,1065,1071,106,3,0
baton,baton.txt,2309,1,6,3.531832,8155,1,1,75,1040,1085,104,4,0
capes,capes.txt,2309,2,6,3.531832,8155,0,0,64,1060,1082,99,4,0
clags,clags.txt,2309,2,6,3.531832,8155,0,0,55,1084,1061,105,4,0
coyer,coyer.txt,2309,2,6,3.531832,8155,0,0,66,1065,1064,112,2,0
douse,douse.txt,2309,2,6,3.531832,8155,0,0,58,1080,1059,109,3,0
guile,guile.txt,2309,1,6,3.531832,8155,1,1,68,1062,1061,114,3,0
hadst,hadst.txt,2309,2,6,3.531832,8155,0,0,60,1076,1059,113,1,0
leams,leams.txt,2309,2,6,3.531832,8155,0,0,74,1048,1077,105,5,0
monde,monde.txt,2309,2,5,3.531832,8155,0,0,71,1060,1057,121,0,0
naped,naped.txt,2309,2,6,3.531832,8155,0,0,66,1047,1099,96,1,0
pesto,pesto.txt,2309,1,6,3.531832,8155,1,1,68,1044,1097,96,3,0
pilon,pilon.txt,2309,2,6,3.531832,8155,0,0,62,1080,1048,115,4,0
proul,proul.txt,2309,2,6,3.531832,8155,0,0,65,1055,1086,102,1,0
prude,prude.txt,2309,1,6,3.531832,8155,1,1,71,1071,1036,125,5,0
rapid,rapid.txt,2309,1,5,3.531832,8155,1,1,67,1057,1071,113,0,0
redos,redos.txt,2309,2,6,3.531832,8155,0,0,62,1057,1093,94,3,0
rends,rends.txt,2309,2,5,3.531832,8155,0,0,66,1054,1084,105,0,0
salmi,salmi.txt,2309,2,6,3.531832,8155,0,0,61,1079,1054,110,5,0
sente,sente.txt,2309,2,6,3.531832,8155,0,0,62,1076,1053,117,1,0
tench,tench.txt,2309,2,6,3.531832,8155,0,0,61,1087,1036,122,3,0
apted,apted.txt,2309,2,6,3.532265,8156,0,0,74,1034,1101,98,2,0
bates,bates.txt,2309,2,6,3.532265,8156,0,0,67,1053,1083,105,1,0
bulse,bulse.txt,2309,2,6,3.532265,8156,0,0,80,1039,1073,115,2,0
codes,codes.txt,2309,2,6,3.532265,8156,0,0,64,1058,1082,104,1,0
corny,corny.txt,2309,1,6,3.532265,8156,1,1,69,1048,1084,105,2,0
crave,crave.txt,2309,1,6,3.532265,8156,1,1,66,1064,1062,113,3,0
deash,deash.txt,2309,2,6,3.532265,8156,0,0,63,1069,1065,109,3,0
drake,drake.txt,2309,1,6,3.532265,8156,1,1,61,1072,1060,113,2,0
flier,flier.txt,2309,1,6,3.532265,8156,1,1,80,1032,1084,109,3,0
horme,horme.txt,2309,2,6,3.532265,8156,0,0,66,1075,1045,119,4,0
molts,molts.txt,2309,2,5,3.532265,8156,0,0,64,1059,1079,107,0,0
nopal,nopal.txt,2309,2,6,3.532265,8156,0,0,67,1048,1093,100,1,0
oints,oints.txt,2309,2,6,3.532265,8156,0,0,56,1083,1058,109,3,0
relic,relic.txt,2309,1,5,3.532265,8156,1,1,59,1066,1076,107,0,0
reset,reset.txt,2309,1,6,3.532265,8156,1,1,70,1059,1061,114,4,0
rogan,rogan.txt,2309,2,6,3.532265,8156,0,0,79,1042,1071,114,3,0
todea,todea.txt,2309,2,6,3.532265,8156,0,0,71,1058,1063,114,3,0
trems,trems.txt,2309,2,5,3.532265,8156,0,0,66,1062,1067,114,0,0
agist,agist.txt,2309,2,6,3.532698,8157,0,0,63,1070,1060,115,1,0
biles,biles.txt,2309,2,6,3.532698,8157,0,0,70,1046,1089,101,3,0
boils,boils.txt,2309,2,6,3.532698,8157,0,0,65,1064,1069,107,4,0
brond,brond.txt,2309,2,6,3.532698,8157,0,0,75,1047,1071,114,2,0
chard,chard.txt,2309,1,6,3.532698,8157,1,1,72,1063,1045,125,3,0
cloye,cloye.txt,2309,2,6,3.532698,8157,0,0,50,1084,1072,101,2,0
duple,duple.txt,2309,2,6,3.532698,8157,0,0,73,1046,1079,109,2,0
dural,dural.txt,2309,2,6,3.532698,8157,0,0,66,1059,1074,108,2,0
dures,dures.txt,2309,2,6,3.532698,8157,0,0,64,1068,1063,111,3,0
frats,frats.txt,2309,2,6,3.532698,8157,0,0,69,1047,1090,100,3,0
gable,gable.txt,2309,2,6,3.532698,8157,0,0,72,1063,1051,118,5,0
gaits,gaits.txt,2309,2,6,3.532698,8157,0,0,62,1065,1073,108,1,0
glits,glits.txt,2309,2,6,3.532698,8157,0,0,62,1070,1065,109,3,0
goles,goles.txt,2309,2,6,3.532698,8157,0,0,64,1058,1081,105,1,0
grunt,grunt.txt,2309,1,6,3.532698,8157,1,1,73,1050,1070,110,5,0
hilts,hilts.txt,2309,2,6,3.532698,8157,0,0,61,1075,1058,112,3,0
mants,mants.txt,2309,2,6,3.532698,8157,0,0,58,1066,1083,101,1,0
marcs,marcs.txt,2309,2,6,3.532698,8157,0,0,72,1044,1086,105,2,0
moers,moers.txt,2309,2,6,3.532698,8157,0,0,69,1069,1045,124,2,0
nards,nards.txt,2309,2,6,3.532698,8157,0,0,60,1064,1083,99,3,0
penis,penis.txt,2309,2,6,3.532698,8157,0,0,71,1059,1060,116,3,0
prang,prang.txt,2309,2,6,3.532698,8157,0,0,58,1066,1083,101,1,0
rangs,rangs.txt,2309,2,6,3.532698,8157,0,0,56,1061,1100,90,2,0
rifle,rifle.txt,2309,1,6,3.532698,8157,1,1,68,1046,1090,102,2,0
sewar,sewar.txt,2309,2,6,3.532698,8157,0,0,56,1075,1075,98,5,0
shaul,shaul.txt,2309,2,6,3.532698,8157,0,0,62,1100,1007,135,5,0
snift,snift.txt,2309,2,6,3.532698,8157,0,0,68,1049,1088,102,2,0
swore,swore.txt,2309,1,6,3.532698,8157,1,1,60,1069,1068,109,2,0
tardy,tardy.txt,2309,1,6,3.532698,8157,1,1,69,1055,1070,111,3,0
thorp,thorp.txt,2309,2,6,3.532698,8157,0,0,66,1066,1060,115,2,0
unred,unred.txt,2309,2,6,3.532698,8157,0,0,68,1052,1082,105,2,0
water,water.txt,2309,1,6,3.532698,8157,1,1,75,1031,1099,101,2,0
acute,acute.txt,2309,1,6,3.533131,8158,1,1,64,1079,1038,122,5,0
bants,bants.txt,2309,2,6,3.533131,8158,0,0,54,1066,1095,92,2,0
boats,boats.txt,2309,2,6,3.533131,8158,0,0,68,1064,1060,112,5,0
boned,boned.txt,2309,2,6,3.533131,8158,0,0,68,1053,1078,109,1,0
carpi,carpi.txt,2309,2,6,3.533131,8158,0,0,64,1066,1067,108,4,0
copra,copra.txt,2309,2,6,3.533131,8158,0,0,77,1043,1072,115,2,0
creds,creds.txt,2309,2,6,3.533131,8158,0,0,57,1074,1071,104,3,0
delos,delos.txt,2309,2,6,3.533131,8158,0,0,64,1055,1086,103,1,0
deray,deray.txt,2309,2,6,3.533131,8158,0,0,78,1048,1060,120,3,0
etnas,etnas.txt,2309,2,6,3.533131,8158,0,0,55,1078,1070,102,4,0
finer,finer.txt,2309,1,6,3.533131,8158,1,1,74,1039,1087,104,4,0
frail,frail.txt,2309,1,6,3.533131,8158,1,1,73,1046,1077,107,5,0
glode,glode.txt,2309,2,6,3.533131,8158,0,0,66,1063,1065,113,2,0
goats,goats.txt,2309,2,6,3.533131,8158,0,0,61,1066,1074,106,2,0
gruel,gruel.txt,2309,1,6,3.533131,8158,1,1,66,1062,1063,115,2,0
halid,halid.txt,2309,2,6,3.533131,8158,0,0,63,1076,1047,122,1,0
krait,krait.txt,2309,2,6,3.533131,8158,0,0,58,1082,1055,108,6,0
lames,lames.txt,2309,2,6,3.533131,8158,0,0,58,1075,1067,105,4,0
morns,morns.txt,2309,2,6,3.533131,8158,0,0,64,1054,1089,100,2,0
moult,moult.txt,2309,1,6,3.533131,8158,1,1,63,1062,1073,107,3,0
neram,neram.txt,2309,2,6,3.533131,8158,0,0,70,1075,1031,129,4,0
pauls,pauls.txt,2309,2,6,3.533131,8158,0,0,61,1074,1057,116,1,0
rifte,rifte.txt,2309,2,6,3.533131,8158,0,0,74,1038,1090,106,1,0
rolag,rolag.txt,2309,2,5,3.533131,8158,0,0,67,1060,1066,116,0,0
runts,runts.txt,2309,2,6,3.533131,8158,0,0,59,1072,1069,106,3,0
sawer,sawer.txt,2309,2,6,3.533131,8158,0,0,57,1074,1074,98,6,0
sneap,sneap.txt,2309,2,6,3.533131,8158,0,0,71,1065,1047,123,3,0
spout,spout.txt,2309,1,5,3.533131,8158,1,1,71,1051,1068,118,0,0
terce,terce.txt,2309,2,6,3.533131,8158,0,0,74,1068,1033,130,4,0
third,third.txt,2309,1,5,3.533131,8158,1,1,66,1065,1055,122,0,0
trigo,trigo.txt,2309,2,6,3.533131,8158,0,0,67,1066,1056,118,2,0
ample,ample.txt,2309,1,6,3.533564,8159,1,1,67,1057,1072,107,5,0
baits,baits.txt,2309,2,6,3.533564,8159,0,0,65,1051,1091,100,2,0
braid,braid.txt,2309,1,6,3.533564,8159,1,1,75,1049,1064,115,5,0
chola,chola.txt,2309,2,6,3.533564,8159,0,0,65,1091,1014,134,5,0
cloud,cloud.txt,2309,1,6,3.533564,8159,1,1,63,1053,1090,99,3,0
cohen,cohen.txt,2309,2,6,3.533564,8159,0,0,62,1070,1062,113,2,0
curns,curns.txt,2309,2,6,3.533564,8159,0,0,58,1075,1064,110,2,0
daynt,daynt.txt,2309,2,6,3.533564,8159,0,0,58,1060,1094,95,2,0
donas,donas.txt,2309,2,6,3.533564,8159,0,0,63,1069,1062,112,3,0
forel,forel.txt,2309,2,6,3.533564,8159,0,0,66,1054,1083,103,3,0
grasp,grasp.txt,2309,1,6,3.533564,8159,1,1,61,1057,1086,103,1,0
lamed,lamed.txt,2309,2,6,3.533564,8159,0,0,60,1061,1085,102,1,0
lards,lards.txt,2309,2,5,3.533564,8159,0,0,63,1054,1089,103,0,0
malis,malis.txt,2309,2,6,3.533564,8159,0,0,68,1060,1067,109,5,0
mercs,mercs.txt,2309,2,6,3.533564,8159,0,0,66,1053,1083,106,1,0
muter,muter.txt,2309,2,6,3.533564,8159,0,0,76,1042,1075,115,1,0
nache,nache.txt,2309,2,6,3.533564,8159,0,0,57,1077,1065,106,4,0
petos,petos.txt,2309,2,6,3.533564,8159,0,0,66,1040,1109,93,1,0
pions,pions.txt,2309,2,6,3.533564,8159,0,0,63,1067,1064,114,1,0
posed,posed.txt,2309,2,6,3.533564,8159,0,0,60,1057,1094,96,2,0
pucer,pucer.txt,2309,2,6,3.533564,8159,0,0,77,1045,1068,116,3,0
ranee,ranee.txt,2309,2,6,3.533564,8159,0,0,55,1087,1049,116,2,0
redip,redip.txt,2309,2,6,3.533564,8159,0,0,64,1060,1076,107,2,0
repos,repos.txt,2309,2,6,3.533564,8159,0,0,62,1055,1094,94,4,0
sabed,sabed.txt,2309,2,6,3.533564,8159,0,0,57,1054,1109,87,2,0
shunt,shunt.txt,2309,1,6,3.533564,8159,1,1,68,1070,1043,122,5,0
timed,timed.txt,2309,2,6,3.533564,8159,0,0,78,1032,1089,109,1,0
uncle,uncle.txt,2309,1,5,3.533564,8159,1,1,65,1052,1083,108,0,0
amice,amice.txt,2309,2,6,3.533997,8160,0,0,65,1082,1030,128,4,0
antic,antic.txt,2309,1,6,3.533997,8160,1,1,68,1052,1075,111,2,0
ayres,ayres.txt,2309,2,6,3.533997,8160,0,0,52,1082,1068,104,3,0
beans,beans.txt,2309,2,6,3.533997,8160,0,0,69,1048,1083,108,1,0
boars,boars.txt,2309,2,6,3.533997,8160,0,0,71,1042,1091,102,3,0
cesti,cesti.txt,2309,2,6,3.533997,8160,0,0,51,1084,1068,102,4,0
cides,cides.txt,2309,2,6,3.533997,8160,0,0,62,1050,1100,96,1,0
coney,coney.txt,2309,2,6,3.533997,8160,0,0,69,1059,1061,119,1,0
enarm,enarm.txt,2309,2,6,3.533997,8160,0,0,75,1059,1046,125,4,0
ergon,ergon.txt,2309,2,6,3.533997,8160,0,0,72,1052,1066,118,1,0
flair,flair.txt,2309,1,6,3.533997,8160,1,1,73,1039,1088,104,4,0
fried,fried.txt,2309,1,6,3.533997,8160,1,1,74,1036,1090,105,3,0
gants,gants.txt,2309,2,6,3.533997,8160,0,0,57,1073,1072,103,4,0
girts,girts.txt,2309,2,6,3.533997,8160,0,0,63,1052,1093,100,1,0
hains,hains.txt,2309,2,6,3.533997,8160,0,0,60,1079,1051,115,4,0
laths,laths.txt,2309,2,6,3.533997,8160,0,0,62,1062,1077,106,2,0
loued,loued.txt,2309,2,6,3.533997,8160,0,0,65,1064,1065,112,3,0
ocrea,ocrea.txt,2309,2,6,3.533997,8160,0,0,69,1056,1068,114,2,0
piend,piend.txt,2309,2,6,3.533997,8160,0,0,71,1052,1072,110,4,0
pitas,pitas.txt,2309,2,6,3.533997,8160,0,0,62,1063,1075,107,2,0
story,story.txt,2309,1,6,3.533997,8160,1,1,61,1062,1078,103,4,0
stude,stude.txt,2309,2,6,3.533997,8160,0,0,59,1071,1072,101,6,0
tolus,tolus.txt,2309,2,6,3.533997,8160,0,0,58,1071,1070,109,1,0
toman,toman.txt,2309,2,6,3.533997,8160,0,0,74,1043,1079,111,2,0
unite,unite.txt,2309,1,6,3.533997,8160,1,1,69,1066,1047,121,5,0
vlast,vlast.txt,2309,2,6,3.533997,8160,0,0,62,1049,1103,93,2,0
angst,angst.txt,2309,1,6,3.53443,8161,1,1,60,1070,1064,110,4,0
baels,baels.txt,2309,2,6,3.53443,8161,0,0,63,1066,1067,109,4,0
board,board.txt,2309,1,6,3.53443,8161,1,1,79,1027,1093,105,4,0
caids,caids.txt,2309,2,6,3.53443,8161,0,0,63,1058,1080,107,1,0
chain,chain.txt,2309,1,6,3.53443,8161,1,1,63,1082,1031,128,4,0
choil,choil.txt,2309,2,6,3.53443,8161,0,0,59,1085,1039,124,2,0
clods,clods.txt,2309,2,6,3.53443,8161,0,0,64,1043,1109,90,3,0
cours,cours.txt,2309,2,6,3.53443,8161,0,0,64,1060,1074,109,2,0
gairs,gairs.txt,2309,2,6,3.53443,8161,0,0,67,1063,1062,112,5,0
grout,grout.txt,2309,1,6,3.53443,8161,1,1,70,1058,1058,118,4,0
hamel,hamel.txt,2309,2,6,3.53443,8161,0,0,56,1089,1039,124,1,0
liney,liney.txt,2309,2,6,3.53443,8161,0,0,68,1062,1058,119,2,0
mairs,mairs.txt,2309,2,6,3.53443,8161,0,0,68,1057,1069,112,3,0
moits,moits.txt,2309,2,6,3.53443,8161,0,0,67,1061,1065,112,4,0
moper,moper.txt,2309,2,6,3.53443,8161,0,0,66,1057,1074,110,2,0
oiran,oiran.txt,2309,2,6,3.53443,8161,0,0,68,1081,1023,132,5,0
plasm,plasm.txt,2309,2,6,3.53443,8161,0,0,75,1026,1111,93,4,0
regna,regna.txt,2309,2,6,3.53443,8161,0,0,76,1030,1098,103,2,0
scand,scand.txt,2309,2,5,3.53443,8161,0,0,58,1076,1058,117,0,0
scour,scour.txt,2309,1,6,3.53443,8161,1,1,65,1056,1075,110,2,0
sowle,sowle.txt,2309,2,6,3.53443,8161,0,0,62,1067,1065,114,1,0
staig,staig.txt,2309,2,6,3.53443,8161,0,0,62,1067,1067,110,3,0
algin,algin.txt,2309,2,6,3.534864,8162,0,0,83,1035,1067,121,3,0
brunt,brunt.txt,2309,1,6,3.534864,8162,1,1,75,1040,1077,113,3,0
cadge,cadge.txt,2309,2,6,3.534864,8162,0,0,55,1077,1065,111,1,0
chela,chela.txt,2309,2,6,3.534864,8162,0,0,68,1078,1027,132,4,0
clift,clift.txt,2309,2,6,3.534864,8162,0,0,68,1043,1094,103,1,0
clops,clops.txt,2309,2,6,3.534864,8162,0,0,62,1057,1086,101,3,0
denis,denis.txt,2309,2,6,3.534864,8162,0,0,68,1058,1066,114,3,0
derny,derny.txt,2309,2,6,3.534864,8162,0,0,74,1039,1088,103,5,0
dicot,dicot.txt,2309,2,6,3.534864,8162,0,0,69,1058,1063,116,3,0
duper,duper.txt,2309,2,6,3.534864,8162,0,0,71,1057,1059,119,3,0
farts,farts.txt,2309,2,6,3.534864,8162,0,0,68,1037,1106,97,1,0
galis,galis.txt,2309,2,6,3.534864,8162,0,0,65,1063,1063,117,1,0
goers,goers.txt,2309,2,6,3.534864,8162,0,0,59,1078,1052,118,2,0
hoper,hoper.txt,2309,2,6,3.534864,8162,0,0,71,1054,1065,116,3,0
lerps,lerps.txt,2309,2,6,3.534864,8162,0,0,60,1068,1070,108,3,0
liang,liang.txt,2309,2,6,3.534864,8162,0,0,68,1060,1062,116,3,0
lunar,lunar.txt,2309,1,6,3.534864,8162,1,1,57,1077,1058,112,4,0
maunt,maunt.txt,2309,2,6,3.534864,8162,0,0,64,1056,1081,106,2,0
porey,porey.txt,2309,2,6,3.534864,8162,0,0,66,1057,1073,111,2,0
redia,redia.txt,2309,2,6,3.534864,8162,0,0,76,1048,1063,118,4,0
resay,resay.txt,2309,2,6,3.534864,8162,0,0,64,1063,1070,107,5,0
riche,riche.txt,2309,2,5,3.534864,8162,0,0,61,1076,1048,124,0,0
robes,robes.txt,2309,2,6,3.534864,8162,0,0,66,1048,1090,104,1,0
roids,roids.txt,2309,2,6,3.534864,8162,0,0,62,1067,1069,105,6,0
sdein,sdein.txt,2309,2,6,3.534864,8162,0,0,70,1063,1053,117,6,0
shoed,shoed.txt,2309,2,6,3.534864,8162,0,0,54,1067,1088,99,1,0
soman,soman.txt,2309,2,6,3.534864,8162,0,0,63,1071,1054,119,2,0
tonus,tonus.txt,2309,2,6,3.534864,8162,0,0,60,1068,1069,110,2,0
track,track.txt,2309,1,6,3.534864,8162,1,1,76,1043,1066,122,1,0
courd,courd.txt,2309,2,6,3.535297,8163,0,0,80,1034,1078,113,4,0
dints,dints.txt,2309,2,6,3.535297,8163,0,0,59,1064,1078,107,1,0
elate,elate.txt,2309,1,6,3.535297,8163,1,1,66,1054,1079,102,7,0
grins,grins.txt,2309,2,6,3.535297,8163,0,0,60,1068,1068,111,2,0
hents,hents.txt,2309,2,6,3.535297,8163,0,0,61,1079,1045,120,4,0
hoars,hoars.txt,2309,2,6,3.535297,8163,0,0,67,1068,1048,123,3,0
piets,piets.txt,2309,2,6,3.535297,8163,0,0,65,1079,1031,132,2,0
puled,puled.txt,2309,2,6,3.535297,8163,0,0,73,1043,1079,112,2,0
rayon,rayon.txt,2309,1,6,3.535297,8163,1,1,65,1053,1080,107,3,0
rowet,rowet.txt,2309,2,6,3.535297,8163,0,0,70,1043,1087,108,1,0
ruins,ruins.txt,2309,2,6,3.535297,8163,0,0,60,1080,1046,119,4,0
slave,slave.txt,2309,2,6,3.535297,8163,0,0,65,1071,1048,122,3,0
stroy,stroy.txt,2309,2,6,3.535297,8163,0,0,60,1069,1069,106,5,0
tehrs,tehrs.txt,2309,2,6,3.535297,8163,0,0,59,1066,1074,109,1,0
tomes,tomes.txt,2309,2,6,3.535297,8163,0,0,60,1062,1080,105,2,0
traik,traik.txt,2309,2,6,3.535297,8163,0,0,66,1065,1061,110,7,0
trawl,trawl.txt,2309,1,6,3.535297,8163,1,1,61,1064,1070,110,3,0
waste,waste.txt,2309,1,6,3.535297,8163,1,1,69,1043,1088,105,3,0
bronc,bronc.txt,2309,2,5,3.53573,8164,0,0,58,1053,1101,97,0,0
burnt,burnt.txt,2309,1,6,3.53573,8164,1,1,73,1033,1095,104,3,0
colds,colds.txt,2309,2,6,3.53573,8164,0,0,60,1050,1102,96,1,0
cults,cults.txt,2309,2,6,3.53573,8164,0,0,64,1051,1088,105,1,0
daily,daily.txt,2309,1,6,3.53573,8164,1,1,69,1054,1065,117,3,0
duals,duals.txt,2309,2,6,3.53573,8164,0,0,68,1057,1065,117,2,0
hints,hints.txt,2309,2,6,3.53573,8164,0,0,62,1057,1085,101,4,0
holts,holts.txt,2309,2,6,3.53573,8164,0,0,65,1059,1073,107,5,0
mathe,mathe.txt,2309,2,6,3.53573,8164,0,0,65,1057,1075,109,3,0
olpes,olpes.txt,2309,2,6,3.53573,8164,0,0,67,1042,1099,98,3,0
riley,riley.txt,2309,2,6,3.53573,8164,0,0,72,1052,1063,120,2,0
tauon,tauon.txt,2309,2,6,3.53573,8164,0,0,63,1079,1036,129,2,0
thali,thali.txt,2309,2,6,3.53573,8164,0,0,64,1063,1065,115,2,0
tinds,tinds.txt,2309,2,6,3.53573,8164,0,0,58,1061,1086,103,1,0
urnal,urnal.txt,2309,2,6,3.53573,8164,0,0,52,1086,1056,112,3,0
wrapt,wrapt.txt,2309,2,6,3.53573,8164,0,0,72,1047,1076,109,5,0
bathe,bathe.txt,2309,1,6,3.536163,8165,1,1,68,1041,1094,101,4,0
crapy,crapy.txt,2309,2,6,3.536163,8165,0,0,67,1053,1075,112,2,0
draps,draps.txt,2309,2,6,3.536163,8165,0,0,57,1063,1085,102,2,0
gnats,gnats.txt,2309,2,6,3.536163,8165,0,0,60,1062,1080,103,4,0
hause,hause.txt,2309,2,6,3.536163,8165,0,0,64,1086,1023,129,7,0
haute,haute.txt,2309,1,6,3.536163,8165,1,1,66,1059,1063,117,3,0
misal,misal.txt,2309,2,6,3.536163,8165,0,0,69,1055,1068,112,5,0
nodes,nodes.txt,2309,2,6,3.536163,8165,0,0,60,1055,1092,100,2,0
octal,octal.txt,2309,1,6,3.536163,8165,1,1,72,1040,1085,106,5,0
paseo,paseo.txt,2309,2,6,3.536163,8165,0,0,73,1047,1071,114,4,0
ralph,ralph.txt,2309,1,6,3.536163,8165,1,1,68,1040,1094,104,2,0
stang,stang.txt,2309,2,6,3.536163,8165,0,0,57,1070,1073,105,4,0
strig,strig.txt,2309,2,6,3.536163,8165,0,0,59,1053,1100,94,3,0
taigs,taigs.txt,2309,2,6,3.536163,8165,0,0,65,1049,1088,106,1,0
telae,telae.txt,2309,2,6,3.536163,8165,0,0,64,1062,1067,113,3,0
ahold,ahold.txt,2309,2,6,3.536596,8166,0,0,65,1071,1047,121,5,0
along,along.txt,2309,1,6,3.536596,8166,1,1,64,1052,1082,107,3,0
apols,apols.txt,2309,2,6,3.536596,8166,0,0,55,1076,1066,108,4,0
binal,binal.txt,2309,2,6,3.536596,8166,0,0,79,1034,1078,114,4,0
crims,crims.txt,2309,2,6,3.536596,8166,0,0,63,1059,1074,111,2,0
moust,moust.txt,2309,2,6,3.536596,8166,0,0,67,1053,1075,111,3,0
prosy,prosy.txt,2309,2,6,3.536596,8166,0,0,67,1054,1075,108,5,0
rimes,rimes.txt,2309,2,6,3.536596,8166,0,0,67,1064,1054,120,4,0
sayon,sayon.txt,2309,2,6,3.536596,8166,0,0,69,1045,1083,111,1,0
shalm,shalm.txt,2309,2,6,3.536596,8166,0,0,66,1058,1068,114,3,0
shand,shand.txt,2309,2,5,3.536596,8166,0,0,63,1048,1094,104,0,0
slank,slank.txt,2309,2,6,3.536596,8166,0,0,66,1061,1062,117,3,0
stoic,stoic.txt,2309,1,6,3.536596,8166,1,1,57,1055,1098,94,4,0
surah,surah.txt,2309,2,6,3.536596,8166,0,0,72,1061,1046,125,5,0
tense,tense.txt,2309,1,6,3.536596,8166,1,1,57,1075,1057,116,3,0
tuber,tuber.txt,2309,1,6,3.536596,8166,1,1,76,1033,1084,112,3,0
blins,blins.txt,2309,2,6,3.537029,8167,0,0,59,1056,1092,99,3,0
capul,capul.txt,2309,2,6,3.537029,8167,0,0,59,1062,1078,109,1,0
clave,clave.txt,2309,2,6,3.537029,8167,0,0,66,1056,1071,113,3,0
eosin,eosin.txt,2309,2,6,3.537029,8167,0,0,71,1066,1037,131,4,0
franc,franc.txt,2309,2,6,3.537029,8167,0,0,61,1046,1104,97,1,0
galut,galut.txt,2309,2,6,3.537029,8167,0,0,69,1038,1097,103,2,0
gates,gates.txt,2309,2,6,3.537029,8167,0,0,58,1073,1060,116,2,0
isnae,isnae.txt,2309,2,6,3.537029,8167,0,0,61,1076,1049,117,6,0
locis,locis.txt,2309,2,6,3.537029,8167,0,0,66,1061,1060,120,2,0
loupe,loupe.txt,2309,2,6,3.537029,8167,0,0,65,1046,1094,101,3,0
mains,mains.txt,2309,2,6,3.537029,8167,0,0,59,1073,1059,114,4,0
ments,ments.txt,2309,2,6,3.537029,8167,0,0,57,1067,1077,104,4,0
moans,moans.txt,2309,2,6,3.537029,8167,0,0,57,1076,1056,119,1,0
neosa,neosa.txt,2309,2,6,3.537029,8167,0,0,53,1087,1050,114,5,0
netop,netop.txt,2309,2,6,3.537029,8167,0,0,65,1041,1102,100,1,0
nides,nides.txt,2309,2,6,3.537029,8167,0,0,66,1042,1099,99,3,0
opine,opine.txt,2309,1,5,3.537029,8167,1,1,72,1058,1042,136,0,0
panic,panic.txt,2309,1,6,3.537029,8167,1,1,65,1056,1068,118,1,0
pitso,pitso.txt,2309,2,6,3.537029,8167,0,0,72,1048,1067,121,1,0
plish,plish.txt,2309,2,6,3.537029,8167,0,0,61,1077,1045,122,4,0
pouce,pouce.txt,2309,2,6,3.537029,8167,0,0,65,1056,1072,115,1,0
prism,prism.txt,2309,1,6,3.537029,8167,1,1,66,1032,1114,94,2,0
psoae,psoae.txt,2309,2,6,3.537029,8167,0,0,61,1073,1052,120,3,0
renga,renga.txt,2309,2,6,3.537029,8167,0,0,74,1028,1102,103,2,0
rioty,rioty.txt,2309,2,6,3.537029,8167,0,0,63,1068,1056,119,3,0
round,round.txt,2309,1,6,3.537029,8167,1,1,75,1032,1089,108,4,0
salve,salve.txt,2309,1,6,3.537029,8167,1,1,64,1057,1069,117,1,0
sudor,sudor.txt,2309,2,6,3.537029,8167,0,0,56,1079,1056,114,4,0
topis,topis.txt,2309,2,6,3.537029,8167,0,0,68,1052,1072,115,2,0
torsk,torsk.txt,2309,2,6,3.537029,8167,0,0,56,1076,1061,113,3,0
ulnar,ulnar.txt,2309,2,6,3.537029,8167,0,0,54,1074,1070,109,2,0
waite,waite.txt,2309,2,6,3.537029,8167,0,0,68,1051,1077,108,5,0
barge,barge.txt,2309,1,6,3.537462,8168,1,1,70,1041,1085,108,4,0
blond,blond.txt,2309,1,5,3.537462,8168,1,1,67,1052,1068,121,0,0
cades,cades.txt,2309,2,6,3.537462,8168,0,0,59,1060,1083,104,3,0
corms,corms.txt,2309,2,6,3.537462,8168,0,0,64,1045,1096,103,1,0
drony,drony.txt,2309,2,6,3.537462,8168,0,0,67,1053,1074,111,4,0
gaper,gaper.txt,2309,2,6,3.537462,8168,0,0,71,1035,1097,103,3,0
guilt,guilt.txt,2309,1,6,3.537462,8168,1,1,76,1045,1059,124,4,0
intra,intra.txt,2309,2,6,3.537462,8168,0,0,63,1074,1044,124,4,0
limed,limed.txt,2309,2,5,3.537462,8168,0,0,65,1040,1102,102,0,0
lomes,lomes.txt,2309,2,6,3.537462,8168,0,0,65,1058,1067,118,1,0
marid,marid.txt,2309,2,6,3.537462,8168,0,0,77,1037,1074,119,2,0
moder,moder.txt,2309,2,6,3.537462,8168,0,0,68,1045,1085,109,2,0
morna,morna.txt,2309,2,6,3.537462,8168,0,0,80,1031,1078,117,3,0
mured,mured.txt,2309,2,6,3.537462,8168,0,0,66,1054,1072,116,1,0
orach,orach.txt,2309,2,6,3.537462,8168,0,0,61,1073,1055,113,7,0
outen,outen.txt,2309,2,6,3.537462,8168,0,0,77,1043,1062,125,2,0
reine,reine.txt,2309,2,6,3.537462,8168,0,0,56,1101,1012,135,5,0
rumen,rumen.txt,2309,2,6,3.537462,8168,0,0,67,1053,1071,117,1,0
sargo,sargo.txt,2309,2,6,3.537462,8168,0,0,60,1076,1047,124,2,0
sprad,sprad.txt,2309,2,6,3.537462,8168,0,0,66,1043,1097,99,4,0
tangs,tangs.txt,2309,2,6,3.537462,8168,0,0,55,1073,1070,107,4,0
twine,twine.txt,2309,1,5,3.537462,8168,1,1,68,1046,1077,117,0,0
almeh,almeh.txt,2309,2,6,3.537895,8169,0,0,58,1061,1081,108,1,0
cardi,cardi.txt,2309,2,6,3.537895,8169,0,0,60,1065,1067,116,1,0
cigar,cigar.txt,2309,1,6,3.537895,8169,1,1,67,1037,1101,99,4,0
crabs,crabs.txt,2309,2,6,3.537895,8169,0,0,66,1038,1104,99,2,0
datos,datos.txt,2309,2,6,3.537895,8169,0,0,62,1052,1090,101,4,0
float,float.txt,2309,1,6,3.537895,8169,1,1,77,1024,1097,106,4,0
frame,frame.txt,2309,1,6,3.537895,8169,1,1,71,1031,1099,105,2,0
gluer,gluer.txt,2309,2,6,3.537895,8169,0,0,68,1043,1088,108,2,0
leare,leare.txt,2309,2,6,3.537895,8169,0,0,65,1081,1024,134,5,0
louts,louts.txt,2309,2,6,3.537895,8169,0,0,59,1057,1087,104,2,0
mealy,mealy.txt,2309,1,6,3.537895,8169,1,1,74,1024,1105,102,3,0
mirls,mirls.txt,2309,2,6,3.537895,8169,0,0,63,1041,1107,96,2,0
moble,moble.txt,2309,2,6,3.537895,8169,0,0,73,1038,1084,111,3,0
muist,muist.txt,2309,2,6,3.537895,8169,0,0,67,1065,1052,118,7,0
napes,napes.txt,2309,2,6,3.537895,8169,0,0,61,1048,1099,99,2,0
pedro,pedro.txt,2309,2,6,3.537895,8169,0,0,66,1044,1094,101,4,0
phone,phone.txt,2309,1,6,3.537895,8169,1,1,69,1029,1109,99,2,0
rayed,rayed.txt,2309,2,6,3.537895,8169,0,0,67,1036,1105,99,2,0
roams,roams.txt,2309,2,6,3.537895,8169,0,0,73,1036,1090,105,5,0
scind,scind.txt,2309,2,6,3.537895,8169,0,0,57,1057,1093,100,2,0
slurp,slurp.txt,2309,1,6,3.537895,8169,1,1,70,1047,1072,115,4,0
strag,strag.txt,2309,2,6,3.537895,8169,0,0,53,1065,1090,98,3,0
acted,acted.txt,2309,2,6,3.538328,8170,0,0,68,1038,1096,106,1,0
bated,bated.txt,2309,2,6,3.538328,8170,0,0,73,1018,1121,96,1,0
blurt,blurt.txt,2309,1,6,3.538328,8170,1,1,75,1044,1060,127,2,0
brome,brome.txt,2309,2,6,3.538328,8170,0,0,69,1040,1093,102,5,0
cando,cando.txt,2309,2,6,3.538328,8170,0,0,59,1068,1065,114,3,0
capri,capri.txt,2309,2,6,3.538328,8170,0,0,62,1060,1073,110,4,0
cornu,cornu.txt,2309,2,6,3.538328,8170,0,0,60,1062,1073,112,2,0
feral,feral.txt,2309,1,6,3.538328,8170,1,1,71,1035,1090,110,2,0
gated,gated.txt,2309,2,5,3.538328,8170,0,0,62,1046,1097,104,0,0
gnars,gnars.txt,2309,2,6,3.538328,8170,0,0,55,1069,1074,109,2,0
grind,grind.txt,2309,1,6,3.538328,8170,1,1,76,1032,1084,111,5,0
ictal,ictal.txt,2309,2,5,3.538328,8170,0,0,65,1060,1060,124,0,0
inust,inust.txt,2309,2,6,3.538328,8170,0,0,60,1073,1052,121,3,0
mensa,mensa.txt,2309,2,6,3.538328,8170,0,0,71,1045,1078,109,6,0
meris,meris.txt,2309,2,6,3.538328,8170,0,0,80,1028,1081,118,2,0
orang,orang.txt,2309,2,6,3.538328,8170,0,0,62,1051,1088,107,1,0
rayls,rayls.txt,2309,2,6,3.538328,8170,0,0,63,1033,1122,89,2,0
seter,seter.txt,2309,2,6,3.538328,8170,0,0,71,1058,1050,126,4,0
stilb,stilb.txt,2309,2,6,3.538328,8170,0,0,52,1070,1081,104,2,0
stipa,stipa.txt,2309,2,6,3.538328,8170,0,0,63,1059,1070,115,2,0
swire,swire.txt,2309,2,6,3.538328,8170,0,0,74,1049,1057,127,2,0
tyred,tyred.txt,2309,2,6,3.538328,8170,0,0,57,1053,1099,99,1,0
ultra,ultra.txt,2309,1,6,3.538328,8170,1,1,60,1067,1059,120,2,0
walie,walie.txt,2309,2,6,3.538328,8170,0,0,59,1070,1062,114,4,0
alims,alims.txt,2309,2,6,3.538761,8171,0,0,70,1049,1072,112,6,0
boule,boule.txt,2309,1,6,3.538761,8171,1,1,72,1043,1072,117,4,0
cabin,cabin.txt,2309,1,6,3.538761,8171,1,1,71,1023,1113,99,2,0
cargo,cargo.txt,2309,1,6,3.538761,8171,1,1,63,1052,1080,110,3,0
carve,carve.txt,2309,1,6,3.538761,8171,1,1,76,1039,1068,121,4,0
cuits,cuits.txt,2309,2,5,3.538761,8171,0,0,64,1061,1060,124,0,0
glime,glime.txt,2309,2,6,3.538761,8171,0,0,72,1053,1057,122,5,0
hayle,hayle.txt,2309,2,6,3.538761,8171,0,0,62,1060,1072,111,4,0
lacey,lacey.txt,2309,2,5,3.538761,8171,0,0,73,1032,1091,113,0,0
limes,limes.txt,2309,2,6,3.538761,8171,0,0,57,1065,1076,108,3,0
lodge,lodge.txt,2309,1,6,3.538761,8171,1,1,70,1050,1061,126,1,0
minor,minor.txt,2309,1,6,3.538761,8171,1,1,69,1052,1064,118,5,0
muset,muset.txt,2309,2,6,3.538761,8171,0,0,73,1053,1051,130,2,0
nagor,nagor.txt,2309,2,6,3.538761,8171,0,0,74,1013,1127,94,1,0
natch,natch.txt,2309,2,6,3.538761,8171,0,0,61,1055,1084,106,3,0
pacts,pacts.txt,2309,2,6,3.538761,8171,0,0,60,1046,1103,99,1,0
picot,picot.txt,2309,2,6,3.538761,8171,0,0,65,1052,1077,113,2,0
pinta,pinta.txt,2309,2,6,3.538761,8171,0,0,72,1049,1062,124,2,0
pocan,pocan.txt,2309,2,6,3.538761,8171,0,0,72,1040,1080,115,2,0
prads,prads.txt,2309,2,6,3.538761,8171,0,0,61,1049,1095,102,2,0
radio,radio.txt,2309,1,6,3.538761,8171,1,1,73,1035,1082,117,1,0
renig,renig.txt,2309,2,6,3.538761,8171,0,0,68,1046,1082,109,4,0
scout,scout.txt,2309,1,6,3.538761,8171,1,1,65,1046,1086,108,3,0
ulcer,ulcer.txt,2309,1,6,3.538761,8171,1,1,64,1042,1099,98,5,0
aspen,aspen.txt,2309,2,6,3.539194,8172,0,0,68,1036,1100,102,3,0
borna,borna.txt,2309,2,6,3.539194,8172,0,0,68,1050,1073,114,4,0
brins,brins.txt,2309,2,6,3.539194,8172,0,0,60,1060,1074,114,1,0
carbs,carbs.txt,2309,2,6,3.539194,8172,0,0,67,1038,1098,104,2,0
clous,clous.txt,2309,2,6,3.539194,8172,0,0,58,1060,1081,108,2,0
diets,diets.txt,2309,2,6,3.539194,8172,0,0,65,1055,1072,113,4,0
escar,escar.txt,2309,2,6,3.539194,8172,0,0,68,1049,1072,119,1,0
fiest,fiest.txt,2309,2,6,3.539194,8172,0,0,79,1044,1054,126,6,0
giron,giron.txt,2309,2,6,3.539194,8172,0,0,75,1041,1070,119,4,0
layin,layin.txt,2309,2,6,3.539194,8172,0,0,56,1069,1070,111,3,0
loids,loids.txt,2309,2,6,3.539194,8172,0,0,61,1064,1065,116,3,0
luces,luces.txt,2309,2,6,3.539194,8172,0,0,66,1050,1077,114,2,0
melon,melon.txt,2309,1,6,3.539194,8172,1,1,68,1047,1077,110,6,0
midst,midst.txt,2309,1,6,3.539194,8172,1,1,61,1045,1098,102,2,0
milts,milts.txt,2309,2,6,3.539194,8172,0,0,66,1043,1092,105,3,0
neaps,neaps.txt,2309,2,6,3.539194,8172,0,0,62,1050,1089,106,2,0
plaud,plaud.txt,2309,2,6,3.539194,8172,0,0,68,1040,1092,106,3,0
stoun,stoun.txt,2309,2,6,3.539194,8172,0,0,64,1055,1073,115,2,0
verst,verst.txt,2309,2,6,3.539194,8172,0,0,66,1062,1057,118,6,0
acros,acros.txt,2309,2,6,3.539628,8173,0,0,69,1042,1083,113,2,0
alike,alike.txt,2309,1,6,3.539628,8173,1,1,56,1076,1053,118,5,0
ascot,ascot.txt,2309,1,6,3.539628,8173,1,1,57,1076,1052,116,7,0
ayrie,ayrie.txt,2309,2,6,3.539628,8173,0,0,49,1099,1030,128,3,0
bluer,bluer.txt,2309,1,6,3.539628,8173,1,1,77,1011,1118,99,3,0
bolts,bolts.txt,2309,2,6,3.539628,8173,0,0,63,1037,1110,98,1,0
bones,bones.txt,2309,2,6,3.539628,8173,0,0,57,1053,1096,102,1,0
cerne,cerne.txt,2309,2,6,3.539628,8173,0,0,61,1068,1058,117,5,0
chord,chord.txt,2309,1,6,3.539628,8173,1,1,72,1041,1071,123,1,0
cnida,cnida.txt,2309,2,6,3.539628,8173,0,0,57,1088,1031,127,6,0
eolid,eolid.txt,2309,2,6,3.539628,8173,0,0,71,1038,1088,107,5,0
halos,halos.txt,2309,2,6,3.539628,8173,0,0,58,1068,1064,117,2,0
lease,lease.txt,2309,1,6,3.539628,8173,1,1,54,1092,1025,134,3,0
lends,lends.txt,2309,2,6,3.539628,8173,0,0,58,1052,1095,103,1,0
paces,paces.txt,2309,2,6,3.539628,8173,0,0,58,1061,1080,106,4,0
peaty,peaty.txt,2309,2,6,3.539628,8173,0,0,78,1023,1096,108,4,0
ruble,ruble.txt,2309,2,6,3.539628,8173,0,0,78,1023,1094,112,2,0
saury,saury.txt,2309,2,6,3.539628,8173,0,0,57,1079,1046,124,3,0
sidhe,sidhe.txt,2309,2,6,3.539628,8173,0,0,62,1067,1057,118,5,0
sigla,sigla.txt,2309,2,6,3.539628,8173,0,0,62,1066,1055,125,1,0
sound,sound.txt,2309,1,6,3.539628,8173,1,1,55,1073,1063,111,6,0
swole,swole.txt,2309,2,6,3.539628,8173,0,0,69,1038,1090,111,1,0
tamis,tamis.txt,2309,2,6,3.539628,8173,0,0,69,1042,1082,115,1,0
thrid,thrid.txt,2309,2,6,3.539628,8173,0,0,69,1043,1081,114,2,0
treen,treen.txt,2309,2,6,3.539628,8173,0,0,68,1048,1074,117,2,0
beton,beton.txt,2309,2,6,3.540061,8174,0,0,67,1045,1082,113,2,0
boras,boras.txt,2309,2,6,3.540061,8174,0,0,80,1015,1105,105,4,0
built,built.txt,2309,1,6,3.540061,8174,1,1,80,1022,1086,117,3,0
croup,croup.txt,2309,1,6,3.540061,8174,1,1,67,1044,1084,107,6,0
fares,fares.txt,2309,2,6,3.540061,8174,0,0,65,1039,1100,103,2,0
feard,feard.txt,2309,2,6,3.540061,8174,0,0,79,1029,1078,121,2,0
garth,garth.txt,2309,2,6,3.540061,8174,0,0,72,1034,1088,114,1,0
hoers,hoers.txt,2309,2,6,3.540061,8174,0,0,66,1077,1022,141,3,0
largo,largo.txt,2309,2,6,3.540061,8174,0,0,70,1035,1093,109,2,0
loams,loams.txt,2309,2,6,3.540061,8174,0,0,70,1037,1089,111,2,0
lound,lound.txt,2309,2,6,3.540061,8174,0,0,65,1053,1072,117,2,0
oners,oners.txt,2309,2,6,3.540061,8174,0,0,61,1068,1055,122,3,0
payer,payer.txt,2309,1,6,3.540061,8174,1,1,70,1036,1087,113,2,0
porty,porty.txt,2309,2,6,3.540061,8174,0,0,69,1040,1088,108,4,0
reest,reest.txt,2309,2,6,3.540061,8174,0,0,74,1038,1078,114,5,0
sapid,sapid.txt,2309,2,6,3.540061,8174,0,0,64,1053,1076,113,3,0
seine,seine.txt,2309,2,6,3.540061,8174,0,0,68,1056,1060,120,5,0
shero,shero.txt,2309,2,6,3.540061,8174,0,0,66,1083,1013,141,6,0
sicht,sicht.txt,2309,2,6,3.540061,8174,0,0,54,1065,1080,109,1,0
skirt,skirt.txt,2309,1,6,3.540061,8174,1,1,50,1086,1049,119,4,0
troys,troys.txt,2309,2,5,3.540061,8174,0,0,50,1067,1087,105,0,0
truly,truly.txt,2309,1,6,3.540061,8174,1,1,61,1049,1090,104,4,0
blots,blots.txt,2309,2,6,3.540494,8175,0,0,65,1038,1101,103,2,0
cames,cames.txt,2309,2,6,3.540494,8175,0,0,58,1058,1084,105,4,0
cramp,cramp.txt,2309,1,6,3.540494,8175,1,1,68,1037,1089,113,1,0
crems,crems.txt,2309,2,6,3.540494,8175,0,0,62,1057,1071,118,1,0
depot,depot.txt,2309,1,6,3.540494,8175,1,1,64,1030,1115,98,1,0
erase,erase.txt,2309,1,6,3.540494,8175,1,1,44,1108,1024,126,6,0
froes,froes.txt,2309,2,6,3.540494,8175,0,0,70,1025,1113,98,3,0
graip,graip.txt,2309,2,6,3.540494,8175,0,0,71,1051,1058,126,3,0
lobed,lobed.txt,2309,2,6,3.540494,8175,0,0,65,1047,1083,112,2,0
lunas,lunas.txt,2309,2,6,3.540494,8175,0,0,57,1064,1076,107,5,0
mason,mason.txt,2309,1,6,3.540494,8175,1,1,74,1032,1085,112,5,0
mulie,mulie.txt,2309,2,6,3.540494,8175,0,0,81,1028,1073,125,2,0
odist,odist.txt,2309,2,6,3.540494,8175,0,0,62,1058,1071,115,3,0
rhime,rhime.txt,2309,2,6,3.540494,8175,0,0,62,1069,1048,128,2,0
rudes,rudes.txt,2309,2,6,3.540494,8175,0,0,65,1038,1102,101,3,0
ryals,ryals.txt,2309,2,6,3.540494,8175,0,0,54,1050,1110,93,2,0
shope,shope.txt,2309,2,6,3.540494,8175,0,0,67,1055,1060,126,1,0
slopy,slopy.txt,2309,2,6,3.540494,8175,0,0,66,1041,1093,106,3,0
tulsi,tulsi.txt,2309,2,6,3.540494,8175,0,0,52,1075,1065,116,1,0
urson,urson.txt,2309,2,6,3.540494,8175,0,0,53,1075,1065,112,4,0
valse,valse.txt,2309,2,6,3.540494,8175,0,0,69,1036,1092,111,1,0
brith,brith.txt,2309,2,6,3.540927,8176,0,0,60,1065,1063,117,4,0
carbo,carbo.txt,2309,2,6,3.540927,8176,0,0,79,1018,1100,108,4,0
deign,deign.txt,2309,1,6,3.540927,8176,1,1,79,1028,1076,121,4,0
demit,demit.txt,2309,2,6,3.540927,8176,0,0,76,1023,1097,111,2,0
disme,disme.txt,2309,2,6,3.540927,8176,0,0,62,1038,1110,96,3,0
genro,genro.txt,2309,2,6,3.540927,8176,0,0,66,1047,1078,117,1,0
idler,idler.txt,2309,1,5,3.540927,8176,1,1,60,1048,1089,111,0,0
metas,metas.txt,2309,2,6,3.540927,8176,0,0,64,1046,1087,110,2,0
niced,niced.txt,2309,2,5,3.540927,8176,0,0,63,1032,1116,98,0,0
orcas,orcas.txt,2309,2,6,3.540927,8176,0,0,65,1046,1085,110,3,0
piley,piley.txt,2309,2,6,3.540927,8176,0,0,75,1028,1091,112,3,0
pruta,pruta.txt,2309,2,6,3.540927,8176,0,0,69,1042,1079,118,1,0
richt,richt.txt,2309,2,6,3.540927,8176,0,0,57,1060,1080,110,2,0
scorp,scorp.txt,2309,2,6,3.540927,8176,0,0,63,1038,1106,100,2,0
snake,snake.txt,2309,1,6,3.540927,8176,1,1,67,1046,1078,111,6,0
spica,spica.txt,2309,2,6,3.540927,8176,0,0,62,1056,1075,112,4,0
stich,stich.txt,2309,2,6,3.540927,8176,0,0,57,1048,1104,98,2,0
taube,taube.txt,2309,2,6,3.540927,8176,0,0,71,1038,1081,118,1,0
thurl,thurl.txt,2309,2,6,3.540927,8176,0,0,64,1067,1045,131,2,0
tower,tower.txt,2309,1,5,3.540927,8176,1,1,63,1043,1090,112,0,0
yarns,yarns.txt,2309,2,6,3.540927,8176,0,0,50,1076,1071,108,4,0
algid,algid.txt,2309,2,6,3.54136,8177,0,0,77,1027,1087,114,4,0
aunes,aunes.txt,2309,2,6,3.54136,8177,0,0,65,1053,1071,116,4,0
caput,caput.txt,2309,1,6,3.54136,8177,1,1,63,1045,1088,109,3,0
cogie,cogie.txt,2309,2,6,3.54136,8177,0,0,56,1072,1057,123,1,0
gains,gains.txt,2309,2,6,3.54136,8177,0,0,69,1051,1064,120,5,0
garis,garis.txt,2309,2,6,3.54136,8177,0,0,75,1021,1103,108,2,0
gelts,gelts.txt,2309,2,6,3.54136,8177,0,0,59,1057,1080,110,3,0
glias,glias.txt,2309,2,6,3.54136,8177,0,0,72,1038,1077,121,1,0
inure,inure.txt,2309,2,6,3.54136,8177,0,0,63,1068,1048,125,5,0
logan,logan.txt,2309,2,6,3.54136,8177,0,0,78,1026,1085,117,3,0
lomed,lomed.txt,2309,2,6,3.54136,8177,0,0,63,1057,1067,120,2,0
louns,louns.txt,2309,2,6,3.54136,8177,0,0,53,1058,1094,103,1,0
maneh,maneh.txt,2309,2,6,3.54136,8177,0,0,63,1048,1086,109,3,0
modal,modal.txt,2309,1,6,3.54136,8177,1,1,72,1034,1083,116,3,0
orpin,orpin.txt,2309,2,6,3.54136,8177,0,0,61,1051,1087,106,4,0
ounce,ounce.txt,2309,1,6,3.54136,8177,1,1,60,1067,1053,125,3,0
pinge,pinge.txt,2309,2,6,3.54136,8177,0,0,69,1043,1076,120,1,0
pryan,pryan.txt,2309,2,6,3.54136,8177,0,0,62,1048,1092,101,6,0
rinds,rinds.txt,2309,2,6,3.54136,8177,0,0,64,1040,1100,101,4,0
rohes,rohes.txt,2309,2,6,3.54136,8177,0,0,61,1067,1053,126,2,0
roily,roily.txt,2309,2,6,3.54136,8177,0,0,60,1070,1053,121,5,0
rouls,rouls.txt,2309,2,6,3.54136,8177,0,0,58,1054,1091,101,5,0
routh,routh.txt,2309,2,6,3.54136,8177,0,0,76,1041,1061,128,3,0
saker,saker.txt,2309,2,6,3.54136,8177,0,0,42,1096,1054,113,4,0
setup,setup.txt,2309,1,6,3.54136,8177,1,1,66,1049,1070,121,2,0
spina,spina.txt,2309,2,6,3.54136,8177,0,0,70,1044,1073,119,3,0
swelt,swelt.txt,2309,2,6,3.54136,8177,0,0,75,1034,1078,119,3,0
twoer,twoer.txt,2309,2,5,3.54136,8177,0,0,65,1041,1091,112,0,0
tyler,tyler.txt,2309,2,5,3.54136,8177,0,0,59,1037,1117,96,0,0
aborn,aborn.txt,2309,2,6,3.541793,8178,0,0,69,1046,1073,116,5,0
aleph,aleph.txt,2309,2,6,3.541793,8178,0,0,72,1040,1074,120,3,0
aloft,aloft.txt,2309,1,6,3.541793,8178,1,1,77,1009,1115,106,1,0
diary,diary.txt,2309,1,6,3.541793,8178,1,1,64,1063,1048,130,3,0
ditas,ditas.txt,2309,2,6,3.541793,8178,0,0,62,1054,1077,112,4,0
doley,doley.txt,2309,2,6,3.541793,8178,0,0,72,1025,1103,107,2,0
drips,drips.txt,2309,2,6,3.541793,8178,0,0,54,1062,1084,106,3,0
entia,entia.txt,2309,2,6,3.541793,8178,0,0,77,1061,1022,141,8,0
frust,frust.txt,2309,2,6,3.541793,8178,0,0,68,1037,1092,109,3,0
garbe,garbe.txt,2309,2,6,3.541793,8178,0,0,70,1033,1095,107,4,0
garni,garni.txt,2309,2,6,3.541793,8178,0,0,68,1059,1050,127,5,0
gerah,gerah.txt,2309,2,6,3.541793,8178,0,0,63,1059,1063,121,3,0
girns,girns.txt,2309,2,6,3.541793,8178,0,0,61,1060,1067,118,3,0
glaur,glaur.txt,2309,2,6,3.541793,8178,0,0,74,1033,1080,121,1,0
haros,haros.txt,2309,2,6,3.541793,8178,0,0,69,1050,1064,122,4,0
ludes,ludes.txt,2309,2,6,3.541793,8178,0,0,63,1051,1079,113,3,0
marsh,marsh.txt,2309,1,6,3.541793,8178,1,1,64,1049,1077,114,4,0
moted,moted.txt,2309,2,6,3.541793,8178,0,0,74,1022,1105,104,4,0
naios,naios.txt,2309,2,6,3.541793,8178,0,0,63,1058,1066,118,4,0
patch,patch.txt,2309,1,5,3.541793,8178,1,1,69,1040,1076,123,0,0
plesh,plesh.txt,2309,2,6,3.541793,8178,0,0,69,1050,1062,126,2,0
scrod,scrod.txt,2309,2,6,3.541793,8178,0,0,56,1053,1095,103,2,0
swine,swine.txt,2309,1,6,3.541793,8178,1,1,77,1036,1062,131,2,0
teres,teres.txt,2309,2,6,3.541793,8178,0,0,66,1057,1059,123,4,0
tharm,tharm.txt,2309,2,6,3.541793,8178,0,0,75,1025,1093,115,1,0
tromp,tromp.txt,2309,2,6,3.541793,8178,0,0,64,1044,1088,112,1,0
untie,untie.txt,2309,1,6,3.541793,8178,1,1,73,1040,1068,123,4,0
afire,afire.txt,2309,1,6,3.542226,8179,1,1,60,1061,1065,117,5,0
atony,atony.txt,2309,2,6,3.542226,8179,0,0,65,1050,1074,117,3,0
boult,boult.txt,2309,2,6,3.542226,8179,0,0,72,1036,1082,115,4,0
breid,breid.txt,2309,2,6,3.542226,8179,0,0,71,1035,1086,114,3,0
celom,celom.txt,2309,2,6,3.542226,8179,0,0,64,1064,1050,127,4,0
chode,chode.txt,2309,2,5,3.542226,8179,0,0,59,1056,1077,117,0,0
cutin,cutin.txt,2309,2,6,3.542226,8179,0,0,69,1054,1054,129,3,0
delay,delay.txt,2309,1,6,3.542226,8179,1,1,80,1012,1099,116,1,0
dolci,dolci.txt,2309,2,6,3.542226,8179,0,0,53,1064,1080,111,1,0
facet,facet.txt,2309,1,5,3.542226,8179,1,1,74,1011,1118,105,0,0
holme,holme.txt,2309,2,6,3.542226,8179,0,0,58,1058,1078,113,2,0
laree,laree.txt,2309,2,6,3.542226,8179,0,0,63,1059,1064,118,5,0
lemon,lemon.txt,2309,1,6,3.542226,8179,1,1,73,1030,1088,112,5,0
letch,letch.txt,2309,2,6,3.542226,8179,0,0,59,1050,1090,109,1,0
loges,loges.txt,2309,2,6,3.542226,8179,0,0,66,1045,1080,116,2,0
meath,meath.txt,2309,2,6,3.542226,8179,0,0,69,1043,1077,116,4,0
menta,menta.txt,2309,2,6,3.542226,8179,0,0,69,1029,1102,108,1,0
mines,mines.txt,2309,2,6,3.542226,8179,0,0,63,1046,1088,109,3,0
mints,mints.txt,2309,2,6,3.542226,8179,0,0,63,1045,1090,108,3,0
nerds,nerds.txt,2309,2,6,3.542226,8179,0,0,61,1050,1085,111,2,0
nurts,nurts.txt,2309,2,6,3.542226,8179,0,0,53,1067,1077,108,4,0
opsat,opsat.txt,2309,2,6,3.542226,8179,0,0,65,1050,1075,115,4,0
pahit,pahit.txt,2309,2,6,3.542226,8179,0,0,66,1054,1062,125,2,0
panch,panch.txt,2309,2,6,3.542226,8179,0,0,62,1047,1089,108,3,0
ribes,ribes.txt,2309,2,6,3.542226,8179,0,0,71,1027,1104,102,5,0
siree,siree.txt,2309,2,6,3.542226,8179,0,0,59,1076,1042,127,5,0
skite,skite.txt,2309,2,6,3.542226,8179,0,0,56,1068,1067,113,5,0
slype,slype.txt,2309,2,6,3.542226,8179,0,0,62,1034,1113,99,1,0
treif,treif.txt,2309,2,6,3.542226,8179,0,0,77,1020,1100,107,5,0
berth,berth.txt,2309,1,6,3.542659,8180,1,1,76,1021,1094,114,3,0
blunt,blunt.txt,2309,1,6,3.542659,8180,1,1,65,1047,1075,118,3,0
cadis,cadis.txt,2309,2,6,3.542659,8180,0,0,64,1042,1091,110,2,0
chide,chide.txt,2309,1,6,3.542659,8180,1,1,60,1056,1072,117,3,0
chons,chons.txt,2309,2,6,3.542659,8180,0,0,67,1034,1097,110,1,0
crank,crank.txt,2309,1,6,3.542659,8180,1,1,65,1049,1069,124,1,0
dairy,dairy.txt,2309,1,6,3.542659,8180,1,1,65,1056,1059,123,5,0
deism,deism.txt,2309,2,6,3.542659,8180,0,0,66,1046,1082,108,7,0
dinge,dinge.txt,2309,2,6,3.542659,8180,0,0,73,1023,1104,105,4,0
dinos,dinos.txt,2309,2,6,3.542659,8180,0,0,67,1050,1069,118,5,0
domal,domal.txt,2309,2,6,3.542659,8180,0,0,73,1030,1089,114,3,0
doric,doric.txt,2309,2,6,3.542659,8180,0,0,56,1070,1060,120,3,0
fetal,fetal.txt,2309,1,6,3.542659,8180,1,1,76,1003,1128,100,1,0
fetor,fetor.txt,2309,2,6,3.542659,8180,0,0,72,1015,1121,99,2,0
gaunt,gaunt.txt,2309,1,6,3.542659,8180,1,1,67,1044,1077,115,5,0
geits,geits.txt,2309,2,6,3.542659,8180,0,0,68,1052,1062,122,5,0
gelid,gelid.txt,2309,2,6,3.542659,8180,0,0,80,1022,1085,118,4,0
godet,godet.txt,2309,2,6,3.542659,8180,0,0,69,1037,1086,115,2,0
grens,grens.txt,2309,2,6,3.542659,8180,0,0,62,1061,1060,123,3,0
harem,harem.txt,2309,1,6,3.542659,8180,1,1,66,1048,1069,123,2,0
hilsa,hilsa.txt,2309,2,6,3.542659,8180,0,0,60,1068,1054,122,5,0
malic,malic.txt,2309,2,6,3.542659,8180,0,0,65,1041,1091,109,3,0
meins,meins.txt,2309,2,6,3.542659,8180,0,0,65,1060,1052,130,2,0
menad,menad.txt,2309,2,6,3.542659,8180,0,0,70,1041,1075,121,2,0
monpe,monpe.txt,2309,2,6,3.542659,8180,0,0,63,1041,1098,103,4,0
peach,peach.txt,2309,1,6,3.542659,8180,1,1,70,1053,1049,132,4,0
relet,relet.txt,2309,2,6,3.542659,8180,0,0,70,1033,1091,113,2,0
rheas,rheas.txt,2309,2,6,3.542659,8180,0,0,60,1076,1036,134,3,0
runos,runos.txt,2309,2,6,3.542659,8180,0,0,63,1050,1079,114,3,0
stony,stony.txt,2309,1,6,3.542659,8180,1,1,61,1042,1095,109,1,0
unlit,unlit.txt,2309,1,6,3.542659,8180,1,1,65,1047,1073,122,1,0
belon,belon.txt,2309,2,6,3.543092,8181,0,0,64,1037,1100,106,2,0
broad,broad.txt,2309,1,6,3.543092,8181,1,1,82,1031,1057,133,5,0
coude,coude.txt,2309,2,6,3.543092,8181,0,0,58,1057,1077,116,1,0
derma,derma.txt,2309,2,6,3.543092,8181,0,0,69,1040,1078,121,1,0
fores,fores.txt,2309,2,6,3.543092,8181,0,0,62,1039,1101,106,1,0
girls,girls.txt,2309,2,6,3.543092,8181,0,0,62,1030,1119,97,1,0
lords,lords.txt,2309,2,6,3.543092,8181,0,0,62,1051,1078,116,2,0
molas,molas.txt,2309,2,6,3.543092,8181,0,0,69,1036,1087,115,2,0
names,names.txt,2309,2,6,3.543092,8181,0,0,60,1044,1100,101,4,0
nasty,nasty.txt,2309,1,6,3.543092,8181,1,1,67,1015,1130,95,1,0
noria,noria.txt,2309,2,5,3.543092,8181,0,0,63,1058,1059,129,0,0
organ,organ.txt,2309,1,6,3.543092,8181,1,1,72,1023,1100,111,2,0
pedon,pedon.txt,2309,2,6,3.543092,8181,0,0,60,1048,1092,105,4,0
phial,phial.txt,2309,2,6,3.543092,8181,0,0,68,1059,1048,128,6,0
plyer,plyer.txt,2309,2,6,3.543092,8181,0,0,72,1023,1104,108,2,0
prief,prief.txt,2309,2,6,3.543092,8181,0,0,59,1060,1069,119,2,0
sabin,sabin.txt,2309,2,6,3.543092,8181,0,0,65,1027,1116,100,1,0
sadic,sadic.txt,2309,2,6,3.543092,8181,0,0,60,1045,1096,106,2,0
staph,staph.txt,2309,2,6,3.543092,8181,0,0,66,1036,1097,107,3,0
toges,toges.txt,2309,2,6,3.543092,8181,0,0,54,1059,1086,108,2,0
tulip,tulip.txt,2309,1,6,3.543092,8181,1,1,67,1047,1066,127,1,0
ureal,ureal.txt,2309,2,6,3.543092,8181,0,0,58,1064,1068,113,6,0
afrit,afrit.txt,2309,2,6,3.543525,8182,0,0,71,1042,1071,120,5,0
apode,apode.txt,2309,2,5,3.543525,8182,0,0,62,1046,1085,116,0,0
belts,belts.txt,2309,2,6,3.543525,8182,0,0,69,1031,1097,109,3,0
child,child.txt,2309,1,6,3.543525,8182,1,1,59,1040,1103,105,1,0
clamp,clamp.txt,2309,1,6,3.543525,8182,1,1,68,1023,1111,104,2,0
comes,comes.txt,2309,2,6,3.543525,8182,0,0,61,1052,1081,110,5,0
crogs,crogs.txt,2309,2,6,3.543525,8182,0,0,51,1049,1113,95,1,0
cunts,cunts.txt,2309,2,6,3.543525,8182,0,0,64,1043,1089,109,4,0
drops,drops.txt,2309,2,6,3.543525,8182,0,0,59,1053,1082,113,2,0
dwale,dwale.txt,2309,2,6,3.543525,8182,0,0,71,1030,1093,112,3,0
estro,estro.txt,2309,2,6,3.543525,8182,0,0,62,1058,1066,118,5,0
golpe,golpe.txt,2309,2,6,3.543525,8182,0,0,60,1044,1096,108,1,0
moras,moras.txt,2309,2,6,3.543525,8182,0,0,78,1025,1084,117,5,0
nouls,nouls.txt,2309,2,5,3.543525,8182,0,0,53,1046,1112,98,0,0
onces,onces.txt,2309,2,6,3.543525,8182,0,0,60,1050,1087,108,4,0
perch,perch.txt,2309,1,6,3.543525,8182,1,1,67,1033,1094,112,2,0
poind,poind.txt,2309,2,6,3.543525,8182,0,0,71,1037,1079,119,3,0
porch,porch.txt,2309,1,6,3.543525,8182,1,1,61,1043,1092,110,2,0
refan,refan.txt,2309,2,6,3.543525,8182,0,0,70,1033,1088,117,1,0
resty,resty.txt,2309,2,6,3.543525,8182,0,0,60,1043,1099,105,2,0
robin,robin.txt,2309,1,6,3.543525,8182,1,1,66,1034,1095,111,2,0
rohan,rohan.txt,2309,2,6,3.543525,8182,0,0,63,1062,1053,128,3,0
scary,scary.txt,2309,1,6,3.543525,8182,1,1,52,1062,1083,107,4,0
shuln,shuln.txt,2309,2,6,3.543525,8182,0,0,54,1072,1062,116,5,0
sower,sower.txt,2309,1,6,3.543525,8182,1,1,60,1048,1086,111,3,0
tarre,tarre.txt,2309,2,6,3.543525,8182,0,0,56,1069,1060,121,3,0
tongs,tongs.txt,2309,2,6,3.543525,8182,0,0,60,1039,1107,101,2,0
towse,towse.txt,2309,2,6,3.543525,8182,0,0,62,1046,1088,110,3,0
treys,treys.txt,2309,2,6,3.543525,8182,0,0,51,1061,1090,105,2,0
yales,yales.txt,2309,2,6,3.543525,8182,0,0,59,1045,1099,103,3,0
ankle,ankle.txt,2309,1,6,3.543958,8183,1,1,64,1040,1091,108,5,0
buist,buist.txt,2309,2,6,3.543958,8183,0,0,67,1034,1095,111,2,0
chits,chits.txt,2309,2,6,3.543958,8183,0,0,64,1027,1117,100,1,0
chute,chute.txt,2309,1,6,3.543958,8183,1,1,64,1055,1060,125,4,0
dices,dices.txt,2309,2,6,3.543958,8183,0,0,59,1034,1118,97,1,0
ering,ering.txt,2309,2,6,3.543958,8183,0,0,61,1075,1032,138,3,0
lunts,lunts.txt,2309,2,6,3.543958,8183,0,0,56,1052,1093,105,3,0
mures,mures.txt,2309,2,6,3.543958,8183,0,0,78,1019,1093,116,3,0
panty,panty.txt,2309,2,6,3.543958,8183,0,0,75,1003,1134,94,3,0
pelsh,pelsh.txt,2309,2,6,3.543958,8183,0,0,64,1043,1086,114,2,0
rimon,rimon.txt,2309,2,6,3.543958,8183,0,0,74,1038,1069,123,5,0
sepia,sepia.txt,2309,1,6,3.543958,8183,1,1,70,1036,1080,118,4,0
trove,trove.txt,2309,1,6,3.543958,8183,1,1,58,1054,1080,112,4,0
upset,upset.txt,2309,1,6,3.543958,8183,1,1,72,1027,1090,117,2,0
after,after.txt,2309,1,5,3.544392,8184,1,1,65,1015,1132,96,0,0
agone,agone.txt,2309,2,6,3.544392,8184,0,0,64,1042,1089,110,4,0
aryls,aryls.txt,2309,2,6,3.544392,8184,0,0,55,1040,1117,96,1,0
atocs,atocs.txt,2309,2,6,3.544392,8184,0,0,57,1073,1051,121,7,0
bagel,bagel.txt,2309,1,6,3.544392,8184,1,1,74,1015,1108,108,3,0
beira,beira.txt,2309,2,6,3.544392,8184,0,0,76,1035,1070,121,7,0
birls,birls.txt,2309,2,6,3.544392,8184,0,0,66,1034,1096,112,1,0
broth,broth.txt,2309,1,6,3.544392,8184,1,1,69,1020,1113,103,3,0
cibol,cibol.txt,2309,2,6,3.544392,8184,0,0,64,1035,1100,109,1,0
duars,duars.txt,2309,2,6,3.544392,8184,0,0,61,1051,1078,117,2,0
fales,fales.txt,2309,2,6,3.544392,8184,0,0,67,1024,1115,100,3,0
freon,freon.txt,2309,2,6,3.544392,8184,0,0,66,1030,1107,102,4,0
frits,frits.txt,2309,2,6,3.544392,8184,0,0,79,1008,1111,108,3,0
krone,krone.txt,2309,2,6,3.544392,8184,0,0,46,1086,1055,118,4,0
mulct,mulct.txt,2309,2,6,3.544392,8184,0,0,63,1049,1077,117,3,0
octan,octan.txt,2309,2,6,3.544392,8184,0,0,73,1020,1106,106,4,0
pects,pects.txt,2309,2,6,3.544392,8184,0,0,60,1031,1120,97,1,0
ready,ready.txt,2309,1,6,3.544392,8184,1,1,68,1025,1107,104,4,0
sirup,sirup.txt,2309,2,6,3.544392,8184,0,0,77,1033,1067,129,3,0
soldi,soldi.txt,2309,2,6,3.544392,8184,0,0,51,1073,1065,117,3,0
sprod,sprod.txt,2309,2,6,3.544392,8184,0,0,62,1044,1089,112,2,0
stalk,stalk.txt,2309,1,6,3.544392,8184,1,1,64,1043,1084,112,5,0
sulci,sulci.txt,2309,2,6,3.544392,8184,0,0,58,1052,1088,106,5,0
tuyer,tuyer.txt,2309,2,6,3.544392,8184,0,0,55,1050,1097,106,1,0
acrid,acrid.txt,2309,1,6,3.544825,8185,1,1,69,1041,1071,123,4,0
baons,baons.txt,2309,2,6,3.544825,8185,0,0,59,1055,1076,116,3,0
beath,beath.txt,2309,2,6,3.544825,8185,0,0,71,1038,1077,117,6,0
bolas,bolas.txt,2309,2,6,3.544825,8185,0,0,72,1038,1070,127,2,0
brens,brens.txt,2309,2,6,3.544825,8185,0,0,55,1063,1075,110,6,0
coupe,coupe.txt,2309,1,6,3.544825,8185,1,1,60,1049,1079,119,1,0
dopes,dopes.txt,2309,2,6,3.544825,8185,0,0,60,1023,1136,88,2,0
galop,galop.txt,2309,2,6,3.544825,8185,0,0,60,1037,1108,102,2,0
ghast,ghast.txt,2309,2,6,3.544825,8185,0,0,61,1057,1066,122,3,0
giust,giust.txt,2309,2,6,3.544825,8185,0,0,58,1065,1057,128,1,0
gusle,gusle.txt,2309,2,6,3.544825,8185,0,0,61,1055,1070,120,3,0
lepid,lepid.txt,2309,2,6,3.544825,8185,0,0,66,1029,1105,108,1,0
louie,louie.txt,2309,2,6,3.544825,8185,0,0,60,1069,1047,128,5,0
manto,manto.txt,2309,2,6,3.544825,8185,0,0,75,1016,1104,113,1,0
melos,melos.txt,2309,2,6,3.544825,8185,0,0,62,1036,1104,105,2,0
morin,morin.txt,2309,2,6,3.544825,8185,0,0,64,1059,1054,128,4,0
named,named.txt,2309,2,6,3.544825,8185,0,0,64,1044,1082,117,2,0
nitry,nitry.txt,2309,2,6,3.544825,8185,0,0,70,1040,1073,123,3,0
orbed,orbed.txt,2309,2,6,3.544825,8185,0,0,71,1013,1123,100,2,0
pinas,pinas.txt,2309,2,6,3.544825,8185,0,0,56,1056,1084,109,4,0
praus,praus.txt,2309,2,6,3.544825,8185,0,0,63,1044,1085,115,2,0
ramis,ramis.txt,2309,2,6,3.544825,8185,0,0,67,1042,1078,119,3,0
rigol,rigol.txt,2309,2,6,3.544825,8185,0,0,74,1035,1073,122,5,0
sofar,sofar.txt,2309,2,6,3.544825,8185,0,0,64,1032,1109,99,5,0
spurn,spurn.txt,2309,1,6,3.544825,8185,1,1,62,1037,1097,111,1,0
trefa,trefa.txt,2309,2,6,3.544825,8185,0,0,73,1006,1133,93,4,0
twier,twier.txt,2309,2,6,3.544825,8185,0,0,71,1032,1085,119,2,0
valet,valet.txt,2309,1,5,3.544825,8185,1,1,68,1023,1106,111,0,0
years,years.txt,2309,2,6,3.544825,8185,0,0,46,1078,1070,111,4,0
algos,algos.txt,2309,2,6,3.545258,8186,0,0,67,1040,1082,116,4,0
bents,bents.txt,2309,2,6,3.545258,8186,0,0,52,1053,1098,105,1,0
cling,cling.txt,2309,1,5,3.545258,8186,1,1,54,1047,1099,108,0,0
crawl,crawl.txt,2309,1,6,3.545258,8186,1,1,53,1045,1107,102,1,0
creel,creel.txt,2309,2,6,3.545258,8186,0,0,54,1065,1074,109,7,0
cribs,cribs.txt,2309,2,6,3.545258,8186,0,0,57,1044,1101,106,1,0
curls,curls.txt,2309,2,6,3.545258,8186,0,0,62,1059,1061,121,6,0
douar,douar.txt,2309,2,6,3.545258,8186,0,0,62,1069,1038,137,3,0
email,email.txt,2309,1,6,3.545258,8186,1,1,78,1042,1043,139,6,0
fared,fared.txt,2309,2,6,3.545258,8186,0,0,63,1037,1098,109,2,0
filer,filer.txt,2309,1,6,3.545258,8186,1,1,78,1014,1096,117,3,0
flied,flied.txt,2309,2,6,3.545258,8186,0,0,75,998,1141,92,3,0
flute,flute.txt,2309,1,6,3.545258,8186,1,1,76,1009,1112,108,3,0
forts,forts.txt,2309,2,6,3.545258,8186,0,0,63,1027,1119,97,3,0
gents,gents.txt,2309,2,6,3.545258,8186,0,0,58,1040,1106,104,1,0
gilts,gilts.txt,2309,2,6,3.545258,8186,0,0,63,1043,1087,113,3,0
manso,manso.txt,2309,2,6,3.545258,8186,0,0,62,1043,1089,113,2,0
mased,mased.txt,2309,2,6,3.545258,8186,0,0,62,1041,1094,109,3,0
mined,mined.txt,2309,2,6,3.545258,8186,0,0,71,1022,1103,112,1,0
ousel,ousel.txt,2309,2,6,3.545258,8186,0,0,58,1066,1054,130,1,0
palus,palus.txt,2309,2,6,3.545258,8186,0,0,59,1055,1073,121,1,0
pansy,pansy.txt,2309,1,6,3.545258,8186,1,1,69,1030,1089,119,1,0
perai,perai.txt,2309,2,6,3.545258,8186,0,0,60,1051,1081,113,4,0
plaig,plaig.txt,2309,2,6,3.545258,8186,0,0,59,1056,1072,120,2,0
purin,purin.txt,2309,2,6,3.545258,8186,0,0,63,1056,1061,126,3,0
rabid,rabid.txt,2309,1,6,3.545258,8186,1,1,76,1013,1104,112,3,0
randy,randy.txt,2309,1,6,3.545258,8186,1,1,66,1030,1099,111,2,0
shout,shout.txt,2309,1,6,3.545258,8186,1,1,68,1053,1050,132,5,0
sowne,sowne.txt,2309,2,5,3.545258,8186,0,0,65,1046,1072,126,0,0
stake,stake.txt,2309,1,6,3.545258,8186,1,1,57,1059,1072,114,6,0
taker,taker.txt,2309,1,6,3.545258,8186,1,1,53,1054,1089,111,1,0
tarok,tarok.txt,2309,2,6,3.545258,8186,0,0,64,1040,1090,112,3,0
timon,timon.txt,2309,2,6,3.545258,8186,0,0,79,1011,1104,111,4,0
towel,towel.txt,2309,1,6,3.545258,8186,1,1,63,1038,1092,113,2,0
tumor,tumor.txt,2309,1,6,3.545258,8186,1,1,71,1020,1105,109,3,0
waler,waler.txt,2309,2,6,3.545258,8186,0,0,68,1025,1107,107,2,0
aides,aides.txt,2309,2,6,3.545691,8187,0,0,64,1044,1082,115,4,0
apiol,apiol.txt,2309,2,6,3.545691,8187,0,0,71,1060,1031,141,6,0
ashet,ashet.txt,2309,2,6,3.545691,8187,0,0,52,1073,1058,124,2,0
bason,bason.txt,2309,2,6,3.545691,8187,0,0,70,1031,1090,114,4,0
daurs,daurs.txt,2309,2,6,3.545691,8187,0,0,59,1057,1070,120,3,0
dunes,dunes.txt,2309,2,6,3.545691,8187,0,0,62,1035,1107,100,5,0
grued,grued.txt,2309,2,6,3.545691,8187,0,0,68,1044,1070,123,4,0
ileac,ileac.txt,2309,2,6,3.545691,8187,0,0,51,1075,1059,120,4,0
lipos,lipos.txt,2309,2,6,3.545691,8187,0,0,63,1051,1070,122,3,0
mange,mange.txt,2309,1,6,3.545691,8187,1,1,69,1034,1083,118,4,0
opsit,opsit.txt,2309,2,6,3.545691,8187,0,0,65,1049,1069,122,4,0
paoli,paoli.txt,2309,2,6,3.545691,8187,0,0,53,1063,1077,112,4,0
peasy,peasy.txt,2309,2,6,3.545691,8187,0,0,74,1023,1096,110,6,0
prags,prags.txt,2309,2,6,3.545691,8187,0,0,55,1039,1116,98,1,0
rente,rente.txt,2309,2,6,3.545691,8187,0,0,56,1060,1073,117,3,0
serum,serum.txt,2309,1,6,3.545691,8187,1,1,76,1023,1084,121,4,0
situp,situp.txt,2309,2,6,3.545691,8187,0,0,69,1042,1071,123,4,0
steam,steam.txt,2309,1,6,3.545691,8187,1,1,71,1022,1099,114,2,0
upter,upter.txt,2309,2,6,3.545691,8187,0,0,71,1028,1090,119,1,0
urena,urena.txt,2309,2,6,3.545691,8187,0,0,61,1057,1064,124,3,0
urial,urial.txt,2309,2,6,3.545691,8187,0,0,65,1058,1054,125,7,0
yeard,yeard.txt,2309,2,6,3.545691,8187,0,0,64,1055,1061,124,5,0
aptly,aptly.txt,2309,1,6,3.546124,8188,1,1,65,1024,1113,103,3,0
argue,argue.txt,2309,1,6,3.546124,8188,1,1,75,1037,1058,134,4,0
botes,botes.txt,2309,2,6,3.546124,8188,0,0,66,1038,1086,116,3,0
centu,centu.txt,2309,2,5,3.546124,8188,0,0,51,1059,1086,113,0,0
clays,clays.txt,2309,2,6,3.546124,8188,0,0,50,1057,1095,105,2,0
cobra,cobra.txt,2309,1,6,3.546124,8188,1,1,72,1017,1105,112,2,0
doseh,doseh.txt,2309,2,6,3.546124,8188,0,0,53,1050,1099,106,1,0
drift,drift.txt,2309,1,6,3.546124,8188,1,1,69,1023,1104,108,4,0
fears,fears.txt,2309,2,6,3.546124,8188,0,0,67,1026,1108,104,4,0
fired,fired.txt,2309,2,6,3.546124,8188,0,0,69,1027,1098,113,2,0
gimel,gimel.txt,2309,2,6,3.546124,8188,0,0,68,1038,1079,122,2,0
goels,goels.txt,2309,2,6,3.546124,8188,0,0,63,1038,1094,112,2,0
isled,isled.txt,2309,2,6,3.546124,8188,0,0,65,1038,1090,112,4,0
liman,liman.txt,2309,2,6,3.546124,8188,0,0,65,1041,1085,113,5,0
lyard,lyard.txt,2309,2,6,3.546124,8188,0,0,56,1066,1060,124,3,0
maced,maced.txt,2309,2,6,3.546124,8188,0,0,66,1023,1114,105,1,0
macro,macro.txt,2309,1,6,3.546124,8188,1,1,83,1000,1108,113,4,0
masut,masut.txt,2309,2,6,3.546124,8188,0,0,73,1018,1104,112,2,0
mento,mento.txt,2309,2,6,3.546124,8188,0,0,71,1013,1122,99,4,0
nifle,nifle.txt,2309,2,6,3.546124,8188,0,0,68,1033,1089,117,2,0
nogal,nogal.txt,2309,2,6,3.546124,8188,0,0,70,1027,1096,113,3,0
osier,osier.txt,2309,2,6,3.546124,8188,0,0,60,1058,1067,118,6,0
picra,picra.txt,2309,2,6,3.546124,8188,0,0,78,1017,1094,115,5,0
pieta,pieta.txt,2309,2,6,3.546124,8188,0,0,70,1046,1057,134,2,0
pricy,pricy.txt,2309,2,6,3.546124,8188,0,0,62,1040,1094,110,3,0
rauli,rauli.txt,2309,2,6,3.546124,8188,0,0,55,1061,1071,121,1,0
refit,refit.txt,2309,1,6,3.546124,8188,1,1,71,1018,1110,103,6,0
retie,retie.txt,2309,2,6,3.546124,8188,0,0,66,1036,1089,116,2,0
sayed,sayed.txt,2309,2,6,3.546124,8188,0,0,58,1043,1099,107,2,0
sherd,sherd.txt,2309,2,6,3.546124,8188,0,0,59,1060,1066,118,6,0
speld,speld.txt,2309,2,6,3.546124,8188,0,0,71,1024,1098,114,2,0
suber,suber.txt,2309,2,6,3.546124,8188,0,0,68,1032,1090,118,1,0
talik,talik.txt,2309,2,5,3.546124,8188,0,0,59,1050,1080,120,0,0
thrip,thrip.txt,2309,2,6,3.546124,8188,0,0,67,1050,1059,130,3,0
tubar,tubar.txt,2309,2,6,3.546124,8188,0,0,73,1022,1097,114,3,0
until,until.txt,2309,1,6,3.546124,8188,1,1,72,1028,1083,123,2,0
albid,albid.txt,2309,2,6,3.546557,8189,0,0,75,1023,1088,120,3,0
aspie,aspie.txt,2309,2,6,3.546557,8189,0,0,67,1048,1065,123,6,0
caged,caged.txt,2309,2,6,3.546557,8189,0,0,54,1051,1093,110,1,0
cedis,cedis.txt,2309,2,6,3.546557,8189,0,0,61,1029,1116,102,1,0
eniac,eniac.txt,2309,2,6,3.546557,8189,0,0,60,1074,1033,137,5,0
fails,fails.txt,2309,2,6,3.546557,8189,0,0,65,1024,1119,95,6,0
frita,frita.txt,2309,2,6,3.546557,8189,0,0,81,1016,1087,119,6,0
gamer,gamer.txt,2309,1,6,3.546557,8189,1,1,69,1030,1088,118,3,0
lobes,lobes.txt,2309,2,6,3.546557,8189,0,0,63,1042,1084,119,1,0
march,march.txt,2309,1,5,3.546557,8189,1,1,69,1035,1075,129,0,0
muser,muser.txt,2309,2,6,3.546557,8189,0,0,81,1010,1095,121,2,0
naids,naids.txt,2309,2,6,3.546557,8189,0,0,60,1040,1099,107,3,0
pards,pards.txt,2309,2,6,3.546557,8189,0,0,62,1029,1115,100,3,0
prods,prods.txt,2309,2,6,3.546557,8189,0,0,60,1046,1086,115,2,0
scram,scram.txt,2309,1,6,3.546557,8189,1,1,68,1032,1086,120,2,0
times,times.txt,2309,2,6,3.546557,8189,0,0,69,1032,1089,115,4,0
troak,troak.txt,2309,2,6,3.546557,8189,0,0,62,1046,1081,117,3,0
yodle,yodle.txt,2309,2,6,3.546557,8189,0,0,58,1051,1081,118,1,0
adept,adept.txt,2309,1,6,3.54699,8190,1,1,68,1011,1127,100,2,0
adits,adits.txt,2309,2,6,3.54699,8190,0,0,66,1030,1099,112,2,0
aruhe,aruhe.txt,2309,2,6,3.54699,8190,0,0,46,1090,1039,132,2,0
aside,aside.txt,2309,1,6,3.54699,8190,1,1,64,1033,1098,108,5,0
bield,bield.txt,2309,2,6,3.54699,8190,0,0,70,1017,1113,107,2,0
blind,blind.txt,2309,1,6,3.54699,8190,1,1,64,1029,1103,110,2,0
brash,brash.txt,2309,1,6,3.54699,8190,1,1,55,1046,1096,109,2,0
calve,calve.txt,2309,2,6,3.54699,8190,0,0,69,1034,1082,122,2,0
chiro,chiro.txt,2309,2,6,3.54699,8190,0,0,64,1055,1056,131,3,0
deman,deman.txt,2309,2,6,3.54699,8190,0,0,79,1014,1092,122,2,0
etics,etics.txt,2309,2,6,3.54699,8190,0,0,56,1053,1088,105,7,0
fault,fault.txt,2309,1,6,3.54699,8190,1,1,79,1006,1107,111,5,0
feals,feals.txt,2309,2,6,3.54699,8190,0,0,65,1036,1092,112,4,0
fient,fient.txt,2309,2,6,3.54699,8190,0,0,77,1018,1090,122,2,0
flats,flats.txt,2309,2,6,3.54699,8190,0,0,73,993,1152,89,2,0
flies,flies.txt,2309,2,6,3.54699,8190,0,0,78,1009,1106,113,3,0
frena,frena.txt,2309,2,6,3.54699,8190,0,0,67,1032,1091,118,1,0
goras,goras.txt,2309,2,6,3.54699,8190,0,0,69,1037,1076,125,2,0
helos,helos.txt,2309,2,6,3.54699,8190,0,0,58,1052,1081,114,4,0
ident,ident.txt,2309,2,6,3.54699,8190,0,0,70,1019,1109,109,2,0
ingle,ingle.txt,2309,2,6,3.54699,8190,0,0,67,1051,1058,127,6,0
linds,linds.txt,2309,2,6,3.54699,8190,0,0,54,1047,1100,107,1,0
lipas,lipas.txt,2309,2,6,3.54699,8190,0,0,57,1065,1055,131,1,0
manul,manul.txt,2309,2,6,3.54699,8190,0,0,68,1022,1109,108,2,0
marly,marly.txt,2309,2,6,3.54699,8190,0,0,71,1016,1115,102,5,0
porny,porny.txt,2309,2,6,3.54699,8190,0,0,74,1014,1109,108,4,0
ragis,ragis.txt,2309,2,6,3.54699,8190,0,0,67,1022,1114,102,4,0
ricey,ricey.txt,2309,2,6,3.54699,8190,0,0,68,1035,1084,119,3,0
shaly,shaly.txt,2309,2,6,3.54699,8190,0,0,62,1063,1047,133,4,0
skort,skort.txt,2309,2,6,3.54699,8190,0,0,49,1082,1048,126,4,0
south,south.txt,2309,1,6,3.54699,8190,1,1,73,1033,1070,128,4,0
spyre,spyre.txt,2309,2,6,3.54699,8190,0,0,63,1032,1108,100,6,0
toged,toged.txt,2309,2,6,3.54699,8190,0,0,58,1050,1083,116,2,0
trees,trees.txt,2309,2,6,3.54699,8190,0,0,66,1041,1080,117,5,0
tyros,tyros.txt,2309,2,6,3.54699,8190,0,0,56,1044,1102,104,3,0
under,under.txt,2309,1,6,3.54699,8190,1,1,66,1025,1106,108,3,0
awner,awner.txt,2309,2,6,3.547423,8191,0,0,69,1030,1090,117,3,0
boers,boers.txt,2309,2,6,3.547423,8191,0,0,61,1051,1072,122,3,0
bogle,bogle.txt,2309,2,6,3.547423,8191,0,0,66,1029,1101,110,3,0
brios,brios.txt,2309,2,6,3.547423,8191,0,0,68,1040,1076,119,6,0
cuber,cuber.txt,2309,2,6,3.547423,8191,0,0,78,1007,1108,114,2,0
daces,daces.txt,2309,2,6,3.547423,8191,0,0,58,1044,1095,109,3,0
dhals,dhals.txt,2309,2,6,3.547423,8191,0,0,56,1047,1094,110,2,0
drily,drily.txt,2309,2,6,3.547423,8191,0,0,70,1017,1114,104,4,0
flans,flans.txt,2309,2,6,3.547423,8191,0,0,62,1020,1129,97,1,0
folie,folie.txt,2309,2,6,3.547423,8191,0,0,64,1030,1105,107,3,0
hoied,hoied.txt,2309,2,6,3.547423,8191,0,0,59,1066,1047,135,2,0
horis,horis.txt,2309,2,6,3.547423,8191,0,0,59,1067,1046,134,3,0
inept,inept.txt,2309,1,5,3.547423,8191,1,1,69,1019,1105,115,0,0
leady,leady.txt,2309,2,5,3.547423,8191,0,0,65,1024,1111,109,0,0
metis,metis.txt,2309,2,6,3.547423,8191,0,0,77,1022,1084,121,5,0
molue,molue.txt,2309,2,6,3.547423,8191,0,0,60,1058,1061,127,3,0
oracy,oracy.txt,2309,2,6,3.547423,8191,0,0,63,1049,1071,122,4,0
patsy,patsy.txt,2309,1,6,3.547423,8191,1,1,67,1012,1128,98,3,0
pring,pring.txt,2309,2,6,3.547423,8191,0,0,58,1043,1099,104,5,0
repun,repun.txt,2309,2,6,3.547423,8191,0,0,65,1023,1115,104,2,0
scend,scend.txt,2309,2,6,3.547423,8191,0,0,59,1051,1077,120,2,0
stele,stele.txt,2309,2,6,3.547423,8191,0,0,65,1029,1103,110,2,0
sudan,sudan.txt,2309,2,6,3.547423,8191,0,0,61,1051,1073,120,4,0
sweat,sweat.txt,2309,1,6,3.547423,8191,1,1,62,1045,1077,121,3,0
tabos,tabos.txt,2309,2,6,3.547423,8191,0,0,75,1014,1102,117,1,0
tango,tango.txt,2309,1,6,3.547423,8191,1,1,74,1016,1098,118,2,0
tosyl,tosyl.txt,2309,2,6,3.547423,8191,0,0,50,1044,1117,97,1,0
turps,turps.txt,2309,2,6,3.547423,8191,0,0,76,1011,1108,110,4,0
balut,balut.txt,2309,2,6,3.547856,8192,0,0,68,1027,1097,115,2,0
blash,blash.txt,2309,2,6,3.547856,8192,0,0,61,1038,1095,114,1,0
cameo,cameo.txt,2309,1,6,3.547856,8192,1,1,61,1049,1072,122,4,0
cosey,cosey.txt,2309,2,6,3.547856,8192,0,0,57,1042,1100,108,2,0
dorty,dorty.txt,2309,2,6,3.547856,8192,0,0,66,1040,1078,122,3,0
eilds,eilds.txt,2309,2,6,3.547856,8192,0,0,62,1040,1090,114,3,0
elops,elops.txt,2309,2,6,3.547856,8192,0,0,67,1041,1075,121,5,0
fader,fader.txt,2309,2,6,3.547856,8192,0,0,64,1023,1116,105,1,0
farls,farls.txt,2309,2,6,3.547856,8192,0,0,61,1016,1140,90,2,0
feats,feats.txt,2309,2,6,3.547856,8192,0,0,68,1026,1103,106,6,0
flame,flame.txt,2309,1,6,3.547856,8192,1,1,74,1004,1123,103,4,0
genas,genas.txt,2309,2,6,3.547856,8192,0,0,65,1032,1096,114,2,0
horas,horas.txt,2309,2,6,3.547856,8192,0,0,67,1041,1072,127,2,0
lardy,lardy.txt,2309,2,6,3.547856,8192,0,0,70,1031,1082,125,1,0
leuco,leuco.txt,2309,2,6,3.547856,8192,0,0,67,1028,1099,112,3,0
manos,manos.txt,2309,2,6,3.547856,8192,0,0,66,1033,1092,115,3,0
palms,palms.txt,2309,2,6,3.547856,8192,0,0,67,1025,1106,107,4,0
rubel,rubel.txt,2309,2,6,3.547856,8192,0,0,73,1008,1119,108,1,0
slack,slack.txt,2309,1,6,3.547856,8192,1,1,59,1034,1108,103,4,0
snarf,snarf.txt,2309,2,6,3.547856,8192,0,0,57,1053,1080,115,4,0
spray,spray.txt,2309,1,6,3.547856,8192,1,1,68,1023,1103,110,4,0
stere,stere.txt,2309,2,6,3.547856,8192,0,0,68,1041,1074,119,7,0
sugar,sugar.txt,2309,1,6,3.547856,8192,1,1,70,1023,1098,112,5,0
tawie,tawie.txt,2309,2,6,3.547856,8192,0,0,58,1047,1090,109,5,0
trifa,trifa.txt,2309,2,6,3.547856,8192,0,0,68,1035,1085,115,6,0
tronk,tronk.txt,2309,2,6,3.547856,8192,0,0,56,1046,1095,110,2,0
yores,yores.txt,2309,2,6,3.547856,8192,0,0,42,1077,1076,111,3,0
adust,adust.txt,2309,2,6,3.548289,8193,0,0,61,1046,1080,119,3,0
afore,afore.txt,2309,2,6,3.548289,8193,0,0,57,1042,1101,105,4,0
alate,alate.txt,2309,2,6,3.548289,8193,0,0,58,1051,1082,112,6,0
bayle,bayle.txt,2309,2,6,3.548289,8193,0,0,71,1009,1123,104,2,0
blets,blets.txt,2309,2,6,3.548289,8193,0,0,64,1036,1093,111,5,0
coati,coati.txt,2309,2,6,3.548289,8193,0,0,60,1055,1067,122,5,0
conia,conia.txt,2309,2,6,3.548289,8193,0,0,77,1043,1045,134,10,0
dolia,dolia.txt,2309,2,6,3.548289,8193,0,0,67,1038,1080,119,5,0
glens,glens.txt,2309,2,6,3.548289,8193,0,0,60,1047,1082,116,4,0
lours,lours.txt,2309,2,6,3.548289,8193,0,0,60,1038,1102,103,6,0
nould,nould.txt,2309,2,6,3.548289,8193,0,0,67,1026,1100,115,1,0
piney,piney.txt,2309,1,6,3.548289,8193,1,1,64,1024,1114,100,6,0
royal,royal.txt,2309,1,6,3.548289,8193,1,1,74,1026,1079,124,5,0
rugae,rugae.txt,2309,2,6,3.548289,8193,0,0,80,1013,1088,126,2,0
sangh,sangh.txt,2309,2,6,3.548289,8193,0,0,55,1052,1084,117,1,0
sclim,sclim.txt,2309,2,6,3.548289,8193,0,0,60,1035,1105,106,3,0
taken,taken.txt,2309,1,6,3.548289,8193,1,1,54,1043,1101,109,1,0
terfs,terfs.txt,2309,2,6,3.548289,8193,0,0,59,1033,1111,104,2,0
thens,thens.txt,2309,2,6,3.548289,8193,0,0,71,1044,1056,133,5,0
tomin,tomin.txt,2309,2,6,3.548289,8193,0,0,81,1001,1111,112,4,0
tyned,tyned.txt,2309,2,6,3.548289,8193,0,0,57,1036,1110,105,1,0
agers,agers.txt,2309,2,6,3.548722,8194,0,0,60,1049,1076,121,3,0
beano,beano.txt,2309,2,6,3.548722,8194,0,0,61,1040,1092,112,4,0
beins,beins.txt,2309,2,6,3.548722,8194,0,0,64,1041,1079,123,2,0
bento,bento.txt,2309,2,6,3.548722,8194,0,0,65,1020,1118,104,2,0
clems,clems.txt,2309,2,6,3.548722,8194,0,0,68,1022,1104,114,1,0
crays,crays.txt,2309,2,6,3.548722,8194,0,0,53,1057,1081,115,3,0
deare,deare.txt,2309,2,6,3.548722,8194,0,0,66,1046,1066,126,5,0
drags,drags.txt,2309,2,6,3.548722,8194,0,0,57,1053,1077,119,3,0
drams,drams.txt,2309,2,6,3.548722,8194,0,0,56,1041,1104,105,3,0
duans,duans.txt,2309,2,6,3.548722,8194,0,0,58,1061,1060,125,5,0
facer,facer.txt,2309,2,6,3.548722,8194,0,0,76,1006,1115,108,4,0
frais,frais.txt,2309,2,6,3.548722,8194,0,0,73,1011,1111,113,1,0
fries,fries.txt,2309,2,6,3.548722,8194,0,0,79,1011,1096,119,4,0
grith,grith.txt,2309,2,6,3.548722,8194,0,0,60,1053,1068,125,3,0
lense,lense.txt,2309,2,6,3.548722,8194,0,0,55,1059,1072,119,4,0
lidos,lidos.txt,2309,2,6,3.548722,8194,0,0,61,1047,1077,121,3,0
ligan,ligan.txt,2309,2,6,3.548722,8194,0,0,85,1001,1097,123,3,0
mites,mites.txt,2309,2,6,3.548722,8194,0,0,72,1023,1093,117,4,0
motis,motis.txt,2309,2,6,3.548722,8194,0,0,68,1030,1091,116,4,0
perog,perog.txt,2309,2,6,3.548722,8194,0,0,60,1054,1066,126,3,0
poley,poley.txt,2309,2,6,3.548722,8194,0,0,63,1031,1102,111,2,0
ramsh,ramsh.txt,2309,2,6,3.548722,8194,0,0,69,1021,1104,113,2,0
ropey,ropey.txt,2309,2,6,3.548722,8194,0,0,67,1018,1115,108,1,0
sauch,sauch.txt,2309,2,6,3.548722,8194,0,0,64,1058,1048,134,5,0
spend,spend.txt,2309,1,6,3.548722,8194,1,1,61,1038,1091,115,3,0
tiyns,tiyns.txt,2309,2,6,3.548722,8194,0,0,52,1056,1085,114,2,0
ulnas,ulnas.txt,2309,2,6,3.548722,8194,0,0,50,1064,1078,112,5,0
urped,urped.txt,2309,2,6,3.548722,8194,0,0,69,1030,1089,116,5,0
writs,writs.txt,2309,2,6,3.548722,8194,0,0,63,1027,1110,107,2,0
agrin,agrin.txt,2309,2,6,3.549155,8195,0,0,69,1035,1078,122,5,0
aitch,aitch.txt,2309,2,6,3.549155,8195,0,0,56,1051,1082,118,2,0
altho,altho.txt,2309,2,6,3.549155,8195,0,0,62,1050,1068,125,4,0
barny,barny.txt,2309,2,6,3.549155,8195,0,0,68,1009,1129,102,1,0
bepat,bepat.txt,2309,2,6,3.549155,8195,0,0,70,1015,1112,110,2,0
blocs,blocs.txt,2309,2,6,3.549155,8195,0,0,57,1043,1095,112,2,0
crimp,crimp.txt,2309,1,6,3.549155,8195,1,1,59,1046,1081,118,4,0
drapy,drapy.txt,2309,2,6,3.549155,8195,0,0,69,1008,1130,99,3,0
edict,edict.txt,2309,1,6,3.549155,8195,1,1,65,1025,1104,111,3,0
fanes,fanes.txt,2309,2,6,3.549155,8195,0,0,57,1038,1106,105,3,0
fruit,fruit.txt,2309,1,6,3.549155,8195,1,1,69,1024,1096,114,5,0
lowse,lowse.txt,2309,2,6,3.549155,8195,0,0,60,1045,1082,120,2,0
manis,manis.txt,2309,2,6,3.549155,8195,0,0,60,1048,1078,119,4,0
ondes,ondes.txt,2309,2,6,3.549155,8195,0,0,54,1042,1107,103,3,0
onlap,onlap.txt,2309,2,6,3.549155,8195,0,0,56,1044,1095,113,1,0
pluto,pluto.txt,2309,2,6,3.549155,8195,0,0,67,1023,1105,112,2,0
poena,poena.txt,2309,2,6,3.549155,8195,0,0,67,1036,1082,119,5,0
proud,proud.txt,2309,1,6,3.549155,8195,1,1,63,1038,1086,116,5,0
rabis,rabis.txt,2309,2,6,3.549155,8195,0,0,68,1017,1114,108,2,0
rebid,rebid.txt,2309,2,6,3.549155,8195,0,0,66,1026,1101,115,1,0
rouge,rouge.txt,2309,1,6,3.549155,8195,1,1,65,1036,1082,122,3,0
sango,sango.txt,2309,2,6,3.549155,8195,0,0,66,1051,1054,134,4,0
sepic,sepic.txt,2309,2,6,3.549155,8195,0,0,67,1048,1054,139,1,0
sidey,sidey.txt,2309,2,6,3.549155,8195,0,0,62,1040,1086,119,2,0
skint,skint.txt,2309,2,6,3.549155,8195,0,0,54,1051,1088,114,2,0
sowce,sowce.txt,2309,2,6,3.549155,8195,0,0,52,1051,1094,110,2,0
stong,stong.txt,2309,2,6,3.549155,8195,0,0,59,1034,1107,107,2,0
tholi,tholi.txt,2309,2,6,3.549155,8195,0,0,60,1035,1102,110,2,0
ulnad,ulnad.txt,2309,2,6,3.549155,8195,0,0,64,1039,1083,120,3,0
aimed,aimed.txt,2309,2,6,3.549589,8196,0,0,68,1031,1086,121,3,0
capos,capos.txt,2309,2,6,3.549589,8196,0,0,67,1015,1119,107,1,0
elite,elite.txt,2309,1,6,3.549589,8196,1,1,64,1029,1098,114,3,0
longs,longs.txt,2309,2,6,3.549589,8196,0,0,57,1037,1108,103,4,0
opals,opals.txt,2309,2,6,3.549589,8196,0,0,52,1055,1087,111,4,0
regos,regos.txt,2309,2,6,3.549589,8196,0,0,67,1015,1122,101,4,0
roake,roake.txt,2309,2,6,3.549589,8196,0,0,53,1049,1095,109,3,0
sandy,sandy.txt,2309,1,6,3.549589,8196,1,1,62,1015,1131,98,2,0
serif,serif.txt,2309,1,6,3.549589,8196,1,1,66,1022,1106,111,3,0
trant,trant.txt,2309,2,6,3.549589,8196,0,0,60,1057,1061,125,6,0
tyers,tyers.txt,2309,2,6,3.549589,8196,0,0,55,1059,1070,121,4,0
anele,anele.txt,2309,2,6,3.550022,8197,0,0,65,1047,1064,128,5,0
baric,baric.txt,2309,2,6,3.550022,8197,0,0,72,1027,1083,122,5,0
botas,botas.txt,2309,2,6,3.550022,8197,0,0,69,1032,1081,123,4,0
chuse,chuse.txt,2309,2,6,3.550022,8197,0,0,62,1051,1065,126,5,0
glads,glads.txt,2309,2,6,3.550022,8197,0,0,59,1029,1116,102,3,0
gleis,gleis.txt,2309,2,6,3.550022,8197,0,0,68,1033,1079,128,1,0
glued,glued.txt,2309,2,6,3.550022,8197,0,0,74,1004,1120,109,2,0
gomer,gomer.txt,2309,2,6,3.550022,8197,0,0,67,1008,1132,101,1,0
letup,letup.txt,2309,2,6,3.550022,8197,0,0,59,1035,1102,112,1,0
mauls,mauls.txt,2309,2,6,3.550022,8197,0,0,63,1028,1105,111,2,0
mosed,mosed.txt,2309,2,6,3.550022,8197,0,0,57,1041,1097,112,2,0
mural,mural.txt,2309,1,6,3.550022,8197,1,1,66,1026,1098,114,4,0
perne,perne.txt,2309,2,6,3.550022,8197,0,0,67,1036,1077,127,2,0
plods,plods.txt,2309,2,6,3.550022,8197,0,0,61,1026,1115,105,2,0
raike,raike.txt,2309,2,6,3.550022,8197,0,0,55,1056,1077,115,6,0
ruach,ruach.txt,2309,2,6,3.550022,8197,0,0,60,1052,1068,125,4,0
tabid,tabid.txt,2309,2,6,3.550022,8197,0,0,79,993,1126,110,1,0
theca,theca.txt,2309,2,6,3.550022,8197,0,0,74,1022,1085,125,3,0
tubae,tubae.txt,2309,2,6,3.550022,8197,0,0,66,1039,1074,128,2,0
wares,wares.txt,2309,2,6,3.550022,8197,0,0,69,1020,1106,109,5,0
abled,abled.txt,2309,1,6,3.550455,8198,1,1,67,1006,1132,101,2,0
balti,balti.txt,2309,2,6,3.550455,8198,0,0,63,1029,1102,113,2,0
beaut,beaut.txt,2309,2,6,3.550455,8198,0,0,74,1016,1095,122,2,0
chais,chais.txt,2309,2,6,3.550455,8198,0,0,59,1048,1077,122,3,0
durns,durns.txt,2309,2,6,3.550455,8198,0,0,58,1037,1102,109,3,0
dynel,dynel.txt,2309,2,5,3.550455,8198,0,0,61,1029,1106,113,0,0
hosed,hosed.txt,2309,2,6,3.550455,8198,0,0,57,1036,1105,110,1,0
limns,limns.txt,2309,2,6,3.550455,8198,0,0,54,1051,1087,113,4,0
lyres,lyres.txt,2309,2,6,3.550455,8198,0,0,50,1055,1089,113,2,0
meson,meson.txt,2309,2,6,3.550455,8198,0,0,71,1008,1121,106,3,0
nabes,nabes.txt,2309,2,6,3.550455,8198,0,0,63,1011,1137,97,1,0
perce,perce.txt,2309,2,6,3.550455,8198,0,0,71,1016,1104,116,2,0
perse,perse.txt,2309,2,6,3.550455,8198,0,0,70,1028,1087,118,6,0
prams,prams.txt,2309,2,6,3.550455,8198,0,0,65,1028,1098,116,2,0
salat,salat.txt,2309,2,6,3.550455,8198,0,0,65,1033,1091,115,5,0
saver,saver.txt,2309,2,6,3.550455,8198,0,0,63,1031,1098,115,2,0
setae,setae.txt,2309,2,6,3.550455,8198,0,0,51,1058,1081,116,3,0
shiur,shiur.txt,2309,2,6,3.550455,8198,0,0,58,1069,1040,137,5,0
simul,simul.txt,2309,2,6,3.550455,8198,0,0,59,1050,1076,118,6,0
twice,twice.txt,2309,1,6,3.550455,8198,1,1,67,1017,1110,112,2,0
unled,unled.txt,2309,2,6,3.550455,8198,0,0,69,1017,1108,113,2,0
batos,batos.txt,2309,2,6,3.550888,8199,0,0,74,1001,1124,108,2,0
birth,birth.txt,2309,1,6,3.550888,8199,1,1,63,1027,1101,115,2,0
bunce,bunce.txt,2309,2,6,3.550888,8199,0,0,69,1036,1072,127,5,0
calif,calif.txt,2309,2,6,3.550888,8199,0,0,61,1030,1106,109,3,0
churl,churl.txt,2309,2,6,3.550888,8199,0,0,64,1044,1069,129,3,0
cloke,cloke.txt,2309,2,6,3.550888,8199,0,0,61,1040,1087,117,4,0
derig,derig.txt,2309,2,6,3.550888,8199,0,0,58,1037,1101,110,3,0
dorps,dorps.txt,2309,2,6,3.550888,8199,0,0,57,1039,1099,112,2,0
frons,frons.txt,2309,2,6,3.550888,8199,0,0,56,1032,1116,103,2,0
getas,getas.txt,2309,2,6,3.550888,8199,0,0,57,1038,1102,109,3,0
hosta,hosta.txt,2309,2,6,3.550888,8199,0,0,65,1041,1073,126,4,0
login,login.txt,2309,1,6,3.550888,8199,1,1,71,1008,1115,112,2,0
lowne,lowne.txt,2309,2,6,3.550888,8199,0,0,65,1023,1107,112,2,0
mirth,mirth.txt,2309,1,5,3.550888,8199,1,1,57,1042,1087,122,0,0
prims,prims.txt,2309,2,6,3.550888,8199,0,0,64,1011,1134,98,2,0
rangi,rangi.txt,2309,2,6,3.550888,8199,0,0,60,1041,1089,114,5,0
rheid,rheid.txt,2309,2,6,3.550888,8199,0,0,64,1038,1082,121,4,0
ryots,ryots.txt,2309,2,6,3.550888,8199,0,0,53,1036,1118,99,3,0
slimy,slimy.txt,2309,1,6,3.550888,8199,1,1,58,1025,1121,101,3,0
soapy,soapy.txt,2309,1,6,3.550888,8199,1,1,66,1026,1095,118,3,0
sting,sting.txt,2309,1,5,3.550888,8199,1,1,53,1047,1089,119,0,0
wales,wales.txt,2309,2,6,3.550888,8199,0,0,59,1029,1114,104,3,0
yarto,yarto.txt,2309,2,6,3.550888,8199,0,0,61,1040,1086,119,3,0
amble,amble.txt,2309,1,6,3.551321,8200,1,1,67,1028,1088,121,4,0
bints,bints.txt,2309,2,6,3.551321,8200,0,0,55,1035,1112,105,2,0
bites,bites.txt,2309,2,6,3.551321,8200,0,0,69,1008,1124,106,2,0
blads,blads.txt,2309,2,6,3.551321,8200,0,0,65,1022,1109,110,3,0
camis,camis.txt,2309,2,6,3.551321,8200,0,0,66,1029,1091,121,2,0
cleft,cleft.txt,2309,1,6,3.551321,8200,1,1,65,1013,1122,106,2,0
cluey,cluey.txt,2309,2,6,3.551321,8200,0,0,63,1036,1086,122,2,0
debit,debit.txt,2309,1,6,3.551321,8200,1,1,71,1020,1092,121,4,0
denay,denay.txt,2309,2,6,3.551321,8200,0,0,68,1026,1092,120,3,0
frati,frati.txt,2309,2,6,3.551321,8200,0,0,77,1004,1110,114,4,0
intro,intro.txt,2309,1,6,3.551321,8200,1,1,67,1034,1076,127,4,0
mailo,mailo.txt,2309,2,6,3.551321,8200,0,0,71,1034,1069,130,5,0
miens,miens.txt,2309,2,6,3.551321,8200,0,0,60,1052,1065,128,4,0
pruno,pruno.txt,2309,2,6,3.551321,8200,0,0,63,1037,1086,119,4,0
rafts,rafts.txt,2309,2,5,3.551321,8200,0,0,54,1029,1125,101,0,0
rebut,rebut.txt,2309,1,6,3.551321,8200,1,1,75,1000,1121,107,5,0
tabis,tabis.txt,2309,2,6,3.551321,8200,0,0,69,1019,1101,119,1,0
teuch,teuch.txt,2309,2,5,3.551321,8200,0,0,73,1030,1066,140,0,0
togas,togas.txt,2309,2,6,3.551321,8200,0,0,65,1024,1104,114,2,0
tuina,tuina.txt,2309,2,6,3.551321,8200,0,0,69,1034,1078,120,8,0
uplit,uplit.txt,2309,2,6,3.551321,8200,0,0,76,1011,1096,125,1,0
warts,warts.txt,2309,2,6,3.551321,8200,0,0,64,1017,1125,97,6,0
ables,ables.txt,2309,2,5,3.551754,8201,0,0,59,1029,1109,112,0,0
absit,absit.txt,2309,2,6,3.551754,8201,0,0,59,1028,1114,105,3,0
bancs,bancs.txt,2309,2,6,3.551754,8201,0,0,57,1033,1108,110,1,0
betas,betas.txt,2309,2,6,3.551754,8201,0,0,63,1025,1106,114,1,0
brach,brach.txt,2309,2,6,3.551754,8201,0,0,61,1037,1090,118,3,0
cangs,cangs.txt,2309,2,6,3.551754,8201,0,0,51,1057,1081,116,4,0
dogal,dogal.txt,2309,2,6,3.551754,8201,0,0,69,1024,1092,121,3,0
drave,drave.txt,2309,2,6,3.551754,8201,0,0,65,1026,1101,113,4,0
ducat,ducat.txt,2309,2,6,3.551754,8201,0,0,68,1019,1103,118,1,0
flits,flits.txt,2309,2,6,3.551754,8201,0,0,73,997,1133,104,2,0
floes,floes.txt,2309,2,6,3.551754,8201,0,0,63,1018,1121,105,2,0
gaily,gaily.txt,2309,1,6,3.551754,8201,1,1,62,1046,1064,134,2,0
guest,guest.txt,2309,1,6,3.551754,8201,1,1,61,1050,1061,132,4,0
hauls,hauls.txt,2309,2,6,3.551754,8201,0,0,53,1070,1049,133,4,0
hoaed,hoaed.txt,2309,2,6,3.551754,8201,0,0,59,1042,1086,119,3,0
lomas,lomas.txt,2309,2,6,3.551754,8201,0,0,65,1019,1113,110,2,0
lurid,lurid.txt,2309,1,6,3.551754,8201,1,1,64,1035,1081,125,3,0
otary,otary.txt,2309,2,6,3.551754,8201,0,0,69,1026,1091,117,6,0
purge,purge.txt,2309,1,6,3.551754,8201,1,1,57,1043,1085,121,2,0
putin,putin.txt,2309,2,6,3.551754,8201,0,0,72,1022,1085,129,1,0
scrim,scrim.txt,2309,2,6,3.551754,8201,0,0,58,1050,1074,123,4,0
scuta,scuta.txt,2309,2,6,3.551754,8201,0,0,65,1030,1094,115,5,0
souly,souly.txt,2309,2,6,3.551754,8201,0,0,55,1048,1088,113,5,0
spacy,spacy.txt,2309,2,6,3.551754,8201,0,0,58,1036,1099,115,1,0
stamp,stamp.txt,2309,1,6,3.551754,8201,1,1,57,1024,1122,104,1,0
strew,strew.txt,2309,2,6,3.551754,8201,0,0,66,1027,1095,118,3,0
acies,acies.txt,2309,2,6,3.552187,8202,0,0,58,1047,1079,121,4,0
clank,clank.txt,2309,1,6,3.552187,8202,1,1,73,1012,1097,125,1,0
clogs,clogs.txt,2309,2,6,3.552187,8202,0,0,51,1030,1131,96,1,0
coign,coign.txt,2309,2,6,3.552187,8202,0,0,67,1029,1086,125,2,0
herds,herds.txt,2309,2,6,3.552187,8202,0,0,66,1021,1104,117,1,0
homer,homer.txt,2309,1,6,3.552187,8202,1,1,61,1033,1092,120,2,0
lauch,lauch.txt,2309,2,6,3.552187,8202,0,0,61,1047,1068,131,2,0
mbret,mbret.txt,2309,2,6,3.552187,8202,0,0,70,1006,1124,106,3,0
morah,morah.txt,2309,2,6,3.552187,8202,0,0,77,1011,1093,125,3,0
nages,nages.txt,2309,2,6,3.552187,8202,0,0,64,1029,1095,119,2,0
payor,payor.txt,2309,2,6,3.552187,8202,0,0,67,1011,1122,107,2,0
perle,perle.txt,2309,2,6,3.552187,8202,0,0,59,1042,1085,120,3,0
ploye,ploye.txt,2309,2,6,3.552187,8202,0,0,56,1026,1125,100,2,0
powre,powre.txt,2309,2,6,3.552187,8202,0,0,54,1048,1088,116,3,0
prong,prong.txt,2309,1,6,3.552187,8202,1,1,51,1039,1109,108,1,0
scree,scree.txt,2309,1,6,3.552187,8202,1,1,63,1035,1083,124,3,0
sleer,sleer.txt,2309,2,6,3.552187,8202,0,0,67,1031,1084,123,4,0
slink,slink.txt,2309,1,6,3.552187,8202,1,1,59,1042,1081,123,3,0
suona,suona.txt,2309,2,6,3.552187,8202,0,0,56,1067,1049,129,8,0
toing,toing.txt,2309,2,6,3.552187,8202,0,0,68,1019,1103,117,2,0
alkie,alkie.txt,2309,2,6,3.55262,8203,0,0,49,1069,1064,120,7,0
amirs,amirs.txt,2309,2,6,3.55262,8203,0,0,73,1013,1100,120,3,0
based,based.txt,2309,2,6,3.55262,8203,0,0,61,1011,1139,96,2,0
biers,biers.txt,2309,2,6,3.55262,8203,0,0,62,1034,1093,115,5,0
chasm,chasm.txt,2309,1,6,3.55262,8203,1,1,66,1022,1098,120,2,0
donah,donah.txt,2309,2,6,3.55262,8203,0,0,60,1051,1065,128,5,0
ducal,ducal.txt,2309,2,6,3.55262,8203,0,0,67,1013,1116,112,1,0
enorm,enorm.txt,2309,2,6,3.55262,8203,0,0,64,1045,1065,130,5,0
erose,erose.txt,2309,2,6,3.55262,8203,0,0,47,1064,1078,115,5,0
glout,glout.txt,2309,2,6,3.55262,8203,0,0,66,1033,1079,130,1,0
goris,goris.txt,2309,2,6,3.55262,8203,0,0,65,1033,1083,126,2,0
graft,graft.txt,2309,1,6,3.55262,8203,1,1,57,1023,1125,99,4,0
korat,korat.txt,2309,2,6,3.55262,8203,0,0,58,1035,1100,114,2,0
leone,leone.txt,2309,2,6,3.55262,8203,0,0,55,1050,1079,123,2,0
lohan,lohan.txt,2309,2,6,3.55262,8203,0,0,58,1052,1065,133,1,0
maces,maces.txt,2309,2,6,3.55262,8203,0,0,62,1020,1120,103,4,0
mayst,mayst.txt,2309,2,6,3.55262,8203,0,0,57,1032,1111,105,4,0
milos,milos.txt,2309,2,6,3.55262,8203,0,0,69,1029,1081,126,4,0
mount,mount.txt,2309,1,6,3.55262,8203,1,1,63,1035,1082,125,3,0
mouse,mouse.txt,2309,1,6,3.55262,8203,1,1,54,1055,1074,117,8,0
noily,noily.txt,2309,2,6,3.55262,8203,0,0,60,1040,1086,119,4,0
nudie,nudie.txt,2309,2,6,3.55262,8203,0,0,67,1030,1086,121,5,0
peisy,peisy.txt,2309,2,6,3.55262,8203,0,0,75,1019,1082,130,3,0
pouts,pouts.txt,2309,2,6,3.55262,8203,0,0,64,1017,1117,110,1,0
proke,proke.txt,2309,2,6,3.55262,8203,0,0,67,1031,1083,124,4,0
stark,stark.txt,2309,1,6,3.55262,8203,1,1,56,1046,1081,122,3,0
swoln,swoln.txt,2309,2,6,3.55262,8203,0,0,61,1021,1119,106,2,0
toker,toker.txt,2309,2,6,3.55262,8203,0,0,53,1039,1107,108,2,0
unapt,unapt.txt,2309,2,6,3.55262,8203,0,0,59,1034,1099,115,2,0
alant,alant.txt,2309,2,6,3.553053,8204,0,0,62,1031,1094,121,1,0
amide,amide.txt,2309,2,6,3.553053,8204,0,0,63,1025,1109,105,7,0
ascon,ascon.txt,2309,2,6,3.553053,8204,0,0,61,1023,1114,109,2,0
blued,blued.txt,2309,2,6,3.553053,8204,0,0,82,979,1139,107,2,0
conus,conus.txt,2309,2,6,3.553053,8204,0,0,59,1032,1102,114,2,0
crepy,crepy.txt,2309,2,6,3.553053,8204,0,0,59,1041,1086,119,4,0
crudo,crudo.txt,2309,2,6,3.553053,8204,0,0,67,1013,1119,105,5,0
darcy,darcy.txt,2309,2,6,3.553053,8204,0,0,66,1008,1128,106,1,0
files,files.txt,2309,2,6,3.553053,8204,0,0,72,1005,1118,111,3,0
kiore,kiore.txt,2309,2,6,3.553053,8204,0,0,48,1052,1096,110,3,0
lawer,lawer.txt,2309,2,6,3.553053,8204,0,0,53,1048,1090,114,4,0
luach,luach.txt,2309,2,6,3.553053,8204,0,0,61,1046,1067,134,1,0
manly,manly.txt,2309,1,6,3.553053,8204,1,1,64,1019,1111,110,4,0
mitas,mitas.txt,2309,2,6,3.553053,8204,0,0,66,1015,1114,113,1,0
muled,muled.txt,2309,2,5,3.553053,8204,0,0,71,1001,1126,111,0,0
pinto,pinto.txt,2309,1,6,3.553053,8204,1,1,66,1019,1105,114,4,0
proyn,proyn.txt,2309,2,6,3.553053,8204,0,0,53,1033,1121,97,5,0
rogue,rogue.txt,2309,1,6,3.553053,8204,1,1,72,1012,1100,121,3,0
samey,samey.txt,2309,2,6,3.553053,8204,0,0,61,1028,1106,110,4,0
scray,scray.txt,2309,2,6,3.553053,8204,0,0,58,1040,1091,116,4,0
splay,splay.txt,2309,2,6,3.553053,8204,0,0,74,1011,1101,119,4,0
suped,suped.txt,2309,2,6,3.553053,8204,0,0,64,1031,1092,117,5,0
swear,swear.txt,2309,1,6,3.553053,8204,1,1,65,1023,1101,114,5,0
tapus,tapus.txt,2309,2,6,3.553053,8204,0,0,56,1034,1108,108,3,0
tondi,tondi.txt,2309,2,6,3.553053,8204,0,0,61,1036,1088,122,2,0
treed,treed.txt,2309,2,6,3.553053,8204,0,0,65,1029,1091,121,3,0
turms,turms.txt,2309,2,6,3.553053,8204,0,0,67,1025,1095,117,5,0
tynes,tynes.txt,2309,2,6,3.553053,8204,0,0,51,1044,1102,110,2,0
uptie,uptie.txt,2309,2,6,3.553053,8204,0,0,79,999,1109,119,3,0
chota,chota.txt,2309,2,6,3.553486,8205,0,0,66,1029,1087,124,3,0
cruft,cruft.txt,2309,2,6,3.553486,8205,0,0,66,1019,1107,114,3,0
doeth,doeth.txt,2309,2,6,3.553486,8205,0,0,56,1060,1055,135,3,0
dogie,dogie.txt,2309,2,6,3.553486,8205,0,0,65,1032,1086,121,5,0
laigh,laigh.txt,2309,2,6,3.553486,8205,0,0,57,1047,1078,124,3,0
libor,libor.txt,2309,2,6,3.553486,8205,0,0,69,1010,1115,113,2,0
linch,linch.txt,2309,2,6,3.553486,8205,0,0,56,1043,1089,118,3,0
naieo,naieo.txt,2309,2,6,3.553486,8205,0,0,57,1055,1064,128,5,0
nrtya,nrtya.txt,2309,2,6,3.553486,8205,0,0,47,1040,1121,99,2,0
puton,puton.txt,2309,2,6,3.553486,8205,0,0,65,1028,1091,123,2,0
remap,remap.txt,2309,2,6,3.553486,8205,0,0,63,1019,1116,108,3,0
rowel,rowel.txt,2309,2,6,3.553486,8205,0,0,67,1020,1102,117,3,0
rowen,rowen.txt,2309,2,6,3.553486,8205,0,0,67,1024,1094,121,3,0
scobe,scobe.txt,2309,2,6,3.553486,8205,0,0,52,1037,1112,106,2,0
segno,segno.txt,2309,2,6,3.553486,8205,0,0,51,1052,1086,117,3,0
shily,shily.txt,2309,2,6,3.553486,8205,0,0,60,1059,1047,138,5,0
smout,smout.txt,2309,2,6,3.553486,8205,0,0,68,1022,1095,121,3,0
supra,supra.txt,2309,2,6,3.553486,8205,0,0,64,1041,1069,132,3,0
thesp,thesp.txt,2309,2,6,3.553486,8205,0,0,69,1034,1069,133,4,0
tulpa,tulpa.txt,2309,2,6,3.553486,8205,0,0,67,1018,1106,115,3,0
turds,turds.txt,2309,2,6,3.553486,8205,0,0,61,1037,1088,118,5,0
urali,urali.txt,2309,2,6,3.553486,8205,0,0,56,1042,1092,115,4,0
uster,uster.txt,2309,2,6,3.553486,8205,0,0,68,1005,1128,106,2,0
weald,weald.txt,2309,2,6,3.553486,8205,0,0,66,1030,1087,121,5,0
bosie,bosie.txt,2309,2,6,3.553919,8206,0,0,71,1007,1115,113,3,0
charm,charm.txt,2309,1,6,3.553919,8206,1,1,73,1008,1102,123,2,0
chirp,chirp.txt,2309,1,6,3.553919,8206,1,1,57,1053,1061,134,3,0
churn,churn.txt,2309,1,6,3.553919,8206,1,1,68,1023,1089,124,4,0
crush,crush.txt,2309,1,6,3.553919,8206,1,1,63,1043,1066,130,6,0
dobie,dobie.txt,2309,2,6,3.553919,8206,0,0,71,1017,1096,121,4,0
drawl,drawl.txt,2309,1,6,3.553919,8206,1,1,63,1013,1121,110,1,0
fates,fates.txt,2309,2,6,3.553919,8206,0,0,60,1017,1128,101,3,0
filar,filar.txt,2309,2,6,3.553919,8206,0,0,81,986,1129,108,5,0
glary,glary.txt,2309,2,6,3.553919,8206,0,0,62,1029,1098,117,3,0
harps,harps.txt,2309,2,6,3.553919,8206,0,0,58,1024,1118,108,1,0
hotis,hotis.txt,2309,2,6,3.553919,8206,0,0,59,1048,1070,128,4,0
indol,indol.txt,2309,2,6,3.553919,8206,0,0,67,1015,1110,115,2,0
legno,legno.txt,2309,2,6,3.553919,8206,0,0,68,1016,1107,114,4,0
lotus,lotus.txt,2309,2,6,3.553919,8206,0,0,56,1035,1103,113,2,0
mourn,mourn.txt,2309,1,6,3.553919,8206,1,1,54,1067,1046,134,7,0
mules,mules.txt,2309,2,6,3.553919,8206,0,0,66,1025,1094,121,3,0
nutso,nutso.txt,2309,2,6,3.553919,8206,0,0,55,1037,1102,113,2,0
ourie,ourie.txt,2309,2,6,3.553919,8206,0,0,55,1065,1048,137,4,0
peare,peare.txt,2309,2,6,3.553919,8206,0,0,69,1034,1070,130,6,0
pilch,pilch.txt,2309,2,6,3.553919,8206,0,0,59,1022,1120,106,2,0
pours,pours.txt,2309,2,6,3.553919,8206,0,0,60,1044,1075,126,4,0
psion,psion.txt,2309,2,6,3.553919,8206,0,0,66,1031,1084,123,5,0
puros,puros.txt,2309,2,6,3.553919,8206,0,0,66,1031,1083,125,4,0
shmoe,shmoe.txt,2309,2,6,3.553919,8206,0,0,60,1042,1082,118,7,0
trock,trock.txt,2309,2,6,3.553919,8206,0,0,60,1022,1116,110,1,0
warns,warns.txt,2309,2,6,3.553919,8206,0,0,56,1027,1119,105,2,0
weals,weals.txt,2309,2,6,3.553919,8206,0,0,61,1030,1098,118,2,0
abrin,abrin.txt,2309,2,6,3.554353,8207,0,0,61,1034,1091,119,4,0
alowe,alowe.txt,2309,2,6,3.554353,8207,0,0,48,1051,1096,110,4,0
arret,arret.txt,2309,2,6,3.554353,8207,0,0,60,1037,1087,122,3,0
bines,bines.txt,2309,2,6,3.554353,8207,0,0,58,1029,1107,114,1,0
boteh,boteh.txt,2309,2,6,3.554353,8207,0,0,67,1017,1105,118,2,0
chaos,chaos.txt,2309,1,6,3.554353,8207,1,1,61,1027,1100,117,3,0
china,china.txt,2309,1,6,3.554353,8207,1,1,61,1060,1037,144,6,0
coeds,coeds.txt,2309,2,6,3.554353,8207,0,0,58,1027,1113,108,3,0
cribo,cribo.txt,2309,2,6,3.554353,8207,0,0,62,1028,1100,115,4,0
crypt,crypt.txt,2309,1,6,3.554353,8207,1,1,53,1029,1120,103,3,0
daisy,daisy.txt,2309,1,6,3.554353,8207,1,1,54,1036,1103,112,3,0
dames,dames.txt,2309,2,6,3.554353,8207,0,0,55,1040,1096,115,3,0
dauts,dauts.txt,2309,2,6,3.554353,8207,0,0,56,1037,1098,116,2,0
demot,demot.txt,2309,2,6,3.554353,8207,0,0,75,1006,1104,121,3,0
dimes,dimes.txt,2309,2,6,3.554353,8207,0,0,59,1025,1114,108,3,0
doily,doily.txt,2309,2,6,3.554353,8207,0,0,66,1022,1101,115,5,0
doyen,doyen.txt,2309,2,6,3.554353,8207,0,0,69,996,1141,101,2,0
escot,escot.txt,2309,2,6,3.554353,8207,0,0,52,1046,1094,113,4,0
house,house.txt,2309,1,6,3.554353,8207,1,1,61,1037,1082,123,5,0
inros,inros.txt,2309,2,6,3.554353,8207,0,0,57,1048,1075,125,4,0
layed,layed.txt,2309,2,6,3.554353,8207,0,0,62,1017,1121,106,3,0
masur,masur.txt,2309,2,6,3.554353,8207,0,0,64,1009,1131,102,3,0
mesto,mesto.txt,2309,2,6,3.554353,8207,0,0,71,1006,1117,111,4,0
monas,monas.txt,2309,2,5,3.554353,8207,0,0,60,1032,1094,123,0,0
nicad,nicad.txt,2309,2,6,3.554353,8207,0,0,63,1013,1124,108,1,0
oslin,oslin.txt,2309,2,6,3.554353,8207,0,0,55,1040,1095,117,2,0
parms,parms.txt,2309,2,6,3.554353,8207,0,0,63,1018,1116,109,3,0
pudor,pudor.txt,2309,2,6,3.554353,8207,0,0,57,1042,1086,121,3,0
purls,purls.txt,2309,2,6,3.554353,8207,0,0,60,1028,1106,111,4,0
roady,roady.txt,2309,2,6,3.554353,8207,0,0,70,1008,1113,117,1,0
spued,spued.txt,2309,2,6,3.554353,8207,0,0,64,1026,1099,115,5,0
sputa,sputa.txt,2309,2,6,3.554353,8207,0,0,69,1014,1105,119,2,0
swapt,swapt.txt,2309,2,6,3.554353,8207,0,0,69,1005,1123,110,2,0
tiges,tiges.txt,2309,2,6,3.554353,8207,0,0,61,1027,1102,118,1,0
trick,trick.txt,2309,1,6,3.554353,8207,1,1,63,1031,1087,123,4,0
tynde,tynde.txt,2309,2,6,3.554353,8207,0,0,53,1025,1132,96,3,0
vaire,vaire.txt,2309,2,6,3.554353,8207,0,0,73,1019,1087,124,6,0
wears,wears.txt,2309,2,6,3.554353,8207,0,0,63,1027,1101,112,6,0
yince,yince.txt,2309,2,6,3.554353,8207,0,0,47,1062,1079,115,6,0
abers,abers.txt,2309,2,6,3.554786,8208,0,0,60,1040,1080,126,3,0
baith,baith.txt,2309,2,6,3.554786,8208,0,0,59,1032,1098,118,2,0
cease,cease.txt,2309,1,6,3.554786,8208,1,1,43,1070,1069,121,5,0
diram,diram.txt,2309,2,6,3.554786,8208,0,0,72,1012,1100,122,3,0
filed,filed.txt,2309,2,6,3.554786,8208,0,0,72,985,1154,95,3,0
foals,foals.txt,2309,2,6,3.554786,8208,0,0,66,1022,1099,118,4,0
frets,frets.txt,2309,2,6,3.554786,8208,0,0,69,1002,1128,108,2,0
gilas,gilas.txt,2309,2,6,3.554786,8208,0,0,68,1021,1092,127,1,0
hemal,hemal.txt,2309,2,6,3.554786,8208,0,0,60,1046,1068,132,3,0
licht,licht.txt,2309,2,6,3.554786,8208,0,0,57,1030,1107,114,1,0
linty,linty.txt,2309,2,6,3.554786,8208,0,0,62,1021,1112,111,3,0
macon,macon.txt,2309,2,6,3.554786,8208,0,0,76,1000,1111,120,2,0
noias,noias.txt,2309,2,6,3.554786,8208,0,0,61,1048,1064,130,6,0
picon,picon.txt,2309,2,6,3.554786,8208,0,0,64,1016,1117,108,4,0
prigs,prigs.txt,2309,2,6,3.554786,8208,0,0,56,1034,1104,112,3,0
taver,taver.txt,2309,2,6,3.554786,8208,0,0,65,1020,1104,118,2,0
togue,togue.txt,2309,2,6,3.554786,8208,0,0,66,1032,1076,134,1,0
wried,wried.txt,2309,2,6,3.554786,8208,0,0,72,1025,1073,137,2,0
amens,amens.txt,2309,2,6,3.555219,8209,0,0,60,1021,1117,108,3,0
basin,basin.txt,2309,1,6,3.555219,8209,1,1,64,1003,1135,105,1,0
basto,basto.txt,2309,2,6,3.555219,8209,0,0,74,997,1123,112,3,0
bayer,bayer.txt,2309,2,6,3.555219,8209,0,0,71,993,1139,104,2,0
begar,begar.txt,2309,2,6,3.555219,8209,0,0,69,1005,1124,106,5,0
breis,breis.txt,2309,2,6,3.555219,8209,0,0,70,1015,1102,116,6,0
cyans,cyans.txt,2309,2,6,3.555219,8209,0,0,50,1055,1080,120,4,0
damns,damns.txt,2309,2,6,3.555219,8209,0,0,59,1024,1113,111,2,0
douts,douts.txt,2309,2,6,3.555219,8209,0,0,57,1028,1111,111,2,0
droke,droke.txt,2309,2,6,3.555219,8209,0,0,50,1043,1103,110,3,0
hauld,hauld.txt,2309,2,6,3.555219,8209,0,0,61,1030,1096,119,3,0
idles,idles.txt,2309,2,6,3.555219,8209,0,0,60,1023,1114,108,4,0
lauds,lauds.txt,2309,2,6,3.555219,8209,0,0,62,1016,1121,107,3,0
liths,liths.txt,2309,2,6,3.555219,8209,0,0,53,1045,1090,118,3,0
moyle,moyle.txt,2309,2,6,3.555219,8209,0,0,66,1028,1085,127,3,0
mrads,mrads.txt,2309,2,6,3.555219,8209,0,0,51,1036,1114,105,3,0
nomes,nomes.txt,2309,2,6,3.555219,8209,0,0,62,1017,1117,112,1,0
panim,panim.txt,2309,2,6,3.555219,8209,0,0,59,1047,1068,132,3,0
poach,poach.txt,2309,2,6,3.555219,8209,0,0,61,1041,1075,128,4,0
psora,psora.txt,2309,2,6,3.555219,8209,0,0,64,1029,1090,122,4,0
rengs,rengs.txt,2309,2,6,3.555219,8209,0,0,64,1012,1123,107,3,0
rhino,rhino.txt,2309,1,6,3.555219,8209,1,1,54,1066,1042,142,4,0
riems,riems.txt,2309,2,6,3.555219,8209,0,0,72,1021,1082,130,4,0
smily,smily.txt,2309,2,6,3.555219,8209,0,0,65,1004,1136,101,3,0
tragu,tragu.txt,2309,2,6,3.555219,8209,0,0,54,1042,1093,117,3,0
trugo,trugo.txt,2309,2,6,3.555219,8209,0,0,67,1024,1092,121,5,0
tubal,tubal.txt,2309,1,6,3.555219,8209,1,1,72,1014,1090,130,2,0
ureid,ureid.txt,2309,2,6,3.555219,8209,0,0,70,1027,1078,128,6,0
alane,alane.txt,2309,2,6,3.555652,8210,0,0,60,1039,1083,121,6,0
bions,bions.txt,2309,2,6,3.555652,8210,0,0,58,1035,1094,119,3,0
chins,chins.txt,2309,2,6,3.555652,8210,0,0,58,1035,1093,121,2,0
clomp,clomp.txt,2309,2,6,3.555652,8210,0,0,52,1014,1152,90,1,0
cutis,cutis.txt,2309,2,6,3.555652,8210,0,0,67,1029,1079,131,3,0
dirty,dirty.txt,2309,1,6,3.555652,8210,1,1,63,1024,1096,123,2,0
fairs,fairs.txt,2309,2,6,3.555652,8210,0,0,71,1000,1128,104,6,0
fecal,fecal.txt,2309,1,6,3.555652,8210,1,1,74,997,1119,114,4,0
fires,fires.txt,2309,2,6,3.555652,8210,0,0,68,1011,1113,113,4,0
giber,giber.txt,2309,2,6,3.555652,8210,0,0,69,1009,1114,113,4,0
medin,medin.txt,2309,2,6,3.555652,8210,0,0,69,1010,1109,120,1,0
miros,miros.txt,2309,2,6,3.555652,8210,0,0,75,1003,1108,119,4,0
nused,nused.txt,2309,2,6,3.555652,8210,0,0,61,1021,1115,107,5,0
padri,padri.txt,2309,2,6,3.555652,8210,0,0,56,1039,1091,121,2,0
pardi,pardi.txt,2309,2,5,3.555652,8210,0,0,58,1036,1089,126,0,0
poynt,poynt.txt,2309,2,6,3.555652,8210,0,0,58,1038,1088,122,3,0
poyse,poyse.txt,2309,2,6,3.555652,8210,0,0,65,1023,1099,117,5,0
serow,serow.txt,2309,2,6,3.555652,8210,0,0,57,1038,1092,118,4,0
shend,shend.txt,2309,2,6,3.555652,8210,0,0,61,1036,1084,124,4,0
skail,skail.txt,2309,2,6,3.555652,8210,0,0,47,1047,1105,105,5,0
surly,surly.txt,2309,1,6,3.555652,8210,1,1,58,1043,1075,128,4,0
units,units.txt,2309,2,6,3.555652,8210,0,0,58,1030,1103,116,2,0
ylide,ylide.txt,2309,2,6,3.555652,8210,0,0,46,1051,1097,113,2,0
acher,acher.txt,2309,2,6,3.556085,8211,0,0,54,1041,1093,118,3,0
ahind,ahind.txt,2309,2,6,3.556085,8211,0,0,63,1054,1045,139,8,0
astun,astun.txt,2309,2,6,3.556085,8211,0,0,59,1024,1112,111,3,0
barye,barye.txt,2309,2,6,3.556085,8211,0,0,67,1009,1121,106,6,0
cardy,cardy.txt,2309,2,6,3.556085,8211,0,0,67,1002,1131,107,2,0
deoch,deoch.txt,2309,2,6,3.556085,8211,0,0,52,1044,1093,117,3,0
etrog,etrog.txt,2309,2,6,3.556085,8211,0,0,61,1025,1102,120,1,0
haily,haily.txt,2309,2,6,3.556085,8211,0,0,60,1037,1081,130,1,0
hules,hules.txt,2309,2,6,3.556085,8211,0,0,57,1040,1085,125,2,0
ioras,ioras.txt,2309,2,6,3.556085,8211,0,0,54,1046,1084,121,4,0
labis,labis.txt,2309,2,6,3.556085,8211,0,0,59,1025,1110,112,3,0
lathi,lathi.txt,2309,2,6,3.556085,8211,0,0,52,1043,1093,120,1,0
ocean,ocean.txt,2309,1,6,3.556085,8211,1,1,66,1014,1105,122,1,0
phies,phies.txt,2309,2,6,3.556085,8211,0,0,65,1031,1082,126,5,0
porus,porus.txt,2309,2,6,3.556085,8211,0,0,70,1014,1099,123,3,0
potsy,potsy.txt,2309,2,6,3.556085,8211,0,0,65,1027,1090,122,5,0
puers,puers.txt,2309,2,6,3.556085,8211,0,0,65,1045,1056,136,7,0
pyral,pyral.txt,2309,2,6,3.556085,8211,0,0,73,994,1130,109,3,0
rendu,rendu.txt,2309,2,6,3.556085,8211,0,0,56,1031,1107,112,3,0
spree,spree.txt,2309,1,6,3.556085,8211,1,1,70,1008,1108,118,4,0
talks,talks.txt,2309,2,6,3.556085,8211,0,0,50,1037,1112,108,2,0
tings,tings.txt,2309,2,5,3.556085,8211,0,0,59,1021,1115,114,0,0
uraos,uraos.txt,2309,2,6,3.556085,8211,0,0,57,1043,1080,126,3,0
amend,amend.txt,2309,1,6,3.556518,8212,1,1,68,1002,1124,111,3,0
bilge,bilge.txt,2309,1,6,3.556518,8212,1,1,67,1005,1121,112,3,0
blues,blues.txt,2309,2,6,3.556518,8212,0,0,71,1009,1104,123,2,0
camos,camos.txt,2309,2,5,3.556518,8212,0,0,66,1009,1117,117,0,0
choli,choli.txt,2309,2,6,3.556518,8212,0,0,53,1038,1100,116,2,0
creak,creak.txt,2309,1,6,3.556518,8212,1,1,64,1038,1066,135,5,0
crepe,crepe.txt,2309,1,6,3.556518,8212,1,1,62,1021,1105,116,4,0
crusy,crusy.txt,2309,2,6,3.556518,8212,0,0,57,1043,1079,127,3,0
cursi,cursi.txt,2309,2,6,3.556518,8212,0,0,49,1047,1097,111,5,0
delft,delft.txt,2309,2,6,3.556518,8212,0,0,65,1001,1138,103,2,0
drawn,drawn.txt,2309,1,6,3.556518,8212,1,1,66,1013,1107,120,2,0
duels,duels.txt,2309,2,6,3.556518,8212,0,0,58,1051,1061,135,4,0
epris,epris.txt,2309,2,6,3.556518,8212,0,0,68,1030,1073,134,4,0
gibel,gibel.txt,2309,2,6,3.556518,8212,0,0,66,1010,1117,114,2,0
grues,grues.txt,2309,2,6,3.556518,8212,0,0,64,1030,1083,130,2,0
herps,herps.txt,2309,2,6,3.556518,8212,0,0,67,1021,1093,125,3,0
matey,matey.txt,2309,1,6,3.556518,8212,1,1,64,1015,1109,118,2,0
oleic,oleic.txt,2309,2,6,3.556518,8212,0,0,52,1050,1079,126,2,0
parmo,parmo.txt,2309,2,6,3.556518,8212,0,0,73,993,1132,107,4,0
pasty,pasty.txt,2309,1,6,3.556518,8212,1,1,77,981,1140,106,4,0
pulas,pulas.txt,2309,2,6,3.556518,8212,0,0,63,1028,1089,128,1,0
raven,raven.txt,2309,1,6,3.556518,8212,1,1,72,998,1118,119,1,0
redig,redig.txt,2309,2,6,3.556518,8212,0,0,66,1010,1117,114,2,0
sered,sered.txt,2309,2,6,3.556518,8212,0,0,62,1014,1123,106,4,0
sohur,sohur.txt,2309,2,6,3.556518,8212,0,0,62,1036,1078,130,3,0
tachs,tachs.txt,2309,2,6,3.556518,8212,0,0,53,1035,1106,113,2,0
tamps,tamps.txt,2309,2,5,3.556518,8212,0,0,59,1012,1132,106,0,0
tarte,tarte.txt,2309,2,6,3.556518,8212,0,0,70,1022,1084,128,5,0
tuism,tuism.txt,2309,2,6,3.556518,8212,0,0,68,1025,1085,125,6,0
wince,wince.txt,2309,1,6,3.556518,8212,1,1,52,1041,1095,116,4,0
worts,worts.txt,2309,2,6,3.556518,8212,0,0,63,1022,1103,118,3,0
adopt,adopt.txt,2309,1,6,3.556951,8213,1,1,65,1009,1117,115,2,0
cense,cense.txt,2309,2,6,3.556951,8213,0,0,54,1039,1097,114,5,0
danio,danio.txt,2309,2,6,3.556951,8213,0,0,65,1035,1071,134,4,0
derms,derms.txt,2309,2,6,3.556951,8213,0,0,48,1052,1087,119,3,0
dwile,dwile.txt,2309,2,6,3.556951,8213,0,0,66,1002,1133,105,3,0
ergos,ergos.txt,2309,2,6,3.556951,8213,0,0,61,1027,1097,122,2,0
foils,foils.txt,2309,2,6,3.556951,8213,0,0,61,1037,1081,124,6,0
genip,genip.txt,2309,2,6,3.556951,8213,0,0,67,1012,1109,119,2,0
gites,gites.txt,2309,2,6,3.556951,8213,0,0,60,1022,1109,117,1,0
meany,meany.txt,2309,2,6,3.556951,8213,0,0,60,1020,1115,111,3,0
melic,melic.txt,2309,2,6,3.556951,8213,0,0,68,1010,1113,113,5,0
odals,odals.txt,2309,2,5,3.556951,8213,0,0,56,1040,1084,129,0,0
perms,perms.txt,2309,2,6,3.556951,8213,0,0,54,1022,1130,99,4,0
piano,piano.txt,2309,1,6,3.556951,8213,1,1,66,1033,1069,135,5,0
prius,prius.txt,2309,2,6,3.556951,8213,0,0,61,1037,1077,132,2,0
progs,progs.txt,2309,2,6,3.556951,8213,0,0,53,1026,1123,105,2,0
pyran,pyran.txt,2309,2,6,3.556951,8213,0,0,64,1012,1122,105,6,0
reply,reply.txt,2309,1,6,3.556951,8213,1,1,68,1003,1121,113,3,0
runic,runic.txt,2309,2,6,3.556951,8213,0,0,54,1047,1079,126,3,0
segni,segni.txt,2309,2,6,3.556951,8213,0,0,61,1032,1088,125,3,0
slive,slive.txt,2309,2,6,3.556951,8213,0,0,62,1026,1099,117,5,0
smith,smith.txt,2309,1,6,3.556951,8213,1,1,64,1015,1107,121,1,0
syned,syned.txt,2309,2,6,3.556951,8213,0,0,57,1020,1125,103,4,0
tipsy,tipsy.txt,2309,1,6,3.556951,8213,1,1,60,1021,1107,119,1,0
twals,twals.txt,2309,2,6,3.556951,8213,0,0,63,1011,1122,112,1,0
twirl,twirl.txt,2309,1,6,3.556951,8213,1,1,63,1019,1102,123,1,0
ureas,ureas.txt,2309,2,6,3.556951,8213,0,0,56,1052,1064,133,4,0
wared,wared.txt,2309,2,6,3.556951,8213,0,0,67,1003,1128,108,3,0
yates,yates.txt,2309,2,6,3.556951,8213,0,0,45,1053,1092,118,1,0
yeans,yeans.txt,2309,2,6,3.556951,8213,0,0,44,1064,1077,119,5,0
yodel,yodel.txt,2309,2,6,3.556951,8213,0,0,57,1025,1113,112,2,0
yourt,yourt.txt,2309,2,6,3.556951,8213,0,0,48,1063,1067,126,5,0
balun,balun.txt,2309,2,6,3.557384,8214,0,0,60,1031,1093,121,4,0
blend,blend.txt,2309,1,6,3.557384,8214,1,1,60,1036,1077,133,2,0
boets,boets.txt,2309,2,6,3.557384,8214,0,0,61,1025,1101,119,3,0
cages,cages.txt,2309,2,6,3.557384,8214,0,0,54,1034,1103,116,2,0
ceres,ceres.txt,2309,2,6,3.557384,8214,0,0,59,1024,1108,116,2,0
curli,curli.txt,2309,2,6,3.557384,8214,0,0,55,1025,1119,107,3,0
dancy,dancy.txt,2309,2,6,3.557384,8214,0,0,55,1013,1141,99,1,0
deity,deity.txt,2309,1,6,3.557384,8214,1,1,66,1014,1104,121,3,0
denim,denim.txt,2309,1,6,3.557384,8214,1,1,67,1010,1107,123,1,0
dunts,dunts.txt,2309,2,6,3.557384,8214,0,0,57,1024,1113,114,1,0
easle,easle.txt,2309,2,6,3.557384,8214,0,0,52,1060,1060,132,5,0
flora,flora.txt,2309,1,6,3.557384,8214,1,1,75,992,1121,117,3,0
frond,frond.txt,2309,1,6,3.557384,8214,1,1,63,1023,1094,126,2,0
glues,glues.txt,2309,2,6,3.557384,8214,0,0,61,1017,1118,109,4,0
gular,gular.txt,2309,2,6,3.557384,8214,0,0,71,1007,1106,123,2,0
karts,karts.txt,2309,2,6,3.557384,8214,0,0,52,1031,1115,109,2,0
kesar,kesar.txt,2309,2,6,3.557384,8214,0,0,55,1034,1101,116,3,0
luger,luger.txt,2309,2,6,3.557384,8214,0,0,69,1007,1113,117,3,0
merds,merds.txt,2309,2,6,3.557384,8214,0,0,58,1030,1100,118,3,0
pands,pands.txt,2309,2,6,3.557384,8214,0,0,52,1023,1130,103,1,0
pelch,pelch.txt,2309,2,6,3.557384,8214,0,0,61,1021,1109,115,3,0
slick,slick.txt,2309,1,6,3.557384,8214,1,1,61,1027,1092,126,2,0
topic,topic.txt,2309,1,6,3.557384,8214,1,1,66,1002,1127,111,2,0
trite,trite.txt,2309,1,6,3.557384,8214,1,1,67,1024,1081,133,3,0
twain,twain.txt,2309,2,6,3.557384,8214,0,0,71,1018,1087,128,5,0
arcus,arcus.txt,2309,2,6,3.557817,8215,0,0,59,1024,1107,117,2,0
ashen,ashen.txt,2309,1,6,3.557817,8215,1,1,54,1020,1126,106,2,0
buran,buran.txt,2309,2,6,3.557817,8215,0,0,66,1009,1119,110,5,0
cered,cered.txt,2309,2,6,3.557817,8215,0,0,58,1022,1114,113,2,0
clype,clype.txt,2309,2,6,3.557817,8215,0,0,54,1024,1121,109,1,0
cower,cower.txt,2309,1,6,3.557817,8215,1,1,60,1027,1095,123,3,0
demon,demon.txt,2309,1,6,3.557817,8215,1,1,71,998,1120,116,3,0
doree,doree.txt,2309,2,6,3.557817,8215,0,0,55,1043,1085,120,6,0
duras,duras.txt,2309,2,6,3.557817,8215,0,0,59,1025,1105,118,2,0
ecash,ecash.txt,2309,2,6,3.557817,8215,0,0,58,1055,1048,146,2,0
fable,fable.txt,2309,1,6,3.557817,8215,1,1,64,1006,1126,108,4,0
gleam,gleam.txt,2309,1,6,3.557817,8215,1,1,68,990,1145,102,3,0
hurts,hurts.txt,2309,2,6,3.557817,8215,0,0,68,1028,1076,131,6,0
irony,irony.txt,2309,1,6,3.557817,8215,1,1,52,1041,1094,115,6,0
kales,kales.txt,2309,2,6,3.557817,8215,0,0,54,1035,1104,110,6,0
lifer,lifer.txt,2309,2,6,3.557817,8215,0,0,74,995,1121,116,3,0
lumen,lumen.txt,2309,1,6,3.557817,8215,1,1,59,1033,1085,129,2,0
mogar,mogar.txt,2309,2,6,3.557817,8215,0,0,85,983,1114,122,5,0
notch,notch.txt,2309,1,6,3.557817,8215,1,1,53,1028,1115,108,4,0
pedis,pedis.txt,2309,2,6,3.557817,8215,0,0,60,1020,1114,111,4,0
petre,petre.txt,2309,2,6,3.557817,8215,0,0,70,1026,1071,139,3,0
plays,plays.txt,2309,2,6,3.557817,8215,0,0,58,1026,1107,115,3,0
poney,poney.txt,2309,2,6,3.557817,8215,0,0,68,1012,1106,119,4,0
reamy,reamy.txt,2309,2,6,3.557817,8215,0,0,72,1004,1109,121,3,0
rings,rings.txt,2309,2,6,3.557817,8215,0,0,62,1018,1112,113,4,0
riyal,riyal.txt,2309,2,6,3.557817,8215,0,0,66,1016,1102,123,2,0
shaft,shaft.txt,2309,1,6,3.557817,8215,1,1,67,996,1135,108,2,0
skier,skier.txt,2309,1,6,3.557817,8215,1,1,58,1038,1081,126,5,0
sloyd,sloyd.txt,2309,2,6,3.557817,8215,0,0,48,1046,1096,117,2,0
stulm,stulm.txt,2309,2,6,3.557817,8215,0,0,61,1008,1134,103,3,0
tangi,tangi.txt,2309,2,6,3.557817,8215,0,0,61,1025,1101,118,4,0
three,three.txt,2309,1,6,3.557817,8215,1,1,68,1026,1074,136,4,0
toady,toady.txt,2309,2,6,3.557817,8215,0,0,60,1026,1099,123,1,0
toyed,toyed.txt,2309,2,6,3.557817,8215,0,0,57,1034,1093,123,2,0
tubed,tubed.txt,2309,2,6,3.557817,8215,0,0,75,989,1131,110,4,0
unold,unold.txt,2309,2,6,3.557817,8215,0,0,63,1021,1100,124,1,0
waned,waned.txt,2309,2,6,3.557817,8215,0,0,72,1005,1105,126,1,0
belah,belah.txt,2309,2,6,3.55825,8216,0,0,65,1028,1081,132,3,0
beray,beray.txt,2309,2,6,3.55825,8216,0,0,74,999,1112,121,3,0
bouse,bouse.txt,2309,2,6,3.55825,8216,0,0,68,1013,1103,121,4,0
codas,codas.txt,2309,2,6,3.55825,8216,0,0,66,1019,1098,121,5,0
dhols,dhols.txt,2309,2,6,3.55825,8216,0,0,58,1027,1105,115,4,0
dowle,dowle.txt,2309,2,6,3.55825,8216,0,0,72,1002,1112,120,3,0
duits,duits.txt,2309,2,6,3.55825,8216,0,0,61,1029,1090,127,2,0
ferns,ferns.txt,2309,2,6,3.55825,8216,0,0,53,1038,1096,120,2,0
gules,gules.txt,2309,2,6,3.55825,8216,0,0,66,1003,1128,109,3,0
hiped,hiped.txt,2309,2,6,3.55825,8216,0,0,59,1014,1125,110,1,0
icers,icers.txt,2309,2,6,3.55825,8216,0,0,64,1024,1095,120,6,0
meads,meads.txt,2309,2,6,3.55825,8216,0,0,68,997,1134,107,3,0
mohel,mohel.txt,2309,2,6,3.55825,8216,0,0,57,1031,1099,119,3,0
pacey,pacey.txt,2309,2,6,3.55825,8216,0,0,69,1002,1119,118,1,0
ponds,ponds.txt,2309,2,6,3.55825,8216,0,0,52,1025,1126,103,3,0
rabic,rabic.txt,2309,2,6,3.55825,8216,0,0,69,1011,1103,123,3,0
reink,reink.txt,2309,2,6,3.55825,8216,0,0,50,1052,1080,122,5,0
reups,reups.txt,2309,2,6,3.55825,8216,0,0,67,1014,1105,118,5,0
tendu,tendu.txt,2309,2,6,3.55825,8216,0,0,51,1029,1120,107,2,0
tigon,tigon.txt,2309,2,6,3.55825,8216,0,0,70,1013,1095,129,2,0
tonga,tonga.txt,2309,1,6,3.55825,8216,1,1,68,1011,1102,124,3,0
amuse,amuse.txt,2309,1,6,3.558683,8217,1,1,68,1021,1086,125,8,0
anglo,anglo.txt,2309,2,6,3.558683,8217,0,0,71,1009,1100,126,3,0
auger,auger.txt,2309,2,6,3.558683,8217,0,0,67,1012,1105,123,2,0
benis,benis.txt,2309,2,6,3.558683,8217,0,0,66,1012,1107,123,1,0
bruin,bruin.txt,2309,2,6,3.558683,8217,0,0,68,1011,1104,124,2,0
calfs,calfs.txt,2309,2,6,3.558683,8217,0,0,56,1024,1113,115,1,0
croak,croak.txt,2309,1,6,3.558683,8217,1,1,67,1012,1104,120,5,0
faute,faute.txt,2309,2,6,3.558683,8217,0,0,71,993,1131,112,2,0
firns,firns.txt,2309,2,6,3.558683,8217,0,0,52,1034,1106,115,2,0
guise,guise.txt,2309,1,6,3.558683,8217,1,1,64,1037,1063,139,5,0
inarm,inarm.txt,2309,2,6,3.558683,8217,0,0,63,1025,1092,126,3,0
lawns,lawns.txt,2309,2,6,3.558683,8217,0,0,46,1040,1112,109,2,0
lemur,lemur.txt,2309,1,6,3.558683,8217,1,1,63,1007,1123,113,2,0
longa,longa.txt,2309,2,6,3.558683,8217,0,0,64,1023,1094,124,4,0
lunge,lunge.txt,2309,1,6,3.558683,8217,1,1,72,1003,1106,123,4,0
lynes,lynes.txt,2309,2,6,3.558683,8217,0,0,50,1035,1110,112,2,0
merch,merch.txt,2309,2,6,3.558683,8217,0,0,62,1025,1097,120,5,0
mesca,mesca.txt,2309,2,6,3.558683,8217,0,0,60,1027,1099,118,5,0
misto,misto.txt,2309,2,6,3.558683,8217,0,0,77,994,1112,123,3,0
musit,musit.txt,2309,2,6,3.558683,8217,0,0,67,1025,1084,126,7,0
nmols,nmols.txt,2309,2,6,3.558683,8217,0,0,53,1015,1142,96,3,0
ogler,ogler.txt,2309,2,6,3.558683,8217,0,0,53,1025,1121,108,2,0
peony,peony.txt,2309,2,6,3.558683,8217,0,0,75,994,1119,117,4,0
pilao,pilao.txt,2309,2,6,3.558683,8217,0,0,67,1032,1068,137,5,0
posca,posca.txt,2309,2,6,3.558683,8217,0,0,66,1013,1107,120,3,0
rewan,rewan.txt,2309,2,6,3.558683,8217,0,0,66,1020,1091,131,1,0
seamy,seamy.txt,2309,2,6,3.558683,8217,0,0,62,1020,1107,115,5,0
spiry,spiry.txt,2309,2,6,3.558683,8217,0,0,63,1032,1079,131,4,0
swail,swail.txt,2309,2,6,3.558683,8217,0,0,59,1030,1095,121,4,0
tulps,tulps.txt,2309,2,6,3.558683,8217,0,0,62,1010,1123,113,1,0
tunic,tunic.txt,2309,1,6,3.558683,8217,1,1,61,1032,1080,132,3,0
weils,weils.txt,2309,2,6,3.558683,8217,0,0,67,1020,1088,133,1,0
balds,balds.txt,2309,2,6,3.559117,8218,0,0,67,1002,1125,112,3,0
bardo,bardo.txt,2309,2,6,3.559117,8218,0,0,78,979,1137,113,2,0
beaty,beaty.txt,2309,2,6,3.559117,8218,0,0,69,993,1137,107,3,0
carat,carat.txt,2309,1,6,3.559117,8218,1,1,58,1035,1082,130,3,0
cetyl,cetyl.txt,2309,2,6,3.559117,8218,0,0,49,1047,1090,119,4,0
chime,chime.txt,2309,1,6,3.559117,8218,1,1,62,1014,1111,119,2,0
crare,crare.txt,2309,2,6,3.559117,8218,0,0,62,1024,1096,124,3,0
cyano,cyano.txt,2309,2,6,3.559117,8218,0,0,59,1024,1103,122,1,0
dench,dench.txt,2309,2,6,3.559117,8218,0,0,56,1038,1085,128,2,0
dicta,dicta.txt,2309,2,6,3.559117,8218,0,0,66,1012,1110,116,5,0
diota,diota.txt,2309,2,6,3.559117,8218,0,0,71,1023,1069,145,1,0
drabs,drabs.txt,2309,2,6,3.559117,8218,0,0,56,1030,1102,118,3,0
ghost,ghost.txt,2309,1,6,3.559117,8218,1,1,55,1029,1106,112,6,0
harim,harim.txt,2309,2,6,3.559117,8218,0,0,63,1039,1064,139,4,0
meith,meith.txt,2309,2,6,3.559117,8218,0,0,67,1015,1101,121,5,0
musar,musar.txt,2309,2,6,3.559117,8218,0,0,69,995,1133,109,3,0
ochre,ochre.txt,2309,2,6,3.559117,8218,0,0,58,1037,1084,125,5,0
ornee,ornee.txt,2309,2,6,3.559117,8218,0,0,55,1043,1081,125,5,0
pasch,pasch.txt,2309,2,6,3.559117,8218,0,0,59,1021,1110,117,2,0
patio,patio.txt,2309,1,6,3.559117,8218,1,1,74,1014,1077,139,4,0
patus,patus.txt,2309,2,6,3.559117,8218,0,0,57,1020,1119,110,3,0
pelma,pelma.txt,2309,2,6,3.559117,8218,0,0,83,981,1124,113,8,0
recte,recte.txt,2309,2,6,3.559117,8218,0,0,63,1020,1101,122,3,0
rivet,rivet.txt,2309,1,6,3.559117,8218,1,1,67,1003,1118,118,2,0
salle,salle.txt,2309,2,6,3.559117,8218,0,0,57,1045,1073,127,7,0
sculp,sculp.txt,2309,2,6,3.559117,8218,0,0,75,990,1128,110,6,0
sehri,sehri.txt,2309,2,5,3.559117,8218,0,0,48,1057,1069,135,0,0
snoek,snoek.txt,2309,2,6,3.559117,8218,0,0,59,1011,1130,107,2,0
strum,strum.txt,2309,2,6,3.559117,8218,0,0,70,1006,1110,118,5,0
syrah,syrah.txt,2309,2,6,3.559117,8218,0,0,55,1046,1076,126,6,0
yrneh,yrneh.txt,2309,2,6,3.559117,8218,0,0,48,1043,1098,119,1,0
aiery,aiery.txt,2309,2,6,3.55955,8219,0,0,61,1037,1074,132,5,0
arede,arede.txt,2309,2,6,3.55955,8219,0,0,58,1027,1100,122,2,0
biros,biros.txt,2309,2,6,3.55955,8219,0,0,72,1005,1105,122,5,0
crink,crink.txt,2309,2,6,3.55955,8219,0,0,61,1032,1081,133,2,0
fated,fated.txt,2309,2,5,3.55955,8219,0,0,67,984,1157,101,0,0
frith,frith.txt,2309,2,6,3.55955,8219,0,0,74,997,1113,122,3,0
glams,glams.txt,2309,2,6,3.55955,8219,0,0,63,1006,1127,111,2,0
grads,grads.txt,2309,2,6,3.55955,8219,0,0,59,1031,1090,126,3,0
moira,moira.txt,2309,2,6,3.55955,8219,0,0,79,1023,1048,154,5,0
muted,muted.txt,2309,2,6,3.55955,8219,0,0,68,1010,1105,123,3,0
nosey,nosey.txt,2309,1,6,3.55955,8219,1,1,65,1009,1110,123,1,0
paged,paged.txt,2309,2,5,3.55955,8219,0,0,58,1014,1124,113,0,0
pareu,pareu.txt,2309,2,6,3.55955,8219,0,0,53,1035,1099,120,2,0
pulis,pulis.txt,2309,2,6,3.55955,8219,0,0,69,1010,1102,125,3,0
pyres,pyres.txt,2309,2,6,3.55955,8219,0,0,56,1018,1126,105,4,0
resaw,resaw.txt,2309,2,6,3.55955,8219,0,0,61,1020,1106,119,3,0
solum,solum.txt,2309,2,6,3.55955,8219,0,0,64,1021,1093,130,1,0
spiny,spiny.txt,2309,1,6,3.55955,8219,1,1,62,1008,1121,116,1,0
sprig,sprig.txt,2309,1,6,3.55955,8219,1,1,57,1026,1101,122,2,0
steel,steel.txt,2309,1,6,3.55955,8219,1,1,61,1021,1101,121,4,0
steer,steer.txt,2309,1,6,3.55955,8219,1,1,67,1021,1085,129,6,0
tabun,tabun.txt,2309,2,6,3.55955,8219,0,0,65,1015,1102,126,1,0
tousy,tousy.txt,2309,2,6,3.55955,8219,0,0,57,1022,1115,111,4,0
wails,wails.txt,2309,2,6,3.55955,8219,0,0,57,1022,1112,117,1,0
wanes,wanes.txt,2309,2,6,3.55955,8219,0,0,57,1025,1109,114,4,0
yealm,yealm.txt,2309,2,6,3.55955,8219,0,0,66,996,1139,105,3,0
beisa,beisa.txt,2309,2,6,3.559983,8220,0,0,67,1024,1080,134,4,0
chias,chias.txt,2309,2,6,3.559983,8220,0,0,58,1037,1084,123,7,0
drank,drank.txt,2309,1,6,3.559983,8220,1,1,54,1033,1097,120,4,0
drive,drive.txt,2309,1,6,3.559983,8220,1,1,61,1018,1106,119,4,0
duroc,duroc.txt,2309,2,6,3.559983,8220,0,0,53,1041,1088,123,4,0
glory,glory.txt,2309,1,6,3.559983,8220,1,1,59,1019,1110,116,4,0
golem,golem.txt,2309,1,6,3.559983,8220,1,1,66,1008,1108,125,1,0
hides,hides.txt,2309,2,6,3.559983,8220,0,0,59,1028,1096,122,4,0
limas,limas.txt,2309,2,6,3.559983,8220,0,0,55,1041,1082,127,4,0
nesty,nesty.txt,2309,2,6,3.559983,8220,0,0,62,1010,1121,114,2,0
norms,norms.txt,2309,2,6,3.559983,8220,0,0,54,1018,1130,104,3,0
pecia,pecia.txt,2309,2,6,3.559983,8220,0,0,71,1020,1074,142,2,0
prays,prays.txt,2309,2,6,3.559983,8220,0,0,54,1028,1112,110,5,0
putas,putas.txt,2309,2,6,3.559983,8220,0,0,57,1029,1098,123,2,0
regia,regia.txt,2309,2,6,3.559983,8220,0,0,68,1009,1106,123,3,0
skear,skear.txt,2309,2,6,3.559983,8220,0,0,50,1040,1098,118,3,0
snipy,snipy.txt,2309,2,6,3.559983,8220,0,0,61,1011,1121,115,1,0
sprog,sprog.txt,2309,2,6,3.559983,8220,0,0,54,1009,1148,95,3,0
sworn,sworn.txt,2309,1,6,3.559983,8220,1,1,71,998,1113,125,1,0
typal,typal.txt,2309,2,6,3.559983,8220,0,0,67,995,1135,111,1,0
wries,wries.txt,2309,2,6,3.559983,8220,0,0,68,1015,1095,127,4,0
yaird,yaird.txt,2309,2,6,3.559983,8220,0,0,54,1044,1080,126,5,0
alive,alive.txt,2309,1,6,3.560416,8221,1,1,63,1017,1099,127,2,0
apery,apery.txt,2309,2,6,3.560416,8221,0,0,75,997,1108,126,3,0
aygre,aygre.txt,2309,2,6,3.560416,8221,0,0,62,1018,1106,119,4,0
euros,euros.txt,2309,2,6,3.560416,8221,0,0,62,1053,1038,150,6,0
final,final.txt,2309,1,6,3.560416,8221,1,1,67,1002,1122,110,7,0
goyle,goyle.txt,2309,2,6,3.560416,8221,0,0,60,1020,1107,119,3,0
habit,habit.txt,2309,1,6,3.560416,8221,1,1,62,1015,1106,123,2,0
hards,hards.txt,2309,2,6,3.560416,8221,0,0,59,1007,1136,104,3,0
icons,icons.txt,2309,2,6,3.560416,8221,0,0,58,1020,1115,111,5,0
ideal,ideal.txt,2309,1,6,3.560416,8221,1,1,64,1009,1112,121,2,0
mutes,mutes.txt,2309,2,6,3.560416,8221,0,0,70,1006,1103,129,1,0
niche,niche.txt,2309,1,6,3.560416,8221,1,1,49,1041,1093,123,2,0
oscar,oscar.txt,2309,2,6,3.560416,8221,0,0,60,1007,1133,106,3,0
plume,plume.txt,2309,1,6,3.560416,8221,1,1,73,992,1120,120,3,0
raspy,raspy.txt,2309,1,6,3.560416,8221,1,1,71,979,1152,103,3,0
repay,repay.txt,2309,1,6,3.560416,8221,1,1,78,974,1140,114,2,0
rumes,rumes.txt,2309,2,6,3.560416,8221,0,0,66,1007,1114,120,2,0
snark,snark.txt,2309,2,6,3.560416,8221,0,0,62,1025,1091,128,3,0
stank,stank.txt,2309,1,6,3.560416,8221,1,1,61,1013,1113,119,2,0
stoup,stoup.txt,2309,2,6,3.560416,8221,0,0,67,1003,1118,120,1,0
trugs,trugs.txt,2309,2,6,3.560416,8221,0,0,60,1000,1148,97,4,0
tunds,tunds.txt,2309,2,6,3.560416,8221,0,0,52,1032,1106,117,2,0
wired,wired.txt,2309,2,6,3.560416,8221,0,0,64,1018,1098,127,2,0
admen,admen.txt,2309,2,6,3.560849,8222,0,0,68,994,1133,112,2,0
banco,banco.txt,2309,2,6,3.560849,8222,0,0,60,1020,1105,122,2,0
beads,beads.txt,2309,2,6,3.560849,8222,0,0,77,972,1149,110,1,0
brads,brads.txt,2309,2,6,3.560849,8222,0,0,66,1002,1124,114,3,0
chafe,chafe.txt,2309,1,6,3.560849,8222,1,1,59,1029,1089,126,5,0
clove,clove.txt,2309,1,6,3.560849,8222,1,1,58,1014,1121,111,4,0
dirke,dirke.txt,2309,2,6,3.560849,8222,0,0,52,1041,1091,119,6,0
ditch,ditch.txt,2309,1,6,3.560849,8222,1,1,51,1031,1105,120,1,0
ditsy,ditsy.txt,2309,2,6,3.560849,8222,0,0,57,1008,1137,106,1,0
fones,fones.txt,2309,2,6,3.560849,8222,0,0,57,1020,1114,116,2,0
gayer,gayer.txt,2309,1,6,3.560849,8222,1,1,62,1006,1123,115,2,0
hogen,hogen.txt,2309,2,6,3.560849,8222,0,0,65,1022,1086,134,2,0
inerm,inerm.txt,2309,2,6,3.560849,8222,0,0,62,1026,1089,128,4,0
lehrs,lehrs.txt,2309,2,6,3.560849,8222,0,0,51,1042,1091,120,5,0
minas,minas.txt,2309,2,6,3.560849,8222,0,0,55,1033,1097,119,5,0
modes,modes.txt,2309,2,6,3.560849,8222,0,0,57,1012,1130,108,2,0
orgue,orgue.txt,2309,2,6,3.560849,8222,0,0,68,1007,1108,123,3,0
pligs,pligs.txt,2309,2,6,3.560849,8222,0,0,53,1032,1103,118,3,0
prank,prank.txt,2309,1,6,3.560849,8222,1,1,63,1002,1127,115,1,0
prawn,prawn.txt,2309,1,5,3.560849,8222,1,1,47,1028,1122,111,0,0
redly,redly.txt,2309,2,6,3.560849,8222,0,0,68,1005,1113,119,4,0
saick,saick.txt,2309,2,6,3.560849,8222,0,0,51,1043,1088,123,4,0
sengi,sengi.txt,2309,2,6,3.560849,8222,0,0,60,1021,1104,121,3,0
shyer,shyer.txt,2309,2,6,3.560849,8222,0,0,55,1037,1088,125,4,0
signa,signa.txt,2309,2,6,3.560849,8222,0,0,64,1032,1072,136,5,0
snoke,snoke.txt,2309,2,6,3.560849,8222,0,0,59,1011,1126,111,2,0
sowar,sowar.txt,2309,2,6,3.560849,8222,0,0,59,1026,1102,114,8,0
spake,spake.txt,2309,2,6,3.560849,8222,0,0,68,1024,1078,132,7,0
andic,andic.txt,2309,2,6,3.561282,8223,0,0,66,1024,1081,133,5,0
boric,boric.txt,2309,2,6,3.561282,8223,0,0,58,1018,1114,117,2,0
borty,borty.txt,2309,2,6,3.561282,8223,0,0,69,994,1133,107,6,0
cavel,cavel.txt,2309,2,6,3.561282,8223,0,0,65,1014,1102,125,3,0
cloys,cloys.txt,2309,2,6,3.561282,8223,0,0,51,1029,1116,108,5,0
comas,comas.txt,2309,2,6,3.561282,8223,0,0,71,988,1134,115,1,0
curny,curny.txt,2309,2,6,3.561282,8223,0,0,62,1019,1102,122,4,0
demur,demur.txt,2309,1,6,3.561282,8223,1,1,61,1012,1114,118,3,0
denet,denet.txt,2309,2,6,3.561282,8223,0,0,60,1024,1097,125,3,0
dewar,dewar.txt,2309,2,6,3.561282,8223,0,0,66,1013,1101,126,3,0
domes,domes.txt,2309,2,6,3.561282,8223,0,0,57,1012,1129,109,2,0
donsy,donsy.txt,2309,2,6,3.561282,8223,0,0,61,1023,1100,118,7,0
fiats,fiats.txt,2309,2,6,3.561282,8223,0,0,65,998,1134,109,3,0
girsh,girsh.txt,2309,2,6,3.561282,8223,0,0,57,1028,1098,123,3,0
girth,girth.txt,2309,1,6,3.561282,8223,1,1,61,1025,1087,133,2,0
hades,hades.txt,2309,2,6,3.561282,8223,0,0,56,1034,1089,127,3,0
lupin,lupin.txt,2309,2,6,3.561282,8223,0,0,62,1026,1087,131,3,0
manic,manic.txt,2309,1,6,3.561282,8223,1,1,59,1030,1083,134,2,0
mirch,mirch.txt,2309,2,6,3.561282,8223,0,0,60,1024,1096,127,2,0
other,other.txt,2309,1,6,3.561282,8223,1,1,60,1007,1127,111,3,0
pacos,pacos.txt,2309,2,6,3.561282,8223,0,0,65,993,1142,108,1,0
pages,pages.txt,2309,2,6,3.561282,8223,0,0,55,1039,1085,124,6,0
phage,phage.txt,2309,2,6,3.561282,8223,0,0,52,1041,1087,126,3,0
pilus,pilus.txt,2309,2,6,3.561282,8223,0,0,53,1036,1094,123,3,0
prese,prese.txt,2309,2,6,3.561282,8223,0,0,66,1016,1098,123,6,0
psalm,psalm.txt,2309,1,6,3.561282,8223,1,1,61,993,1152,99,3,0
soken,soken.txt,2309,2,6,3.561282,8223,0,0,49,1024,1129,105,2,0
spyal,spyal.txt,2309,2,6,3.561282,8223,0,0,62,1010,1120,113,4,0
thang,thang.txt,2309,2,6,3.561282,8223,0,0,62,1009,1121,114,3,0
arked,arked.txt,2309,2,6,3.561715,8224,0,0,54,1029,1102,123,1,0
bream,bream.txt,2309,2,6,3.561715,8224,0,0,78,987,1119,119,6,0
brosy,brosy.txt,2309,2,6,3.561715,8224,0,0,59,1015,1117,115,3,0
caese,caese.txt,2309,2,6,3.561715,8224,0,0,48,1032,1116,110,3,0
cronk,cronk.txt,2309,2,6,3.561715,8224,0,0,51,1027,1115,115,1,0
crown,crown.txt,2309,1,5,3.561715,8224,1,1,59,997,1146,106,0,0
cunei,cunei.txt,2309,2,6,3.561715,8224,0,0,61,1018,1103,126,1,0
dahls,dahls.txt,2309,2,6,3.561715,8224,0,0,53,1022,1121,110,3,0
doges,doges.txt,2309,2,6,3.561715,8224,0,0,52,1009,1148,99,1,0
drays,drays.txt,2309,2,6,3.561715,8224,0,0,49,1036,1107,112,5,0
facie,facie.txt,2309,2,6,3.561715,8224,0,0,67,1030,1068,136,8,0
felts,felts.txt,2309,2,6,3.561715,8224,0,0,69,990,1138,108,4,0
kails,kails.txt,2309,2,6,3.561715,8224,0,0,54,1012,1139,100,4,0
malty,malty.txt,2309,2,6,3.561715,8224,0,0,71,997,1116,123,2,0
meaty,meaty.txt,2309,1,6,3.561715,8224,1,1,59,1020,1104,121,4,0
mensh,mensh.txt,2309,2,6,3.561715,8224,0,0,59,1022,1102,124,2,0
mesad,mesad.txt,2309,2,6,3.561715,8224,0,0,71,990,1131,114,3,0
micro,micro.txt,2309,1,5,3.561715,8224,1,1,69,1009,1092,138,0,0
monad,monad.txt,2309,2,6,3.561715,8224,0,0,68,1016,1087,136,2,0
pargo,pargo.txt,2309,2,6,3.561715,8224,0,0,59,1013,1121,113,3,0
patee,patee.txt,2309,2,6,3.561715,8224,0,0,61,1018,1105,122,3,0
pinda,pinda.txt,2309,2,6,3.561715,8224,0,0,68,1007,1107,123,4,0
pling,pling.txt,2309,2,6,3.561715,8224,0,0,56,1020,1114,118,1,0
ptish,ptish.txt,2309,2,6,3.561715,8224,0,0,67,1014,1094,132,2,0
punts,punts.txt,2309,2,6,3.561715,8224,0,0,62,1010,1119,114,4,0
puris,puris.txt,2309,2,6,3.561715,8224,0,0,66,1028,1073,136,6,0
safed,safed.txt,2309,2,6,3.561715,8224,0,0,56,1007,1142,101,3,0
shake,shake.txt,2309,1,6,3.561715,8224,1,1,64,1030,1070,139,5,0
stave,stave.txt,2309,1,6,3.561715,8224,1,1,52,1036,1095,119,6,0
teles,teles.txt,2309,2,6,3.561715,8224,0,0,60,1014,1114,120,1,0
acerb,acerb.txt,2309,2,6,3.562148,8225,0,0,64,1014,1106,119,6,0
betid,betid.txt,2309,2,6,3.562148,8225,0,0,72,994,1119,121,3,0
candy,candy.txt,2309,1,6,3.562148,8225,1,1,51,1013,1138,105,1,0
chelp,chelp.txt,2309,2,6,3.562148,8225,0,0,61,1027,1084,136,1,0
clegs,clegs.txt,2309,2,6,3.562148,8225,0,0,58,1020,1108,121,2,0
coths,coths.txt,2309,2,6,3.562148,8225,0,0,63,1019,1098,124,5,0
culpa,culpa.txt,2309,2,6,3.562148,8225,0,0,55,1026,1104,123,1,0
dalek,dalek.txt,2309,2,6,3.562148,8225,0,0,59,1000,1145,103,2,0
duets,duets.txt,2309,2,6,3.562148,8225,0,0,61,1024,1093,127,4,0
fiars,fiars.txt,2309,2,6,3.562148,8225,0,0,67,997,1129,112,4,0
genoa,genoa.txt,2309,2,6,3.562148,8225,0,0,68,1027,1070,136,8,0
giros,giros.txt,2309,2,6,3.562148,8225,0,0,62,1026,1084,135,2,0
goary,goary.txt,2309,2,6,3.562148,8225,0,0,69,999,1117,122,2,0
heads,heads.txt,2309,2,6,3.562148,8225,0,0,67,1001,1120,118,3,0
larum,larum.txt,2309,2,6,3.562148,8225,0,0,62,1015,1107,122,3,0
negro,negro.txt,2309,2,6,3.562148,8225,0,0,66,1007,1109,126,1,0
ontic,ontic.txt,2309,2,6,3.562148,8225,0,0,68,989,1140,110,2,0
pensy,pensy.txt,2309,2,6,3.562148,8225,0,0,69,995,1127,114,4,0
picas,picas.txt,2309,2,6,3.562148,8225,0,0,57,1014,1123,113,2,0
plims,plims.txt,2309,2,6,3.562148,8225,0,0,68,1003,1113,122,3,0
poche,poche.txt,2309,2,6,3.562148,8225,0,0,57,1015,1122,112,3,0
rawns,rawns.txt,2309,2,5,3.562148,8225,0,0,48,1013,1150,98,0,0
relie,relie.txt,2309,2,6,3.562148,8225,0,0,52,1041,1084,130,2,0
rowie,rowie.txt,2309,2,6,3.562148,8225,0,0,50,1032,1109,115,3,0
scrab,scrab.txt,2309,2,6,3.562148,8225,0,0,48,1010,1157,93,1,0
sinew,sinew.txt,2309,1,6,3.562148,8225,1,1,65,1010,1104,126,3,0
softa,softa.txt,2309,2,6,3.562148,8225,0,0,59,1006,1134,107,3,0
teaed,teaed.txt,2309,2,6,3.562148,8225,0,0,63,1018,1100,123,5,0
therm,therm.txt,2309,2,6,3.562148,8225,0,0,78,1010,1072,143,6,0
tract,tract.txt,2309,1,6,3.562148,8225,1,1,64,1023,1080,139,2,0
adrip,adrip.txt,2309,2,6,3.562581,8226,0,0,61,1016,1106,124,2,0
ayelp,ayelp.txt,2309,2,6,3.562581,8226,0,0,57,1022,1109,116,5,0
bourn,bourn.txt,2309,2,6,3.562581,8226,0,0,68,1008,1102,128,3,0
doula,doula.txt,2309,2,6,3.562581,8226,0,0,70,1010,1094,130,5,0
fonts,fonts.txt,2309,2,6,3.562581,8226,0,0,58,998,1151,100,2,0
foule,foule.txt,2309,2,6,3.562581,8226,0,0,67,1005,1112,121,4,0
gorps,gorps.txt,2309,2,6,3.562581,8226,0,0,60,998,1145,104,2,0
grief,grief.txt,2309,1,6,3.562581,8226,1,1,67,1003,1110,126,2,0
herms,herms.txt,2309,2,6,3.562581,8226,0,0,60,1022,1099,124,4,0
laker,laker.txt,2309,2,6,3.562581,8226,0,0,53,1030,1104,118,4,0
lengs,lengs.txt,2309,2,6,3.562581,8226,0,0,57,1008,1135,106,3,0
lings,lings.txt,2309,2,6,3.562581,8226,0,0,57,1012,1126,112,2,0
loamy,loamy.txt,2309,1,6,3.562581,8226,1,1,70,996,1116,123,3,0
luged,luged.txt,2309,2,6,3.562581,8226,0,0,69,998,1118,122,2,0
mould,mould.txt,2309,2,6,3.562581,8226,0,0,66,1005,1114,121,3,0
nudes,nudes.txt,2309,2,6,3.562581,8226,0,0,57,1011,1131,105,5,0
nurls,nurls.txt,2309,2,6,3.562581,8226,0,0,50,1025,1120,113,1,0
opted,opted.txt,2309,2,6,3.562581,8226,0,0,69,1000,1113,126,1,0
outed,outed.txt,2309,2,6,3.562581,8226,0,0,73,1000,1104,128,4,0
picul,picul.txt,2309,2,6,3.562581,8226,0,0,63,1010,1113,120,3,0
plong,plong.txt,2309,2,6,3.562581,8226,0,0,51,1023,1121,113,1,0
podge,podge.txt,2309,2,6,3.562581,8226,0,0,62,1001,1134,109,3,0
rangy,rangy.txt,2309,2,5,3.562581,8226,0,0,59,996,1150,104,0,0
rumal,rumal.txt,2309,2,6,3.562581,8226,0,0,68,1004,1110,124,3,0
stoma,stoma.txt,2309,2,6,3.562581,8226,0,0,57,1027,1098,123,4,0
tante,tante.txt,2309,2,6,3.562581,8226,0,0,61,1031,1079,133,5,0
teade,teade.txt,2309,2,6,3.562581,8226,0,0,63,1018,1101,120,7,0
throb,throb.txt,2309,1,6,3.562581,8226,1,1,66,995,1129,116,2,0
voile,voile.txt,2309,2,6,3.562581,8226,0,0,64,1014,1100,130,1,0
audit,audit.txt,2309,1,6,3.563014,8227,1,1,72,1016,1071,144,5,0
bacon,bacon.txt,2309,1,6,3.563014,8227,1,1,66,994,1131,114,3,0
blude,blude.txt,2309,2,6,3.563014,8227,0,0,79,964,1154,111,1,0
bruts,bruts.txt,2309,2,6,3.563014,8227,0,0,74,989,1123,118,5,0
cruds,cruds.txt,2309,2,6,3.563014,8227,0,0,55,1027,1104,118,5,0
defat,defat.txt,2309,2,6,3.563014,8227,0,0,70,985,1140,112,2,0
fents,fents.txt,2309,2,6,3.563014,8227,0,0,55,1011,1135,104,4,0
flota,flota.txt,2309,2,6,3.563014,8227,0,0,81,963,1152,110,3,0
focal,focal.txt,2309,1,6,3.563014,8227,1,1,72,984,1133,116,3,0
forge,forge.txt,2309,1,6,3.563014,8227,1,1,59,1004,1132,110,3,0
globe,globe.txt,2309,1,6,3.563014,8227,1,1,59,1000,1140,106,3,0
halms,halms.txt,2309,2,6,3.563014,8227,0,0,56,1011,1131,108,3,0
hauns,hauns.txt,2309,2,6,3.563014,8227,0,0,52,1032,1100,123,2,0
kanes,kanes.txt,2309,2,6,3.563014,8227,0,0,48,1029,1119,110,3,0
kiter,kiter.txt,2309,2,6,3.563014,8227,0,0,54,1029,1101,122,3,0
limos,limos.txt,2309,2,6,3.563014,8227,0,0,64,1012,1106,123,4,0
match,match.txt,2309,1,6,3.563014,8227,1,1,66,990,1138,112,2,0
moley,moley.txt,2309,2,6,3.563014,8227,0,0,72,986,1132,117,2,0
moria,moria.txt,2309,2,6,3.563014,8227,0,0,80,1006,1072,145,6,0
muils,muils.txt,2309,2,6,3.563014,8227,0,0,66,1011,1108,114,10,0
paths,paths.txt,2309,2,6,3.563014,8227,0,0,61,1001,1136,108,3,0
pirog,pirog.txt,2309,2,6,3.563014,8227,0,0,57,1018,1113,119,2,0
proms,proms.txt,2309,2,6,3.563014,8227,0,0,57,1016,1120,111,5,0
saucy,saucy.txt,2309,1,6,3.563014,8227,1,1,51,1034,1096,124,3,0
shura,shura.txt,2309,2,6,3.563014,8227,0,0,57,1041,1070,136,5,0
skarn,skarn.txt,2309,2,6,3.563014,8227,0,0,50,1038,1096,121,4,0
sprag,sprag.txt,2309,2,6,3.563014,8227,0,0,55,1010,1135,107,2,0
tanks,tanks.txt,2309,2,6,3.563014,8227,0,0,47,1030,1119,111,2,0
urman,urman.txt,2309,2,6,3.563014,8227,0,0,56,1020,1113,117,3,0
wader,wader.txt,2309,2,6,3.563014,8227,0,0,63,1003,1125,116,2,0
baurs,baurs.txt,2309,2,6,3.563447,8228,0,0,60,1000,1139,108,2,0
beany,beany.txt,2309,2,6,3.563447,8228,0,0,64,1003,1121,119,2,0
bleah,bleah.txt,2309,2,6,3.563447,8228,0,0,65,1011,1102,129,2,0
claws,claws.txt,2309,2,6,3.563447,8228,0,0,54,1012,1135,104,4,0
cloak,cloak.txt,2309,1,6,3.563447,8228,1,1,65,1011,1099,130,3,0
dargs,dargs.txt,2309,2,6,3.563447,8228,0,0,55,1025,1103,125,1,0
lawin,lawin.txt,2309,2,6,3.563447,8228,0,0,47,1038,1102,120,2,0
lowen,lowen.txt,2309,2,6,3.563447,8228,0,0,68,990,1134,116,1,0
mache,mache.txt,2309,2,6,3.563447,8228,0,0,56,1027,1098,125,3,0
mauts,mauts.txt,2309,2,6,3.563447,8228,0,0,66,997,1127,117,2,0
notam,notam.txt,2309,2,6,3.563447,8228,0,0,67,992,1134,114,2,0
pibal,pibal.txt,2309,2,6,3.563447,8228,0,0,61,1019,1098,129,2,0
sneer,sneer.txt,2309,1,6,3.563447,8228,1,1,71,994,1117,121,5,0
stoai,stoai.txt,2309,2,6,3.563447,8228,0,0,43,1058,1078,124,6,0
stoke,stoke.txt,2309,1,6,3.563447,8228,1,1,48,1034,1105,117,4,0
takin,takin.txt,2309,2,6,3.563447,8228,0,0,65,1015,1096,129,4,0
teaks,teaks.txt,2309,2,6,3.563447,8228,0,0,49,1024,1127,104,5,0
techs,techs.txt,2309,2,5,3.563447,8228,0,0,50,1019,1129,111,0,0
trait,trait.txt,2309,1,6,3.563447,8228,1,1,72,1015,1073,142,6,0
trows,trows.txt,2309,2,6,3.563447,8228,0,0,55,1024,1107,120,3,0
ulpan,ulpan.txt,2309,2,6,3.563447,8228,0,0,63,1008,1115,120,3,0
wants,wants.txt,2309,2,6,3.563447,8228,0,0,50,1025,1119,113,2,0
woald,woald.txt,2309,2,6,3.563447,8228,0,0,68,1008,1102,126,5,0
apish,apish.txt,2309,2,6,3.56388,8229,0,0,53,1052,1060,137,7,0
auris,auris.txt,2309,2,6,3.56388,8229,0,0,61,1024,1089,131,4,0
bunde,bunde.txt,2309,2,6,3.56388,8229,0,0,73,985,1131,116,4,0
gaurs,gaurs.txt,2309,2,6,3.56388,8229,0,0,59,1007,1127,114,2,0
greet,greet.txt,2309,1,6,3.56388,8229,1,1,62,1009,1110,125,2,0
herse,herse.txt,2309,2,6,3.56388,8229,0,0,76,1005,1082,142,4,0
hoyle,hoyle.txt,2309,2,6,3.56388,8229,0,0,55,1033,1090,126,5,0
minos,minos.txt,2309,2,6,3.56388,8229,0,0,66,1005,1114,118,6,0
ogres,ogres.txt,2309,2,6,3.56388,8229,0,0,50,1023,1123,110,3,0
peags,peags.txt,2309,2,6,3.56388,8229,0,0,59,1012,1119,115,4,0
pends,pends.txt,2309,2,6,3.56388,8229,0,0,58,1009,1127,112,3,0
pitch,pitch.txt,2309,1,6,3.56388,8229,1,1,62,1006,1116,122,2,0
pomes,pomes.txt,2309,2,6,3.56388,8229,0,0,56,1007,1139,102,5,0
ribas,ribas.txt,2309,2,6,3.56388,8229,0,0,66,994,1131,117,1,0
scapi,scapi.txt,2309,2,6,3.56388,8229,0,0,56,1010,1130,111,2,0
scarf,scarf.txt,2309,1,6,3.56388,8229,1,1,52,1001,1156,97,2,0
sewan,sewan.txt,2309,2,6,3.56388,8229,0,0,68,1008,1101,127,5,0
siker,siker.txt,2309,2,6,3.56388,8229,0,0,52,1033,1100,118,6,0
slove,slove.txt,2309,2,6,3.56388,8229,0,0,59,1014,1114,119,3,0
suety,suety.txt,2309,2,6,3.56388,8229,0,0,56,1043,1069,134,7,0
swirl,swirl.txt,2309,1,6,3.56388,8229,1,1,61,1022,1089,132,4,0
abord,abord.txt,2309,2,6,3.564314,8230,0,0,73,994,1113,124,5,0
ayins,ayins.txt,2309,2,6,3.564314,8230,0,0,58,1019,1109,117,6,0
blams,blams.txt,2309,2,6,3.564314,8230,0,0,64,1008,1111,122,4,0
calmy,calmy.txt,2309,2,6,3.564314,8230,0,0,63,985,1159,99,3,0
chino,chino.txt,2309,2,6,3.564314,8230,0,0,67,1015,1088,135,4,0
dicto,dicto.txt,2309,2,6,3.564314,8230,0,0,65,1001,1120,121,2,0
disco,disco.txt,2309,1,6,3.564314,8230,1,1,52,1007,1142,106,1,0
dobra,dobra.txt,2309,2,6,3.564314,8230,0,0,67,994,1130,114,4,0
gades,gades.txt,2309,2,6,3.564314,8230,0,0,56,1018,1114,118,3,0
knarl,knarl.txt,2309,2,6,3.564314,8230,0,0,58,1021,1102,125,3,0
kriol,kriol.txt,2309,2,6,3.564314,8230,0,0,52,1038,1087,128,4,0
leafs,leafs.txt,2309,2,6,3.564314,8230,0,0,65,998,1128,114,4,0
linga,linga.txt,2309,2,6,3.564314,8230,0,0,67,1020,1078,140,4,0
minge,minge.txt,2309,2,6,3.564314,8230,0,0,70,998,1113,124,4,0
motey,motey.txt,2309,2,6,3.564314,8230,0,0,67,1001,1116,121,4,0
mucor,mucor.txt,2309,2,6,3.564314,8230,0,0,67,997,1124,117,4,0
norma,norma.txt,2309,2,6,3.564314,8230,0,0,75,990,1115,124,5,0
onery,onery.txt,2309,2,6,3.564314,8230,0,0,63,1012,1105,126,3,0
owlet,owlet.txt,2309,2,6,3.564314,8230,0,0,73,988,1122,124,2,0
rhyne,rhyne.txt,2309,2,6,3.564314,8230,0,0,51,1040,1085,130,3,0
rodny,rodny.txt,2309,2,6,3.564314,8230,0,0,70,983,1142,111,3,0
rosha,rosha.txt,2309,2,6,3.564314,8230,0,0,54,1031,1094,127,3,0
rowed,rowed.txt,2309,2,6,3.564314,8230,0,0,71,980,1143,114,1,0
ruche,ruche.txt,2309,2,6,3.564314,8230,0,0,57,1029,1089,131,3,0
runds,runds.txt,2309,2,6,3.564314,8230,0,0,61,1006,1124,114,4,0
sight,sight.txt,2309,1,6,3.564314,8230,1,1,56,1018,1110,121,3,0
slung,slung.txt,2309,1,6,3.564314,8230,1,1,50,1012,1139,105,2,0
socia,socia.txt,2309,2,6,3.564314,8230,0,0,73,1012,1078,140,6,0
sodic,sodic.txt,2309,2,6,3.564314,8230,0,0,53,1021,1118,113,4,0
splog,splog.txt,2309,2,6,3.564314,8230,0,0,55,1005,1142,105,2,0
stylo,stylo.txt,2309,2,6,3.564314,8230,0,0,53,1009,1141,103,3,0
tilak,tilak.txt,2309,2,6,3.564314,8230,0,0,69,986,1137,116,1,0
trist,trist.txt,2309,2,6,3.564314,8230,0,0,58,1034,1077,136,4,0
wrath,wrath.txt,2309,1,6,3.564314,8230,1,1,71,990,1120,125,2,0
yenta,yenta.txt,2309,2,6,3.564314,8230,0,0,57,1014,1118,118,2,0
abode,abode.txt,2309,1,5,3.564747,8231,1,1,60,995,1140,113,0,0
banty,banty.txt,2309,2,6,3.564747,8231,0,0,65,989,1144,108,3,0
bialy,bialy.txt,2309,2,6,3.564747,8231,0,0,64,1000,1126,115,4,0
couta,couta.txt,2309,2,6,3.564747,8231,0,0,63,1025,1081,134,6,0
crowl,crowl.txt,2309,2,6,3.564747,8231,0,0,49,1026,1117,115,2,0
cupro,cupro.txt,2309,2,6,3.564747,8231,0,0,64,1019,1089,132,5,0
dicts,dicts.txt,2309,2,6,3.564747,8231,0,0,51,1009,1145,102,2,0
dioch,dioch.txt,2309,2,5,3.564747,8231,0,0,54,1035,1082,138,0,0
entry,entry.txt,2309,1,6,3.564747,8231,1,1,70,1005,1095,133,5,0
gaped,gaped.txt,2309,2,5,3.564747,8231,0,0,61,993,1145,110,0,0
kores,kores.txt,2309,2,6,3.564747,8231,0,0,51,1032,1101,121,4,0
lakin,lakin.txt,2309,2,6,3.564747,8231,0,0,50,1028,1112,115,4,0
lytes,lytes.txt,2309,2,6,3.564747,8231,0,0,56,1019,1110,122,2,0
mards,mards.txt,2309,2,6,3.564747,8231,0,0,59,1009,1121,118,2,0
maund,maund.txt,2309,2,6,3.564747,8231,0,0,59,1011,1118,118,3,0
mouls,mouls.txt,2309,2,6,3.564747,8231,0,0,55,1020,1110,123,1,0
paedo,paedo.txt,2309,2,6,3.564747,8231,0,0,60,1020,1095,133,1,0
scamp,scamp.txt,2309,1,6,3.564747,8231,1,1,64,987,1148,105,4,0
sweal,sweal.txt,2309,2,6,3.564747,8231,0,0,64,1022,1085,131,7,0
torte,torte.txt,2309,2,6,3.564747,8231,0,0,66,1023,1074,142,4,0
ursid,ursid.txt,2309,2,6,3.564747,8231,0,0,63,1012,1107,121,6,0
yarco,yarco.txt,2309,2,6,3.564747,8231,0,0,59,1018,1103,127,2,0
abide,abide.txt,2309,1,6,3.56518,8232,1,1,55,1013,1122,114,4,0
amins,amins.txt,2309,2,6,3.56518,8232,0,0,61,1012,1111,120,5,0
beret,beret.txt,2309,1,6,3.56518,8232,1,1,72,987,1124,120,5,0
brake,brake.txt,2309,1,6,3.56518,8232,1,1,70,995,1113,126,4,0
briny,briny.txt,2309,1,6,3.56518,8232,1,1,62,988,1151,103,4,0
caver,caver.txt,2309,2,6,3.56518,8232,0,0,65,996,1129,116,3,0
culti,culti.txt,2309,2,6,3.56518,8232,0,0,56,1009,1128,115,1,0
decos,decos.txt,2309,2,6,3.56518,8232,0,0,54,1004,1144,106,1,0
docht,docht.txt,2309,2,6,3.56518,8232,0,0,51,1022,1117,118,1,0
dribs,dribs.txt,2309,2,6,3.56518,8232,0,0,54,1010,1133,110,2,0
duros,duros.txt,2309,2,6,3.56518,8232,0,0,55,1033,1089,125,7,0
eyras,eyras.txt,2309,2,6,3.56518,8232,0,0,50,1051,1065,139,4,0
fains,fains.txt,2309,2,6,3.56518,8232,0,0,68,985,1140,115,1,0
fogle,fogle.txt,2309,2,6,3.56518,8232,0,0,64,1003,1118,121,3,0
hayer,hayer.txt,2309,2,6,3.56518,8232,0,0,64,997,1128,119,1,0
lower,lower.txt,2309,1,6,3.56518,8232,1,1,57,1023,1096,128,4,0
mapes,mapes.txt,2309,2,6,3.56518,8232,0,0,55,1015,1120,117,2,0
miaul,miaul.txt,2309,2,6,3.56518,8232,0,0,65,1015,1091,135,3,0
mitry,mitry.txt,2309,2,6,3.56518,8232,0,0,69,988,1133,116,3,0
mopes,mopes.txt,2309,2,6,3.56518,8232,0,0,55,1004,1145,100,5,0
pelau,pelau.txt,2309,2,6,3.56518,8232,0,0,54,1031,1094,125,5,0
piony,piony.txt,2309,2,6,3.56518,8232,0,0,71,996,1112,126,4,0
plank,plank.txt,2309,1,6,3.56518,8232,1,1,69,975,1153,110,1,0
ponty,ponty.txt,2309,2,6,3.56518,8232,0,0,65,1002,1116,124,2,0
pruny,pruny.txt,2309,2,6,3.56518,8232,0,0,66,1005,1110,123,5,0
strak,strak.txt,2309,2,6,3.56518,8232,0,0,58,1019,1106,121,5,0
ureic,ureic.txt,2309,2,6,3.56518,8232,0,0,52,1027,1106,121,3,0
wurst,wurst.txt,2309,2,6,3.56518,8232,0,0,59,1017,1106,123,4,0
amies,amies.txt,2309,2,6,3.565613,8233,0,0,70,994,1119,121,5,0
asity,asity.txt,2309,2,6,3.565613,8233,0,0,58,1013,1117,116,5,0
brods,brods.txt,2309,2,6,3.565613,8233,0,0,65,994,1132,115,3,0
chary,chary.txt,2309,2,6,3.565613,8233,0,0,65,1022,1079,137,6,0
citee,citee.txt,2309,2,6,3.565613,8233,0,0,56,1012,1123,115,3,0
clonk,clonk.txt,2309,2,5,3.565613,8233,0,0,57,1005,1131,116,0,0
creed,creed.txt,2309,1,6,3.565613,8233,1,1,59,1016,1103,126,4,0
crees,crees.txt,2309,2,6,3.565613,8233,0,0,56,1031,1087,130,5,0
curia,curia.txt,2309,2,6,3.565613,8233,0,0,65,1024,1074,141,5,0
cyder,cyder.txt,2309,2,6,3.565613,8233,0,0,63,991,1143,110,2,0
drove,drove.txt,2309,1,6,3.565613,8233,1,1,57,1013,1117,115,6,0
enate,enate.txt,2309,2,6,3.565613,8233,0,0,64,1005,1114,122,4,0
felon,felon.txt,2309,1,6,3.565613,8233,1,1,51,1025,1106,125,1,0
froth,froth.txt,2309,1,6,3.565613,8233,1,1,61,1002,1124,118,3,0
grips,grips.txt,2309,2,6,3.565613,8233,0,0,60,1002,1131,113,3,0
haldi,haldi.txt,2309,2,6,3.565613,8233,0,0,56,1021,1103,128,1,0
hipes,hipes.txt,2309,2,6,3.565613,8233,0,0,58,1019,1105,122,5,0
leres,leres.txt,2309,2,6,3.565613,8233,0,0,57,1023,1099,126,4,0
malus,malus.txt,2309,2,6,3.565613,8233,0,0,59,1007,1123,118,2,0
milds,milds.txt,2309,2,6,3.565613,8233,0,0,57,1000,1143,107,2,0
octad,octad.txt,2309,2,6,3.565613,8233,0,0,64,988,1148,105,4,0
ruban,ruban.txt,2309,2,6,3.565613,8233,0,0,68,985,1140,114,2,0
sorbi,sorbi.txt,2309,2,6,3.565613,8233,0,0,49,1035,1097,126,2,0
thaim,thaim.txt,2309,2,6,3.565613,8233,0,0,74,1001,1091,140,3,0
twaes,twaes.txt,2309,2,6,3.565613,8233,0,0,66,992,1134,113,4,0
velar,velar.txt,2309,2,6,3.565613,8233,0,0,81,977,1116,134,1,0
volet,volet.txt,2309,2,6,3.565613,8233,0,0,69,1000,1107,131,2,0
waled,waled.txt,2309,2,6,3.565613,8233,0,0,71,974,1152,111,1,0
amber,amber.txt,2309,1,6,3.566046,8234,1,1,68,993,1118,128,1,0
blaud,blaud.txt,2309,2,6,3.566046,8234,0,0,73,990,1114,130,2,0
carks,carks.txt,2309,2,6,3.566046,8234,0,0,59,1014,1110,122,4,0
dobla,dobla.txt,2309,2,6,3.566046,8234,0,0,73,989,1120,121,6,0
dolee,dolee.txt,2309,2,6,3.566046,8234,0,0,50,1041,1083,131,4,0
ghest,ghest.txt,2309,2,6,3.566046,8234,0,0,63,1027,1074,139,6,0
grisy,grisy.txt,2309,2,6,3.566046,8234,0,0,57,1024,1094,132,2,0
harms,harms.txt,2309,2,6,3.566046,8234,0,0,59,1009,1120,117,4,0
heaty,heaty.txt,2309,2,6,3.566046,8234,0,0,65,1003,1115,121,5,0
ither,ither.txt,2309,2,6,3.566046,8234,0,0,54,1034,1084,134,3,0
lered,lered.txt,2309,2,6,3.566046,8234,0,0,60,1029,1077,139,4,0
locus,locus.txt,2309,1,6,3.566046,8234,1,1,57,1003,1132,114,2,0
peter,peter.txt,2309,2,6,3.566046,8234,0,0,68,1000,1111,126,4,0
potch,potch.txt,2309,2,6,3.566046,8234,0,0,54,1024,1105,122,4,0
pridy,pridy.txt,2309,2,6,3.566046,8234,0,0,61,1004,1123,118,3,0
rawin,rawin.txt,2309,2,6,3.566046,8234,0,0,54,1020,1112,120,3,0
roost,roost.txt,2309,1,6,3.566046,8234,1,1,60,1013,1106,124,5,0
solve,solve.txt,2309,1,6,3.566046,8234,1,1,56,1018,1108,121,5,0
synod,synod.txt,2309,1,6,3.566046,8234,1,1,54,1018,1115,115,6,0
tasar,tasar.txt,2309,2,6,3.566046,8234,0,0,51,1007,1146,103,2,0
tawed,tawed.txt,2309,2,6,3.566046,8234,0,0,72,976,1144,116,1,0
upled,upled.txt,2309,2,6,3.566046,8234,0,0,69,989,1128,121,2,0
weird,weird.txt,2309,1,6,3.566046,8234,1,1,68,1005,1096,136,3,0
wiles,wiles.txt,2309,2,6,3.566046,8234,0,0,62,1008,1110,128,1,0
batch,batch.txt,2309,1,6,3.566479,8235,1,1,56,992,1156,102,2,0
bison,bison.txt,2309,1,6,3.566479,8235,1,1,62,1003,1118,121,4,0
calle,calle.txt,2309,2,6,3.566479,8235,0,0,54,1024,1102,127,2,0
caups,caups.txt,2309,2,6,3.566479,8235,0,0,63,999,1127,116,4,0
compt,compt.txt,2309,2,6,3.566479,8235,0,0,58,1001,1135,114,1,0
debur,debur.txt,2309,2,6,3.566479,8235,0,0,65,996,1126,119,3,0
detag,detag.txt,2309,2,6,3.566479,8235,0,0,54,1013,1123,118,1,0
drusy,drusy.txt,2309,2,6,3.566479,8235,0,0,58,1010,1120,117,4,0
festa,festa.txt,2309,2,6,3.566479,8235,0,0,72,967,1165,100,5,0
glops,glops.txt,2309,2,6,3.566479,8235,0,0,52,1004,1148,103,2,0
gnash,gnash.txt,2309,1,6,3.566479,8235,1,1,44,1031,1113,119,1,0
guard,guard.txt,2309,1,6,3.566479,8235,1,1,57,1018,1101,130,2,0
herma,herma.txt,2309,2,6,3.566479,8235,0,0,71,998,1107,127,6,0
iotas,iotas.txt,2309,2,6,3.566479,8235,0,0,56,1030,1089,127,7,0
padis,padis.txt,2309,2,6,3.566479,8235,0,0,61,1004,1122,119,3,0
pedos,pedos.txt,2309,2,6,3.566479,8235,0,0,51,1001,1158,96,3,0
prems,prems.txt,2309,2,6,3.566479,8235,0,0,57,1006,1131,111,4,0
ranks,ranks.txt,2309,2,6,3.566479,8235,0,0,47,1015,1141,104,2,0
ravel,ravel.txt,2309,2,6,3.566479,8235,0,0,67,999,1115,124,4,0
reaks,reaks.txt,2309,2,6,3.566479,8235,0,0,53,1017,1119,118,2,0
rewin,rewin.txt,2309,2,6,3.566479,8235,0,0,61,1008,1115,121,4,0
rubes,rubes.txt,2309,2,6,3.566479,8235,0,0,71,981,1137,118,2,0
savor,savor.txt,2309,1,6,3.566479,8235,1,1,64,1004,1110,126,4,0
stirk,stirk.txt,2309,2,6,3.566479,8235,0,0,57,1019,1104,126,3,0
tacho,tacho.txt,2309,2,6,3.566479,8235,0,0,60,1004,1125,117,3,0
theic,theic.txt,2309,2,6,3.566479,8235,0,0,62,1006,1113,127,1,0
token,token.txt,2309,1,6,3.566479,8235,1,1,54,1014,1117,122,1,0
tsadi,tsadi.txt,2309,2,6,3.566479,8235,0,0,61,1008,1115,121,4,0
unmet,unmet.txt,2309,1,6,3.566479,8235,1,1,65,992,1131,116,4,0
urged,urged.txt,2309,2,6,3.566479,8235,0,0,60,1015,1104,126,4,0
volte,volte.txt,2309,2,6,3.566479,8235,0,0,70,979,1146,110,4,0
yelts,yelts.txt,2309,2,6,3.566479,8235,0,0,55,1005,1140,104,5,0
coyed,coyed.txt,2309,2,6,3.566912,8236,0,0,55,1005,1136,111,2,0
cuish,cuish.txt,2309,2,6,3.566912,8236,0,0,58,1024,1093,128,6,0
dangs,dangs.txt,2309,2,6,3.566912,8236,0,0,59,1011,1114,121,4,0
decry,decry.txt,2309,1,6,3.566912,8236,1,1,67,1001,1107,128,5,0
dolma,dolma.txt,2309,2,6,3.566912,8236,0,0,69,996,1113,128,3,0
dorms,dorms.txt,2309,2,6,3.566912,8236,0,0,47,1030,1111,118,3,0
dryas,dryas.txt,2309,2,6,3.566912,8236,0,0,53,1018,1120,112,6,0
eaten,eaten.txt,2309,1,6,3.566912,8236,1,1,64,1004,1109,127,4,0
eusol,eusol.txt,2309,2,6,3.566912,8236,0,0,53,1034,1084,136,2,0
flout,flout.txt,2309,1,6,3.566912,8236,1,1,71,979,1138,116,4,0
forme,forme.txt,2309,2,6,3.566912,8236,0,0,55,1024,1104,118,8,0
forth,forth.txt,2309,1,6,3.566912,8236,1,1,67,997,1113,128,3,0
gapes,gapes.txt,2309,2,6,3.566912,8236,0,0,58,1023,1095,127,6,0
gonad,gonad.txt,2309,1,6,3.566912,8236,1,1,70,999,1100,136,3,0
hoped,hoped.txt,2309,2,6,3.566912,8236,0,0,60,1003,1124,121,1,0
lordy,lordy.txt,2309,2,6,3.566912,8236,0,0,67,996,1120,122,4,0
lousy,lousy.txt,2309,1,6,3.566912,8236,1,1,54,1022,1106,119,7,0
lucid,lucid.txt,2309,1,6,3.566912,8236,1,1,61,1004,1116,125,2,0
magot,magot.txt,2309,2,6,3.566912,8236,0,0,73,989,1113,133,1,0
merle,merle.txt,2309,2,6,3.566912,8236,0,0,63,1013,1098,131,4,0
mirah,mirah.txt,2309,2,6,3.566912,8236,0,0,62,1020,1089,132,6,0
mohar,mohar.txt,2309,2,6,3.566912,8236,0,0,69,994,1119,122,5,0
narre,narre.txt,2309,2,6,3.566912,8236,0,0,50,1031,1099,127,2,0
parve,parve.txt,2309,2,6,3.566912,8236,0,0,72,992,1113,128,4,0
pawer,pawer.txt,2309,2,6,3.566912,8236,0,0,55,1012,1125,112,5,0
roups,roups.txt,2309,2,6,3.566912,8236,0,0,61,1003,1122,121,2,0
rudas,rudas.txt,2309,2,6,3.566912,8236,0,0,63,994,1134,116,2,0
rugal,rugal.txt,2309,2,6,3.566912,8236,0,0,76,979,1125,127,2,0
sperm,sperm.txt,2309,1,6,3.566912,8236,1,1,64,1000,1116,125,3,0
touch,touch.txt,2309,1,6,3.566912,8236,1,1,66,1005,1101,132,4,0
unode,unode.txt,2309,2,6,3.566912,8236,0,0,60,1015,1103,127,4,0
waits,waits.txt,2309,2,6,3.566912,8236,0,0,60,988,1154,106,1,0
whale,whale.txt,2309,1,6,3.566912,8236,1,1,60,1011,1106,128,3,0
wider,wider.txt,2309,1,6,3.566912,8236,1,1,65,1005,1103,132,3,0
arums,arums.txt,2309,2,6,3.567345,8237,0,0,58,1005,1127,116,3,0
bards,bards.txt,2309,2,6,3.567345,8237,0,0,65,989,1137,116,2,0
beach,beach.txt,2309,1,6,3.567345,8237,1,1,60,1021,1087,135,5,0
clink,clink.txt,2309,1,6,3.567345,8237,1,1,64,989,1135,119,1,0
clown,clown.txt,2309,1,6,3.567345,8237,1,1,52,1013,1123,119,1,0
fatso,fatso.txt,2309,2,6,3.567345,8237,0,0,65,984,1146,113,1,0
grume,grume.txt,2309,2,6,3.567345,8237,0,0,65,1007,1101,134,2,0
grund,grund.txt,2309,2,6,3.567345,8237,0,0,74,988,1115,127,5,0
guars,guars.txt,2309,2,6,3.567345,8237,0,0,61,997,1133,116,2,0
krans,krans.txt,2309,2,6,3.567345,8237,0,0,46,1034,1106,119,4,0
kraut,kraut.txt,2309,2,6,3.567345,8237,0,0,52,1031,1097,122,7,0
lubed,lubed.txt,2309,2,6,3.567345,8237,0,0,74,974,1140,119,2,0
noisy,noisy.txt,2309,1,6,3.567345,8237,1,1,56,1025,1091,131,5,0
pelog,pelog.txt,2309,2,6,3.567345,8237,0,0,51,1009,1138,110,1,0
pheon,pheon.txt,2309,2,6,3.567345,8237,0,0,65,1005,1107,128,4,0
phots,phots.txt,2309,2,6,3.567345,8237,0,0,61,1021,1088,134,5,0
pieds,pieds.txt,2309,2,6,3.567345,8237,0,0,60,1010,1111,125,3,0
piety,piety.txt,2309,1,6,3.567345,8237,1,1,64,1005,1106,129,4,0
powlt,powlt.txt,2309,2,6,3.567345,8237,0,0,53,1018,1114,123,1,0
scopa,scopa.txt,2309,2,6,3.567345,8237,0,0,58,1002,1133,113,3,0
tenes,tenes.txt,2309,2,6,3.567345,8237,0,0,54,1017,1115,120,3,0
towie,towie.txt,2309,2,6,3.567345,8237,0,0,53,1029,1095,128,4,0
wiper,wiper.txt,2309,2,6,3.567345,8237,0,0,57,1005,1130,114,3,0
aloud,aloud.txt,2309,1,6,3.567778,8238,1,1,69,1006,1089,139,5,0
anker,anker.txt,2309,2,6,3.567778,8238,0,0,54,1018,1114,118,5,0
brief,brief.txt,2309,1,6,3.567778,8238,1,1,60,993,1141,110,4,0
cauri,cauri.txt,2309,2,6,3.567778,8238,0,0,53,1029,1096,125,6,0
chout,chout.txt,2309,2,6,3.567778,8238,0,0,72,992,1110,132,3,0
dawen,dawen.txt,2309,2,6,3.567778,8238,0,0,62,999,1124,123,1,0
dense,dense.txt,2309,1,6,3.567778,8238,1,1,55,1006,1129,115,3,0
dente,dente.txt,2309,2,6,3.567778,8238,0,0,61,1006,1116,122,4,0
dower,dower.txt,2309,2,6,3.567778,8238,0,0,70,980,1139,118,2,0
dregs,dregs.txt,2309,2,6,3.567778,8238,0,0,50,1020,1121,114,4,0
fouet,fouet.txt,2309,2,6,3.567778,8238,0,0,64,999,1118,127,1,0
gluon,gluon.txt,2309,2,6,3.567778,8238,0,0,60,1021,1091,131,6,0
grids,grids.txt,2309,2,6,3.567778,8238,0,0,52,1024,1106,124,3,0
lamps,lamps.txt,2309,2,6,3.567778,8238,0,0,56,1012,1120,116,5,0
leuds,leuds.txt,2309,2,6,3.567778,8238,0,0,56,1014,1117,116,6,0
mahoe,mahoe.txt,2309,2,6,3.567778,8238,0,0,53,1016,1121,114,5,0
moany,moany.txt,2309,2,6,3.567778,8238,0,0,64,1004,1111,126,4,0
nairu,nairu.txt,2309,2,6,3.567778,8238,0,0,45,1037,1100,125,2,0
naker,naker.txt,2309,2,6,3.567778,8238,0,0,47,1037,1097,123,5,0
omnes,omnes.txt,2309,2,6,3.567778,8238,0,0,58,993,1149,107,2,0
orfes,orfes.txt,2309,2,6,3.567778,8238,0,0,56,995,1153,101,4,0
pesty,pesty.txt,2309,2,6,3.567778,8238,0,0,67,975,1159,105,3,0
phons,phons.txt,2309,2,6,3.567778,8238,0,0,63,999,1121,125,1,0
plene,plene.txt,2309,2,6,3.567778,8238,0,0,65,1005,1105,131,3,0
poesy,poesy.txt,2309,1,6,3.567778,8238,1,1,67,1009,1088,140,4,0
posey,posey.txt,2309,2,6,3.567778,8238,0,0,62,1001,1123,119,4,0
preen,preen.txt,2309,1,6,3.567778,8238,1,1,58,1028,1079,137,6,0
rakes,rakes.txt,2309,2,6,3.567778,8238,0,0,44,1025,1126,113,1,0
scrag,scrag.txt,2309,2,6,3.567778,8238,0,0,44,1016,1144,104,1,0
spang,spang.txt,2309,2,6,3.567778,8238,0,0,53,1023,1106,123,4,0
trier,trier.txt,2309,2,6,3.567778,8238,0,0,54,1022,1103,128,2,0
trump,trump.txt,2309,1,6,3.567778,8238,1,1,70,982,1131,123,2,0
twins,twins.txt,2309,2,6,3.567778,8238,0,0,56,996,1148,108,1,0
venal,venal.txt,2309,2,6,3.567778,8238,0,0,73,989,1114,129,4,0
whare,whare.txt,2309,2,6,3.567778,8238,0,0,73,995,1099,141,1,0
aulos,aulos.txt,2309,2,6,3.568211,8239,0,0,58,1017,1101,130,3,0
basti,basti.txt,2309,2,6,3.568211,8239,0,0,58,999,1136,114,2,0
bitos,bitos.txt,2309,2,6,3.568211,8239,0,0,62,1008,1106,131,2,0
broch,broch.txt,2309,2,6,3.568211,8239,0,0,59,1016,1102,127,5,0
chaps,chaps.txt,2309,2,6,3.568211,8239,0,0,64,1004,1108,131,2,0
chirm,chirm.txt,2309,2,6,3.568211,8239,0,0,68,1004,1097,137,3,0
creep,creep.txt,2309,1,6,3.568211,8239,1,1,59,1006,1116,124,3,0
cutey,cutey.txt,2309,2,6,3.568211,8239,0,0,61,1024,1076,147,1,0
donee,donee.txt,2309,2,6,3.568211,8239,0,0,58,1010,1113,127,1,0
eidos,eidos.txt,2309,2,6,3.568211,8239,0,0,52,1021,1112,120,4,0
fecit,fecit.txt,2309,2,6,3.568211,8239,0,0,75,984,1118,127,5,0
filon,filon.txt,2309,2,6,3.568211,8239,0,0,59,1003,1128,114,5,0
genio,genio.txt,2309,2,6,3.568211,8239,0,0,67,1006,1097,135,4,0
gorsy,gorsy.txt,2309,2,6,3.568211,8239,0,0,59,1007,1119,120,4,0
hinge,hinge.txt,2309,1,6,3.568211,8239,1,1,55,1026,1089,134,4,0
hunts,hunts.txt,2309,2,6,3.568211,8239,0,0,58,1011,1115,120,5,0
manty,manty.txt,2309,2,6,3.568211,8239,0,0,66,996,1118,127,2,0
muras,muras.txt,2309,2,6,3.568211,8239,0,0,67,990,1129,119,4,0
nipas,nipas.txt,2309,2,6,3.568211,8239,0,0,54,1013,1122,116,4,0
nirly,nirly.txt,2309,2,6,3.568211,8239,0,0,58,1007,1121,120,3,0
pelus,pelus.txt,2309,2,6,3.568211,8239,0,0,66,994,1125,119,5,0
plush,plush.txt,2309,1,6,3.568211,8239,1,1,63,1023,1071,147,4,0
prima,prima.txt,2309,2,6,3.568211,8239,0,0,73,989,1112,132,3,0
reifs,reifs.txt,2309,2,6,3.568211,8239,0,0,67,986,1140,109,7,0
rowts,rowts.txt,2309,2,6,3.568211,8239,0,0,55,1002,1138,113,1,0
sawed,sawed.txt,2309,2,6,3.568211,8239,0,0,58,998,1139,111,3,0
sugan,sugan.txt,2309,2,6,3.568211,8239,0,0,73,992,1108,131,5,0
swain,swain.txt,2309,2,6,3.568211,8239,0,0,70,995,1114,122,8,0
balms,balms.txt,2309,2,6,3.568644,8240,0,0,59,1008,1116,122,4,0
balus,balus.txt,2309,2,6,3.568644,8240,0,0,58,1001,1130,119,1,0
blags,blags.txt,2309,2,6,3.568644,8240,0,0,56,1016,1108,126,3,0
camps,camps.txt,2309,2,6,3.568644,8240,0,0,58,990,1154,104,3,0
crore,crore.txt,2309,2,6,3.568644,8240,0,0,53,1028,1095,128,5,0
darbs,darbs.txt,2309,2,6,3.568644,8240,0,0,58,1002,1129,118,2,0
dopas,dopas.txt,2309,2,6,3.568644,8240,0,0,59,1008,1117,120,5,0
dwine,dwine.txt,2309,2,6,3.568644,8240,0,0,70,984,1130,122,3,0
edits,edits.txt,2309,2,6,3.568644,8240,0,0,64,997,1122,123,3,0
grams,grams.txt,2309,2,6,3.568644,8240,0,0,65,990,1132,120,2,0
grift,grift.txt,2309,2,6,3.568644,8240,0,0,62,994,1133,118,2,0
hands,hands.txt,2309,2,6,3.568644,8240,0,0,53,1004,1139,112,1,0
heaps,heaps.txt,2309,2,6,3.568644,8240,0,0,62,1012,1102,126,7,0
helio,helio.txt,2309,2,6,3.568644,8240,0,0,65,1019,1076,145,4,0
horny,horny.txt,2309,1,6,3.568644,8240,1,1,71,984,1125,123,5,0
karns,karns.txt,2309,2,6,3.568644,8240,0,0,49,1020,1122,114,4,0
loafs,loafs.txt,2309,2,6,3.568644,8240,0,0,66,991,1129,119,4,0
lysin,lysin.txt,2309,2,6,3.568644,8240,0,0,56,1010,1120,120,3,0
merse,merse.txt,2309,2,6,3.568644,8240,0,0,62,1014,1096,132,5,0
pardy,pardy.txt,2309,2,6,3.568644,8240,0,0,70,976,1145,116,2,0
pengo,pengo.txt,2309,2,6,3.568644,8240,0,0,55,1005,1132,115,2,0
pound,pound.txt,2309,1,6,3.568644,8240,1,1,59,1003,1122,120,4,0
predy,predy.txt,2309,2,6,3.568644,8240,0,0,66,988,1135,116,4,0
punas,punas.txt,2309,2,6,3.568644,8240,0,0,57,1013,1116,115,8,0
pyats,pyats.txt,2309,2,6,3.568644,8240,0,0,56,996,1149,104,4,0
scrog,scrog.txt,2309,2,6,3.568644,8240,0,0,43,1018,1144,100,4,0
sleep,sleep.txt,2309,1,6,3.568644,8240,1,1,66,992,1123,123,4,0
snive,snive.txt,2309,2,6,3.568644,8240,0,0,67,1014,1080,144,4,0
spado,spado.txt,2309,2,6,3.568644,8240,0,0,54,1012,1124,114,5,0
straw,straw.txt,2309,1,6,3.568644,8240,1,1,55,1012,1118,117,6,0
symar,symar.txt,2309,2,6,3.568644,8240,0,0,57,1001,1135,113,3,0
weans,weans.txt,2309,2,6,3.568644,8240,0,0,65,999,1116,125,4,0
yager,yager.txt,2309,2,6,3.568644,8240,0,0,57,999,1138,113,2,0
admit,admit.txt,2309,1,6,3.569078,8241,1,1,65,995,1118,127,3,0
alums,alums.txt,2309,2,6,3.569078,8241,0,0,60,1001,1125,120,3,0
bands,bands.txt,2309,2,6,3.569078,8241,0,0,59,993,1143,112,2,0
barps,barps.txt,2309,2,6,3.569078,8241,0,0,54,995,1155,102,3,0
bides,bides.txt,2309,2,6,3.569078,8241,0,0,65,984,1143,115,2,0
cowal,cowal.txt,2309,2,6,3.569078,8241,0,0,61,997,1130,118,3,0
craws,craws.txt,2309,2,6,3.569078,8241,0,0,52,1006,1140,107,4,0
dorba,dorba.txt,2309,2,6,3.569078,8241,0,0,65,988,1135,119,2,0
eater,eater.txt,2309,1,6,3.569078,8241,1,1,65,1003,1102,135,3,0
epics,epics.txt,2309,2,6,3.569078,8241,0,0,64,1015,1085,142,3,0
faros,faros.txt,2309,2,6,3.569078,8241,0,0,73,980,1130,121,5,0
fetas,fetas.txt,2309,2,6,3.569078,8241,0,0,60,979,1171,94,5,0
frosh,frosh.txt,2309,2,6,3.569078,8241,0,0,51,1007,1139,110,2,0
geoid,geoid.txt,2309,2,6,3.569078,8241,0,0,60,1010,1110,123,6,0
guans,guans.txt,2309,2,6,3.569078,8241,0,0,63,1022,1078,139,7,0
horsy,horsy.txt,2309,2,6,3.569078,8241,0,0,65,1014,1088,135,7,0
idols,idols.txt,2309,2,6,3.569078,8241,0,0,55,1019,1104,128,3,0
nicht,nicht.txt,2309,2,6,3.569078,8241,0,0,53,1034,1081,137,4,0
peise,peise.txt,2309,2,6,3.569078,8241,0,0,58,1013,1108,126,4,0
pisco,pisco.txt,2309,2,6,3.569078,8241,0,0,60,996,1137,111,5,0
plowt,plowt.txt,2309,2,6,3.569078,8241,0,0,50,1015,1125,118,1,0
roven,roven.txt,2309,2,6,3.569078,8241,0,0,68,999,1105,134,3,0
rueda,rueda.txt,2309,2,6,3.569078,8241,0,0,57,1011,1115,122,4,0
shift,shift.txt,2309,1,6,3.569078,8241,1,1,69,986,1122,130,1,0
skoal,skoal.txt,2309,2,6,3.569078,8241,0,0,45,1044,1086,129,5,0
unget,unget.txt,2309,2,6,3.569078,8241,0,0,70,981,1134,122,2,0
wiled,wiled.txt,2309,2,6,3.569078,8241,0,0,70,978,1142,115,4,0
aboil,aboil.txt,2309,2,6,3.569511,8242,0,0,58,1025,1084,137,5,0
agros,agros.txt,2309,2,6,3.569511,8242,0,0,57,1015,1105,129,3,0
autos,autos.txt,2309,2,6,3.569511,8242,0,0,61,1017,1092,133,6,0
bices,bices.txt,2309,2,5,3.569511,8242,0,0,62,982,1153,112,0,0
burin,burin.txt,2309,2,6,3.569511,8242,0,0,73,988,1112,132,4,0
corgi,corgi.txt,2309,2,6,3.569511,8242,0,0,45,1023,1123,117,1,0
cyton,cyton.txt,2309,2,6,3.569511,8242,0,0,62,995,1131,117,4,0
derpy,derpy.txt,2309,2,6,3.569511,8242,0,0,72,971,1146,119,1,0
entre,entre.txt,2309,2,6,3.569511,8242,0,0,72,985,1121,127,4,0
erbia,erbia.txt,2309,2,6,3.569511,8242,0,0,69,998,1107,128,7,0
ethal,ethal.txt,2309,2,6,3.569511,8242,0,0,58,1015,1102,131,3,0
fines,fines.txt,2309,2,6,3.569511,8242,0,0,66,991,1127,121,4,0
flocs,flocs.txt,2309,2,6,3.569511,8242,0,0,57,988,1158,104,2,0
gobar,gobar.txt,2309,2,6,3.569511,8242,0,0,69,980,1138,120,2,0
golds,golds.txt,2309,2,6,3.569511,8242,0,0,54,1002,1140,110,3,0
gryce,gryce.txt,2309,2,6,3.569511,8242,0,0,44,1030,1114,118,3,0
hamed,hamed.txt,2309,2,6,3.569511,8242,0,0,58,999,1132,119,1,0
huers,huers.txt,2309,2,6,3.569511,8242,0,0,59,1034,1064,146,6,0
hulas,hulas.txt,2309,2,6,3.569511,8242,0,0,54,1030,1087,132,6,0
libra,libra.txt,2309,2,6,3.569511,8242,0,0,72,978,1133,124,2,0
limey,limey.txt,2309,2,6,3.569511,8242,0,0,62,994,1132,118,3,0
mercy,mercy.txt,2309,1,6,3.569511,8242,1,1,63,1002,1110,129,4,0
nerdy,nerdy.txt,2309,1,6,3.569511,8242,1,1,63,988,1139,113,5,0
perdy,perdy.txt,2309,2,6,3.569511,8242,0,0,71,971,1149,117,1,0
phota,phota.txt,2309,2,6,3.569511,8242,0,0,63,1024,1071,146,5,0
pinch,pinch.txt,2309,1,6,3.569511,8242,1,1,60,1009,1105,130,4,0
preak,preak.txt,2309,2,6,3.569511,8242,0,0,68,1010,1084,142,5,0
putid,putid.txt,2309,2,6,3.569511,8242,0,0,74,984,1117,130,4,0
rindy,rindy.txt,2309,2,6,3.569511,8242,0,0,65,986,1139,116,3,0
riven,riven.txt,2309,2,6,3.569511,8242,0,0,74,995,1093,145,2,0
runch,runch.txt,2309,2,6,3.569511,8242,0,0,61,995,1132,119,2,0
sayid,sayid.txt,2309,2,6,3.569511,8242,0,0,49,1018,1124,114,4,0
scaup,scaup.txt,2309,2,6,3.569511,8242,0,0,62,988,1146,108,5,0
sloka,sloka.txt,2309,2,6,3.569511,8242,0,0,65,1003,1107,129,5,0
sythe,sythe.txt,2309,2,6,3.569511,8242,0,0,48,1018,1126,114,3,0
tryma,tryma.txt,2309,2,6,3.569511,8242,0,0,55,1003,1135,113,3,0
tryps,tryps.txt,2309,2,6,3.569511,8242,0,0,60,989,1146,113,1,0
wairs,wairs.txt,2309,2,6,3.569511,8242,0,0,60,1006,1114,126,3,0
wilts,wilts.txt,2309,2,6,3.569511,8242,0,0,58,986,1159,104,2,0
abets,abets.txt,2309,2,6,3.569944,8243,0,0,50,1016,1125,113,5,0
bagie,bagie.txt,2309,2,6,3.569944,8243,0,0,75,978,1126,125,5,0
begat,begat.txt,2309,1,6,3.569944,8243,1,1,68,978,1144,112,6,0
deter,deter.txt,2309,1,6,3.569944,8243,1,1,65,1000,1109,128,6,0
dobes,dobes.txt,2309,2,6,3.569944,8243,0,0,52,1009,1129,118,1,0
drown,drown.txt,2309,1,6,3.569944,8243,1,1,74,975,1128,129,2,0
flics,flics.txt,2309,2,6,3.569944,8243,0,0,61,994,1133,119,2,0
graph,graph.txt,2309,1,6,3.569944,8243,1,1,53,1013,1116,123,3,0
gurns,gurns.txt,2309,2,5,3.569944,8243,0,0,61,1001,1117,130,0,0
hairy,hairy.txt,2309,1,6,3.569944,8243,1,1,66,1008,1087,144,3,0
holds,holds.txt,2309,2,6,3.569944,8243,0,0,57,1002,1130,117,3,0
ladee,ladee.txt,2309,2,6,3.569944,8243,0,0,56,1005,1127,118,3,0
mayor,mayor.txt,2309,1,6,3.569944,8243,1,1,74,984,1110,138,2,0
metic,metic.txt,2309,2,6,3.569944,8243,0,0,66,984,1139,117,3,0
myals,myals.txt,2309,2,6,3.569944,8243,0,0,56,999,1140,110,4,0
nempt,nempt.txt,2309,2,6,3.569944,8243,0,0,52,997,1154,104,2,0
noahs,noahs.txt,2309,2,6,3.569944,8243,0,0,48,1026,1108,125,2,0
octas,octas.txt,2309,2,6,3.569944,8243,0,0,60,997,1135,110,7,0
perae,perae.txt,2309,2,6,3.569944,8243,0,0,66,1006,1097,135,5,0
rythe,rythe.txt,2309,2,6,3.569944,8243,0,0,53,1004,1136,115,1,0
shakt,shakt.txt,2309,2,6,3.569944,8243,0,0,58,1015,1101,132,3,0
siver,siver.txt,2309,2,6,3.569944,8243,0,0,67,1001,1100,140,1,0
skran,skran.txt,2309,2,6,3.569944,8243,0,0,47,1028,1109,121,4,0
sweir,sweir.txt,2309,2,6,3.569944,8243,0,0,68,994,1113,131,3,0
tangy,tangy.txt,2309,1,6,3.569944,8243,1,1,60,992,1137,116,3,0
tepoy,tepoy.txt,2309,2,6,3.569944,8243,0,0,69,969,1162,104,5,0
today,today.txt,2309,1,6,3.569944,8243,1,1,59,1009,1106,131,3,0
towns,towns.txt,2309,2,6,3.569944,8243,0,0,55,1008,1122,123,1,0
trayf,trayf.txt,2309,2,6,3.569944,8243,0,0,47,1000,1165,93,4,0
upran,upran.txt,2309,2,6,3.569944,8243,0,0,62,989,1141,114,3,0
utero,utero.txt,2309,2,6,3.569944,8243,0,0,60,1020,1088,135,6,0
valor,valor.txt,2309,1,6,3.569944,8243,1,1,77,965,1138,127,1,0
vares,vares.txt,2309,2,6,3.569944,8243,0,0,66,985,1139,114,5,0
viner,viner.txt,2309,2,6,3.569944,8243,0,0,71,996,1099,141,2,0
weirs,weirs.txt,2309,2,6,3.569944,8243,0,0,68,998,1104,137,2,0
wires,wires.txt,2309,2,6,3.569944,8243,0,0,65,997,1115,130,2,0
coady,coady.txt,2309,2,6,3.570377,8244,0,0,59,996,1134,118,2,0
curly,curly.txt,2309,1,6,3.570377,8244,1,1,58,1007,1114,124,5,0
dowel,dowel.txt,2309,1,6,3.570377,8244,1,1,69,979,1134,124,2,0
emacs,emacs.txt,2309,2,6,3.570377,8244,0,0,64,996,1121,124,4,0
fiord,fiord.txt,2309,2,6,3.570377,8244,0,0,67,999,1107,131,5,0
grapy,grapy.txt,2309,2,6,3.570377,8244,0,0,58,988,1155,104,4,0
guild,guild.txt,2309,1,6,3.570377,8244,1,1,72,979,1127,126,4,0
hawse,hawse.txt,2309,2,6,3.570377,8244,0,0,58,1014,1103,130,4,0
heids,heids.txt,2309,2,6,3.570377,8244,0,0,61,1013,1098,131,6,0
hends,hends.txt,2309,2,6,3.570377,8244,0,0,65,982,1145,114,3,0
homie,homie.txt,2309,2,6,3.570377,8244,0,0,58,1010,1110,128,3,0
honds,honds.txt,2309,2,6,3.570377,8244,0,0,59,988,1149,112,1,0
laiks,laiks.txt,2309,2,6,3.570377,8244,0,0,53,1003,1140,109,4,0
latte,latte.txt,2309,1,6,3.570377,8244,1,1,63,991,1129,122,3,0
litho,litho.txt,2309,2,6,3.570377,8244,0,0,60,1005,1116,123,5,0
meare,meare.txt,2309,2,6,3.570377,8244,0,0,65,1007,1096,137,4,0
mitey,mitey.txt,2309,2,6,3.570377,8244,0,0,69,989,1121,125,5,0
moped,moped.txt,2309,2,6,3.570377,8244,0,0,53,1001,1142,111,2,0
onely,onely.txt,2309,2,6,3.570377,8244,0,0,61,1005,1114,123,6,0
outie,outie.txt,2309,2,6,3.570377,8244,0,0,61,1028,1065,152,3,0
peine,peine.txt,2309,2,6,3.570377,8244,0,0,60,1008,1110,126,5,0
pinds,pinds.txt,2309,2,6,3.570377,8244,0,0,55,995,1148,109,2,0
runty,runty.txt,2309,2,6,3.570377,8244,0,0,64,1001,1112,127,5,0
sdayn,sdayn.txt,2309,2,6,3.570377,8244,0,0,49,1002,1153,102,3,0
skald,skald.txt,2309,2,6,3.570377,8244,0,0,49,1014,1129,114,3,0
takes,takes.txt,2309,2,6,3.570377,8244,0,0,39,1032,1124,110,4,0
treck,treck.txt,2309,2,6,3.570377,8244,0,0,63,1014,1085,146,1,0
uredo,uredo.txt,2309,2,6,3.570377,8244,0,0,53,1030,1089,130,7,0
wiser,wiser.txt,2309,1,6,3.570377,8244,1,1,65,1001,1102,138,2,0
acmes,acmes.txt,2309,2,6,3.57081,8245,0,0,55,993,1152,106,3,0
bodes,bodes.txt,2309,2,6,3.57081,8245,0,0,57,996,1138,117,1,0
brume,brume.txt,2309,2,6,3.57081,8245,0,0,66,993,1121,124,5,0
buats,buats.txt,2309,2,6,3.57081,8245,0,0,67,973,1159,104,6,0
chams,chams.txt,2309,2,6,3.57081,8245,0,0,69,989,1117,132,2,0
cheap,cheap.txt,2309,1,6,3.57081,8245,1,1,69,993,1106,137,3,0
curio,curio.txt,2309,1,6,3.57081,8245,1,1,57,1023,1083,141,4,0
doura,doura.txt,2309,2,6,3.57081,8245,0,0,65,1011,1086,144,3,0
erect,erect.txt,2309,1,6,3.57081,8245,1,1,70,995,1100,139,4,0
hours,hours.txt,2309,2,6,3.57081,8245,0,0,63,1012,1091,139,4,0
larfs,larfs.txt,2309,2,6,3.57081,8245,0,0,61,980,1160,105,3,0
micra,micra.txt,2309,2,6,3.57081,8245,0,0,78,976,1120,129,6,0
milch,milch.txt,2309,2,6,3.57081,8245,0,0,58,997,1133,120,1,0
pangs,pangs.txt,2309,2,6,3.57081,8245,0,0,48,1021,1118,118,4,0
shiny,shiny.txt,2309,1,6,3.57081,8245,1,1,55,1028,1081,138,6,0
teers,teers.txt,2309,2,6,3.57081,8245,0,0,59,1015,1098,132,5,0
treks,treks.txt,2309,2,6,3.57081,8245,0,0,57,1001,1132,114,5,0
wonts,wonts.txt,2309,2,6,3.57081,8245,0,0,58,1000,1128,121,2,0
bitey,bitey.txt,2309,2,6,3.571243,8246,0,0,66,982,1138,122,1,0
daker,daker.txt,2309,2,6,3.571243,8246,0,0,47,1018,1124,118,2,0
dowse,dowse.txt,2309,2,6,3.571243,8246,0,0,58,988,1151,110,2,0
easel,easel.txt,2309,1,6,3.571243,8246,1,1,53,1013,1113,126,3,0
emirs,emirs.txt,2309,2,6,3.571243,8246,0,0,70,1007,1078,151,3,0
field,field.txt,2309,1,6,3.571243,8246,1,1,63,972,1165,105,3,0
holey,holey.txt,2309,2,6,3.571243,8246,0,0,63,999,1113,133,1,0
honda,honda.txt,2309,2,6,3.571243,8246,0,0,58,1032,1067,146,6,0
koran,koran.txt,2309,2,6,3.571243,8246,0,0,55,1008,1121,122,3,0
lieus,lieus.txt,2309,2,6,3.571243,8246,0,0,54,1028,1086,136,5,0
lyted,lyted.txt,2309,2,6,3.571243,8246,0,0,55,995,1145,113,1,0
madge,madge.txt,2309,2,6,3.571243,8246,0,0,63,985,1143,115,3,0
money,money.txt,2309,1,6,3.571243,8246,1,1,72,978,1126,129,3,0
onlay,onlay.txt,2309,2,6,3.571243,8246,0,0,58,1019,1092,135,5,0
peace,peace.txt,2309,1,6,3.571243,8246,1,1,64,996,1118,123,7,0
puces,puces.txt,2309,2,6,3.571243,8246,0,0,64,990,1129,124,2,0
pursy,pursy.txt,2309,2,6,3.571243,8246,0,0,73,988,1110,132,6,0
seder,seder.txt,2309,2,6,3.571243,8246,0,0,64,986,1140,114,5,0
stink,stink.txt,2309,1,6,3.571243,8246,1,1,60,989,1138,120,1,0
threw,threw.txt,2309,1,6,3.571243,8246,1,1,69,987,1118,130,4,0
tubes,tubes.txt,2309,2,6,3.571243,8246,0,0,69,979,1142,111,8,0
weros,weros.txt,2309,2,6,3.571243,8246,0,0,66,989,1127,123,4,0
adobe,adobe.txt,2309,1,5,3.571676,8247,1,1,61,980,1151,116,0,0
aitus,aitus.txt,2309,2,6,3.571676,8247,0,0,59,1003,1120,122,5,0
atoms,atoms.txt,2309,2,6,3.571676,8247,0,0,55,1013,1111,126,4,0
avert,avert.txt,2309,1,6,3.571676,8247,1,1,57,1008,1110,130,3,0
belay,belay.txt,2309,2,6,3.571676,8247,0,0,76,961,1150,120,2,0
blips,blips.txt,2309,2,6,3.571676,8247,0,0,55,1007,1121,124,2,0
combe,combe.txt,2309,2,6,3.571676,8247,0,0,57,1004,1121,125,2,0
genic,genic.txt,2309,2,6,3.571676,8247,0,0,58,1002,1122,125,2,0
germs,germs.txt,2309,2,6,3.571676,8247,0,0,55,1012,1115,121,6,0
gluts,gluts.txt,2309,2,6,3.571676,8247,0,0,55,1004,1128,119,3,0
golps,golps.txt,2309,2,6,3.571676,8247,0,0,55,991,1152,110,1,0
hoary,hoary.txt,2309,2,6,3.571676,8247,0,0,70,993,1105,138,3,0
lanks,lanks.txt,2309,2,6,3.571676,8247,0,0,51,999,1150,106,3,0
lifes,lifes.txt,2309,2,6,3.571676,8247,0,0,64,982,1145,115,3,0
livre,livre.txt,2309,2,6,3.571676,8247,0,0,71,985,1118,132,3,0
lofts,lofts.txt,2309,2,6,3.571676,8247,0,0,61,969,1179,98,2,0
loury,loury.txt,2309,2,6,3.571676,8247,0,0,64,1010,1094,133,8,0
maneb,maneb.txt,2309,2,6,3.571676,8247,0,0,49,1024,1106,127,3,0
meids,meids.txt,2309,2,6,3.571676,8247,0,0,61,1001,1120,120,7,0
mudir,mudir.txt,2309,2,6,3.571676,8247,0,0,67,990,1121,127,4,0
oaths,oaths.txt,2309,2,6,3.571676,8247,0,0,50,1013,1124,120,2,0
putos,putos.txt,2309,2,6,3.571676,8247,0,0,63,988,1136,119,3,0
ramus,ramus.txt,2309,2,6,3.571676,8247,0,0,64,967,1175,100,3,0
repel,repel.txt,2309,1,6,3.571676,8247,1,1,65,997,1108,135,3,0
slurb,slurb.txt,2309,2,6,3.571676,8247,0,0,57,999,1130,122,1,0
suing,suing.txt,2309,1,6,3.571676,8247,1,1,56,1011,1110,125,6,0
toidy,toidy.txt,2309,2,6,3.571676,8247,0,0,53,1018,1105,131,2,0
ybore,ybore.txt,2309,2,6,3.571676,8247,0,0,49,1002,1150,105,3,0
alefs,alefs.txt,2309,2,6,3.572109,8248,0,0,59,1002,1119,126,3,0
augen,augen.txt,2309,2,6,3.572109,8248,0,0,74,983,1112,137,3,0
boaty,boaty.txt,2309,2,6,3.572109,8248,0,0,71,979,1128,129,2,0
calks,calks.txt,2309,2,6,3.572109,8248,0,0,52,1011,1121,123,2,0
curds,curds.txt,2309,2,6,3.572109,8248,0,0,58,1004,1117,128,2,0
duces,duces.txt,2309,2,6,3.572109,8248,0,0,60,987,1145,115,2,0
dunsh,dunsh.txt,2309,2,6,3.572109,8248,0,0,56,995,1140,117,1,0
fibre,fibre.txt,2309,2,6,3.572109,8248,0,0,61,989,1142,111,6,0
fiers,fiers.txt,2309,2,6,3.572109,8248,0,0,69,987,1125,119,9,0
fined,fined.txt,2309,2,6,3.572109,8248,0,0,68,984,1127,128,2,0
flirs,flirs.txt,2309,2,6,3.572109,8248,0,0,70,979,1133,123,4,0
ganch,ganch.txt,2309,2,6,3.572109,8248,0,0,50,1029,1091,137,2,0
greps,greps.txt,2309,2,6,3.572109,8248,0,0,60,994,1131,122,2,0
henry,henry.txt,2309,2,6,3.572109,8248,0,0,63,1021,1070,151,4,0
luges,luges.txt,2309,2,6,3.572109,8248,0,0,64,996,1116,130,3,0
lurch,lurch.txt,2309,1,6,3.572109,8248,1,1,63,995,1118,128,4,0
melch,melch.txt,2309,2,6,3.572109,8248,0,0,56,1011,1109,131,2,0
meynt,meynt.txt,2309,2,6,3.572109,8248,0,0,61,999,1118,129,2,0
molds,molds.txt,2309,2,6,3.572109,8248,0,0,55,1003,1128,121,2,0
murls,murls.txt,2309,2,6,3.572109,8248,0,0,66,996,1116,122,9,0
negri,negri.txt,2309,2,6,3.572109,8248,0,0,60,1000,1119,128,2,0
nyuse,nyuse.txt,2309,2,6,3.572109,8248,0,0,48,1009,1138,111,3,0
opera,opera.txt,2309,1,6,3.572109,8248,1,1,62,1002,1109,129,6,0
oware,oware.txt,2309,2,6,3.572109,8248,0,0,65,987,1133,119,5,0
payed,payed.txt,2309,2,6,3.572109,8248,0,0,61,987,1141,119,1,0
pease,pease.txt,2309,2,6,3.572109,8248,0,0,59,998,1127,122,3,0
piker,piker.txt,2309,2,6,3.572109,8248,0,0,55,1012,1112,126,4,0
ramps,ramps.txt,2309,2,6,3.572109,8248,0,0,58,990,1146,112,3,0
strow,strow.txt,2309,2,6,3.572109,8248,0,0,56,1012,1109,128,4,0
udals,udals.txt,2309,2,6,3.572109,8248,0,0,54,1010,1117,126,2,0
voter,voter.txt,2309,1,6,3.572109,8248,1,1,69,978,1132,127,2,0
besti,besti.txt,2309,2,6,3.572542,8249,0,0,62,987,1139,118,3,0
boney,boney.txt,2309,1,6,3.572542,8249,1,1,68,976,1137,126,1,0
bords,bords.txt,2309,2,6,3.572542,8249,0,0,66,974,1154,111,4,0
burns,burns.txt,2309,2,6,3.572542,8249,0,0,65,982,1140,119,3,0
butes,butes.txt,2309,2,6,3.572542,8249,0,0,75,962,1154,111,7,0
cavil,cavil.txt,2309,1,6,3.572542,8249,1,1,65,990,1121,128,4,0
ceder,ceder.txt,2309,2,6,3.572542,8249,0,0,65,986,1133,121,4,0
chyle,chyle.txt,2309,2,6,3.572542,8249,0,0,48,1015,1125,118,3,0
flash,flash.txt,2309,1,6,3.572542,8249,1,1,60,987,1141,117,3,0
fleas,fleas.txt,2309,2,6,3.572542,8249,0,0,63,1003,1105,134,4,0
gnome,gnome.txt,2309,1,6,3.572542,8249,1,1,56,992,1145,110,5,0
groma,groma.txt,2309,2,6,3.572542,8249,0,0,75,975,1124,132,3,0
helps,helps.txt,2309,2,6,3.572542,8249,0,0,58,990,1144,115,2,0
hopes,hopes.txt,2309,2,6,3.572542,8249,0,0,64,996,1114,133,2,0
hurls,hurls.txt,2309,2,6,3.572542,8249,0,0,53,1023,1098,128,7,0
loups,loups.txt,2309,2,6,3.572542,8249,0,0,60,988,1141,119,1,0
mands,mands.txt,2309,2,6,3.572542,8249,0,0,55,992,1149,111,2,0
murth,murth.txt,2309,2,6,3.572542,8249,0,0,74,976,1128,125,6,0
napoh,napoh.txt,2309,2,6,3.572542,8249,0,0,55,1005,1123,124,2,0
nauch,nauch.txt,2309,2,6,3.572542,8249,0,0,54,1009,1118,126,2,0
pohed,pohed.txt,2309,2,6,3.572542,8249,0,0,55,1001,1130,122,1,0
rapee,rapee.txt,2309,2,6,3.572542,8249,0,0,57,995,1140,112,5,0
reuse,reuse.txt,2309,1,6,3.572542,8249,1,1,65,1002,1098,138,5,0
right,right.txt,2309,1,6,3.572542,8249,1,1,55,1012,1106,132,3,0
scaud,scaud.txt,2309,2,6,3.572542,8249,0,0,55,1003,1128,120,3,0
stagy,stagy.txt,2309,2,6,3.572542,8249,0,0,49,1004,1144,109,3,0
tophs,tophs.txt,2309,2,6,3.572542,8249,0,0,59,1007,1108,132,3,0
urban,urban.txt,2309,1,6,3.572542,8249,1,1,59,986,1146,114,3,0
walis,walis.txt,2309,2,6,3.572542,8249,0,0,53,1008,1122,125,1,0
arter,arter.txt,2309,2,6,3.572975,8250,0,0,52,1006,1129,120,2,0
aunty,aunty.txt,2309,1,6,3.572975,8250,1,1,61,1012,1089,141,5,0
awned,awned.txt,2309,2,6,3.572975,8250,0,0,73,977,1124,133,2,0
binge,binge.txt,2309,1,6,3.572975,8250,1,1,67,990,1113,135,3,0
birsy,birsy.txt,2309,2,6,3.572975,8250,0,0,66,992,1116,132,3,0
brahs,brahs.txt,2309,2,6,3.572975,8250,0,0,55,1000,1132,120,2,0
chaft,chaft.txt,2309,2,6,3.572975,8250,0,0,72,964,1153,118,2,0
educt,educt.txt,2309,2,5,3.572975,8250,0,0,60,996,1123,130,0,0
incur,incur.txt,2309,1,6,3.572975,8250,1,1,61,1002,1108,133,4,0
kants,kants.txt,2309,2,6,3.572975,8250,0,0,46,1010,1139,112,2,0
lakes,lakes.txt,2309,2,6,3.572975,8250,0,0,45,1017,1132,109,6,0
larks,larks.txt,2309,2,6,3.572975,8250,0,0,54,994,1147,112,2,0
loave,loave.txt,2309,2,6,3.572975,8250,0,0,67,990,1118,130,4,0
nemas,nemas.txt,2309,2,6,3.572975,8250,0,0,59,991,1142,111,6,0
pandy,pandy.txt,2309,2,6,3.572975,8250,0,0,59,982,1155,112,1,0
pikel,pikel.txt,2309,2,6,3.572975,8250,0,0,57,1005,1117,127,3,0
primo,primo.txt,2309,1,6,3.572975,8250,1,1,62,997,1115,130,4,0
probs,probs.txt,2309,2,6,3.572975,8250,0,0,51,1001,1142,113,2,0
pylon,pylon.txt,2309,2,6,3.572975,8250,0,0,52,1003,1136,115,3,0
stupa,stupa.txt,2309,2,6,3.572975,8250,0,0,59,1002,1117,128,3,0
there,there.txt,2309,1,6,3.572975,8250,1,1,62,1010,1088,145,3,0
titre,titre.txt,2309,2,6,3.572975,8250,0,0,65,997,1109,135,3,0
unpot,unpot.txt,2309,2,6,3.572975,8250,0,0,52,1017,1107,131,2,0
yield,yield.txt,2309,1,6,3.572975,8250,1,1,46,1010,1135,115,2,0
aburn,aburn.txt,2309,2,6,3.573408,8251,0,0,59,994,1131,123,2,0
arett,arett.txt,2309,2,6,3.573408,8251,0,0,60,1019,1083,140,7,0
cadee,cadee.txt,2309,2,6,3.573408,8251,0,0,54,1005,1125,122,3,0
caphs,caphs.txt,2309,2,6,3.573408,8251,0,0,57,994,1137,119,2,0
couth,couth.txt,2309,2,6,3.573408,8251,0,0,69,988,1115,133,4,0
dogan,dogan.txt,2309,2,6,3.573408,8251,0,0,63,996,1116,131,3,0
dorbs,dorbs.txt,2309,2,6,3.573408,8251,0,0,58,988,1148,111,4,0
dupes,dupes.txt,2309,2,6,3.573408,8251,0,0,62,981,1151,110,5,0
ghats,ghats.txt,2309,2,6,3.573408,8251,0,0,56,996,1138,115,4,0
gosht,gosht.txt,2309,2,6,3.573408,8251,0,0,50,1019,1109,128,3,0
knelt,knelt.txt,2309,1,6,3.573408,8251,1,1,54,1001,1129,121,3,0
maids,maids.txt,2309,2,6,3.573408,8251,0,0,58,1003,1116,130,2,0
melds,melds.txt,2309,2,6,3.573408,8251,0,0,54,997,1143,110,5,0
moray,moray.txt,2309,2,6,3.573408,8251,0,0,75,976,1119,137,2,0
sevir,sevir.txt,2309,2,6,3.573408,8251,0,0,69,979,1131,128,2,0
skirl,skirl.txt,2309,2,6,3.573408,8251,0,0,56,1014,1101,135,3,0
snack,snack.txt,2309,1,6,3.573408,8251,1,1,51,1014,1111,130,2,0
sowed,sowed.txt,2309,2,6,3.573408,8251,0,0,56,986,1157,107,3,0
stork,stork.txt,2309,1,6,3.573408,8251,1,1,51,1022,1099,130,6,0
swopt,swopt.txt,2309,2,6,3.573408,8251,0,0,64,978,1147,119,1,0
trews,trews.txt,2309,2,6,3.573408,8251,0,0,62,997,1118,128,4,0
abune,abune.txt,2309,2,6,3.573841,8252,0,0,61,1005,1108,127,8,0
aerie,aerie.txt,2309,2,6,3.573841,8252,0,0,45,1033,1099,125,7,0
alick,alick.txt,2309,2,6,3.573841,8252,0,0,54,1003,1128,121,3,0
berms,berms.txt,2309,2,6,3.573841,8252,0,0,56,998,1131,122,2,0
beryl,beryl.txt,2309,2,6,3.573841,8252,0,0,57,989,1146,115,2,0
birch,birch.txt,2309,1,6,3.573841,8252,1,1,49,1013,1121,120,5,0
conga,conga.txt,2309,2,6,3.573841,8252,0,0,63,1010,1086,148,2,0
fayre,fayre.txt,2309,2,6,3.573841,8252,0,0,64,985,1135,121,4,0
garms,garms.txt,2309,2,6,3.573841,8252,0,0,62,987,1135,123,2,0
gloam,gloam.txt,2309,2,6,3.573841,8252,0,0,67,982,1130,128,2,0
goaty,goaty.txt,2309,2,6,3.573841,8252,0,0,62,991,1130,121,5,0
hames,hames.txt,2309,2,6,3.573841,8252,0,0,48,1015,1123,119,4,0
huies,huies.txt,2309,2,6,3.573841,8252,0,0,57,1015,1097,135,5,0
impel,impel.txt,2309,1,6,3.573841,8252,1,1,63,983,1137,122,3,0
incas,incas.txt,2309,2,6,3.573841,8252,0,0,59,987,1144,117,2,0
lathy,lathy.txt,2309,2,6,3.573841,8252,0,0,64,986,1131,126,2,0
leuch,leuch.txt,2309,2,6,3.573841,8252,0,0,62,1006,1098,140,3,0
logia,logia.txt,2309,2,6,3.573841,8252,0,0,68,988,1117,132,4,0
madly,madly.txt,2309,1,6,3.573841,8252,1,1,67,977,1136,126,2,0
month,month.txt,2309,1,6,3.573841,8252,1,1,70,972,1140,121,5,0
opens,opens.txt,2309,2,6,3.573841,8252,0,0,58,991,1140,117,3,0
pitsu,pitsu.txt,2309,2,6,3.573841,8252,0,0,51,1022,1101,130,5,0
preif,preif.txt,2309,2,6,3.573841,8252,0,0,53,1019,1098,137,2,0
raked,raked.txt,2309,2,6,3.573841,8252,0,0,45,1009,1141,113,1,0
rebop,rebop.txt,2309,2,6,3.573841,8252,0,0,51,1006,1131,118,3,0
rifts,rifts.txt,2309,2,6,3.573841,8252,0,0,61,983,1147,115,3,0
rowns,rowns.txt,2309,2,5,3.573841,8252,0,0,60,984,1145,120,0,0
sampi,sampi.txt,2309,2,6,3.573841,8252,0,0,50,1017,1113,125,4,0
saran,saran.txt,2309,2,6,3.573841,8252,0,0,62,1001,1112,127,7,0
sewin,sewin.txt,2309,2,6,3.573841,8252,0,0,64,995,1113,135,2,0
sulph,sulph.txt,2309,2,6,3.573841,8252,0,0,71,992,1100,142,4,0
talar,talar.txt,2309,2,6,3.573841,8252,0,0,62,981,1147,117,2,0
alifs,alifs.txt,2309,2,6,3.574275,8253,0,0,63,976,1157,107,6,0
aumil,aumil.txt,2309,2,6,3.574275,8253,0,0,68,1006,1082,147,6,0
carby,carby.txt,2309,2,6,3.574275,8253,0,0,66,961,1175,104,3,0
cover,cover.txt,2309,1,6,3.574275,8253,1,1,63,993,1116,133,3,0
dulia,dulia.txt,2309,2,6,3.574275,8253,0,0,62,1007,1098,136,6,0
erned,erned.txt,2309,2,6,3.574275,8253,0,0,64,986,1130,127,2,0
flosh,flosh.txt,2309,2,6,3.574275,8253,0,0,60,991,1135,118,5,0
fusel,fusel.txt,2309,2,6,3.574275,8253,0,0,60,983,1149,114,3,0
infer,infer.txt,2309,1,6,3.574275,8253,1,1,61,976,1157,110,4,0
lovat,lovat.txt,2309,2,6,3.574275,8253,0,0,68,985,1121,132,3,0
ludos,ludos.txt,2309,2,6,3.574275,8253,0,0,49,1011,1126,120,3,0
mgals,mgals.txt,2309,2,6,3.574275,8253,0,0,53,991,1153,110,2,0
munts,munts.txt,2309,2,6,3.574275,8253,0,0,62,990,1131,121,5,0
naibs,naibs.txt,2309,2,6,3.574275,8253,0,0,54,990,1151,113,1,0
penie,penie.txt,2309,2,6,3.574275,8253,0,0,57,1002,1122,123,5,0
picey,picey.txt,2309,2,5,3.574275,8253,0,0,67,988,1115,139,0,0
ratan,ratan.txt,2309,2,6,3.574275,8253,0,0,51,1016,1110,129,3,0
slump,slump.txt,2309,1,6,3.574275,8253,1,1,68,966,1153,120,1,0
soote,soote.txt,2309,2,6,3.574275,8253,0,0,50,1029,1092,130,8,0
sycon,sycon.txt,2309,2,6,3.574275,8253,0,0,57,992,1142,113,5,0
taals,taals.txt,2309,2,6,3.574275,8253,0,0,49,1024,1102,129,5,0
unrid,unrid.txt,2309,2,6,3.574275,8253,0,0,66,992,1116,129,6,0
wains,wains.txt,2309,2,6,3.574275,8253,0,0,57,1001,1127,116,8,0
apism,apism.txt,2309,2,6,3.574708,8254,0,0,64,989,1124,129,3,0
aspro,aspro.txt,2309,2,6,3.574708,8254,0,0,55,1010,1108,134,2,0
atmos,atmos.txt,2309,2,6,3.574708,8254,0,0,56,1008,1111,130,4,0
biota,biota.txt,2309,2,6,3.574708,8254,0,0,71,978,1127,128,5,0
build,build.txt,2309,1,6,3.574708,8254,1,1,74,976,1116,139,3,0
courb,courb.txt,2309,2,6,3.574708,8254,0,0,59,998,1125,120,7,0
crowd,crowd.txt,2309,1,6,3.574708,8254,1,1,61,972,1162,111,2,0
cubit,cubit.txt,2309,2,6,3.574708,8254,0,0,67,992,1109,138,3,0
delph,delph.txt,2309,2,6,3.574708,8254,0,0,61,997,1116,133,2,0
feuar,feuar.txt,2309,2,6,3.574708,8254,0,0,66,986,1123,132,2,0
fiber,fiber.txt,2309,1,6,3.574708,8254,1,1,63,975,1153,112,5,0
gemot,gemot.txt,2309,2,6,3.574708,8254,0,0,67,970,1152,118,2,0
gynae,gynae.txt,2309,2,6,3.574708,8254,0,0,62,991,1126,127,3,0
lysed,lysed.txt,2309,2,6,3.574708,8254,0,0,50,997,1150,109,3,0
mudar,mudar.txt,2309,2,6,3.574708,8254,0,0,67,978,1135,128,1,0
ofter,ofter.txt,2309,2,6,3.574708,8254,0,0,67,962,1170,106,4,0
ogled,ogled.txt,2309,2,6,3.574708,8254,0,0,55,987,1153,113,1,0
pence,pence.txt,2309,1,6,3.574708,8254,1,1,54,996,1137,117,4,0
power,power.txt,2309,1,6,3.574708,8254,1,1,52,1004,1125,125,2,0
pucan,pucan.txt,2309,2,6,3.574708,8254,0,0,62,997,1114,133,3,0
pynes,pynes.txt,2309,2,6,3.574708,8254,0,0,53,989,1156,109,2,0
rivel,rivel.txt,2309,2,6,3.574708,8254,0,0,73,978,1119,136,3,0
sepoy,sepoy.txt,2309,2,6,3.574708,8254,0,0,69,977,1134,125,4,0
spark,spark.txt,2309,1,6,3.574708,8254,1,1,63,990,1124,125,6,0
stive,stive.txt,2309,2,6,3.574708,8254,0,0,52,1014,1112,126,5,0
teels,teels.txt,2309,2,6,3.574708,8254,0,0,61,999,1114,131,4,0
volar,volar.txt,2309,2,6,3.574708,8254,0,0,76,959,1149,121,4,0
whore,whore.txt,2309,2,6,3.574708,8254,0,0,68,987,1118,131,5,0
wrens,wrens.txt,2309,2,6,3.574708,8254,0,0,59,988,1142,116,4,0
abuse,abuse.txt,2309,1,6,3.575141,8255,1,1,60,1007,1098,137,6,0
bolds,bolds.txt,2309,2,6,3.575141,8255,0,0,57,989,1144,116,3,0
caums,caums.txt,2309,2,6,3.575141,8255,0,0,63,995,1116,130,5,0
cawed,cawed.txt,2309,2,6,3.575141,8255,0,0,52,996,1143,117,1,0
ceiba,ceiba.txt,2309,2,6,3.575141,8255,0,0,62,1004,1098,143,2,0
clerk,clerk.txt,2309,1,6,3.575141,8255,1,1,55,1010,1104,136,3,0
crier,crier.txt,2309,1,6,3.575141,8255,1,1,53,1025,1080,147,3,0
cromb,cromb.txt,2309,2,6,3.575141,8255,0,0,58,978,1162,109,2,0
diker,diker.txt,2309,2,6,3.575141,8255,0,0,49,1019,1109,128,4,0
facts,facts.txt,2309,2,6,3.575141,8255,0,0,55,972,1183,97,2,0
fatly,fatly.txt,2309,2,6,3.575141,8255,0,0,69,950,1184,105,1,0
firth,firth.txt,2309,2,6,3.575141,8255,0,0,65,981,1135,126,2,0
gourd,gourd.txt,2309,1,6,3.575141,8255,1,1,66,986,1122,128,6,0
gyals,gyals.txt,2309,2,6,3.575141,8255,0,0,58,990,1139,119,3,0
lefts,lefts.txt,2309,2,6,3.575141,8255,0,0,63,976,1153,113,4,0
masty,masty.txt,2309,2,6,3.575141,8255,0,0,64,972,1159,109,5,0
melty,melty.txt,2309,2,6,3.575141,8255,0,0,67,972,1149,117,4,0
mirly,mirly.txt,2309,2,6,3.575141,8255,0,0,67,968,1158,111,5,0
muirs,muirs.txt,2309,2,6,3.575141,8255,0,0,62,1003,1104,134,6,0
noyes,noyes.txt,2309,2,6,3.575141,8255,0,0,55,998,1130,125,1,0
poncy,poncy.txt,2309,2,6,3.575141,8255,0,0,62,979,1148,118,2,0
pronk,pronk.txt,2309,2,6,3.575141,8255,0,0,54,997,1140,112,6,0
radif,radif.txt,2309,2,6,3.575141,8255,0,0,66,967,1160,114,2,0
rubin,rubin.txt,2309,2,6,3.575141,8255,0,0,73,968,1138,127,3,0
rusty,rusty.txt,2309,1,6,3.575141,8255,1,1,58,990,1137,118,5,0
styed,styed.txt,2309,2,6,3.575141,8255,0,0,50,986,1169,103,1,0
tugra,tugra.txt,2309,2,6,3.575141,8255,0,0,73,990,1095,147,4,0
unlid,unlid.txt,2309,2,6,3.575141,8255,0,0,59,986,1145,115,4,0
versa,versa.txt,2309,2,6,3.575141,8255,0,0,61,992,1128,123,5,0
aurei,aurei.txt,2309,2,6,3.575574,8256,0,0,47,1029,1093,137,3,0
biome,biome.txt,2309,1,6,3.575574,8256,1,1,60,996,1121,123,8,0
brags,brags.txt,2309,2,6,3.575574,8256,0,0,56,988,1147,116,2,0
breds,breds.txt,2309,2,6,3.575574,8256,0,0,57,980,1162,106,4,0
bursa,bursa.txt,2309,2,6,3.575574,8256,0,0,68,976,1137,124,4,0
chads,chads.txt,2309,2,6,3.575574,8256,0,0,59,984,1146,118,2,0
darre,darre.txt,2309,2,6,3.575574,8256,0,0,57,999,1123,127,3,0
degas,degas.txt,2309,2,6,3.575574,8256,0,0,58,990,1140,116,5,0
fanos,fanos.txt,2309,2,6,3.575574,8256,0,0,57,993,1137,117,5,0
feria,feria.txt,2309,2,6,3.575574,8256,0,0,77,975,1113,139,5,0
fraim,fraim.txt,2309,2,6,3.575574,8256,0,0,70,973,1137,125,4,0
indue,indue.txt,2309,2,6,3.575574,8256,0,0,66,990,1116,132,5,0
muons,muons.txt,2309,2,6,3.575574,8256,0,0,55,999,1128,125,2,0
pharm,pharm.txt,2309,2,6,3.575574,8256,0,0,71,968,1142,126,2,0
poilu,poilu.txt,2309,2,6,3.575574,8256,0,0,46,1027,1102,129,5,0
potai,potai.txt,2309,2,6,3.575574,8256,0,0,58,1015,1091,139,6,0
punto,punto.txt,2309,2,6,3.575574,8256,0,0,65,975,1146,121,2,0
reune,reune.txt,2309,2,6,3.575574,8256,0,0,63,995,1111,139,1,0
rewon,rewon.txt,2309,2,6,3.575574,8256,0,0,67,965,1164,107,6,0
sibyl,sibyl.txt,2309,2,6,3.575574,8256,0,0,47,1000,1150,110,2,0
steen,steen.txt,2309,2,6,3.575574,8256,0,0,66,974,1144,124,1,0
thief,thief.txt,2309,1,6,3.575574,8256,1,1,65,981,1133,124,5,0
unarm,unarm.txt,2309,2,6,3.575574,8256,0,0,58,998,1122,128,3,0
visne,visne.txt,2309,2,6,3.575574,8256,0,0,64,998,1104,140,3,0
wiels,wiels.txt,2309,2,6,3.575574,8256,0,0,66,981,1132,127,3,0
world,world.txt,2309,1,6,3.575574,8256,1,1,70,959,1158,120,1,0
yamen,yamen.txt,2309,2,6,3.575574,8256,0,0,58,986,1148,112,5,0
aleck,aleck.txt,2309,2,6,3.576007,8257,0,0,61,990,1127,129,2,0
badge,badge.txt,2309,1,6,3.576007,8257,1,1,66,962,1165,112,3,0
beare,beare.txt,2309,2,6,3.576007,8257,0,0,66,988,1118,133,4,0
bidon,bidon.txt,2309,2,6,3.576007,8257,0,0,68,967,1154,116,4,0
chado,chado.txt,2309,2,6,3.576007,8257,0,0,60,996,1121,127,5,0
dopey,dopey.txt,2309,1,6,3.576007,8257,1,1,61,964,1175,106,2,0
faith,faith.txt,2309,1,6,3.576007,8257,1,1,67,974,1137,128,2,0
flued,flued.txt,2309,2,6,3.576007,8257,0,0,67,965,1159,116,2,0
geare,geare.txt,2309,2,6,3.576007,8257,0,0,59,1011,1097,134,8,0
glims,glims.txt,2309,2,6,3.576007,8257,0,0,59,986,1145,113,6,0
hotly,hotly.txt,2309,1,6,3.576007,8257,1,1,57,991,1133,125,2,0
huger,huger.txt,2309,2,6,3.576007,8257,0,0,57,1001,1118,130,3,0
kalis,kalis.txt,2309,2,6,3.576007,8257,0,0,48,1008,1131,119,3,0
koine,koine.txt,2309,2,6,3.576007,8257,0,0,56,994,1135,121,3,0
leaks,leaks.txt,2309,2,6,3.576007,8257,0,0,62,988,1131,123,5,0
lenes,lenes.txt,2309,2,6,3.576007,8257,0,0,53,1005,1123,124,4,0
louis,louis.txt,2309,2,6,3.576007,8257,0,0,54,1012,1107,131,5,0
matsu,matsu.txt,2309,2,6,3.576007,8257,0,0,53,991,1149,114,2,0
metre,metre.txt,2309,2,6,3.576007,8257,0,0,76,980,1105,143,5,0
moais,moais.txt,2309,2,6,3.576007,8257,0,0,69,981,1122,134,3,0
nomas,nomas.txt,2309,2,6,3.576007,8257,0,0,57,994,1130,127,1,0
pongs,pongs.txt,2309,2,6,3.576007,8257,0,0,46,1001,1151,108,3,0
redif,redif.txt,2309,2,6,3.576007,8257,0,0,59,993,1130,122,5,0
rowan,rowan.txt,2309,2,6,3.576007,8257,0,0,57,997,1126,126,3,0
screw,screw.txt,2309,1,6,3.576007,8257,1,1,52,997,1135,123,1,0
soave,soave.txt,2309,2,6,3.576007,8257,0,0,54,1010,1112,127,6,0
sprew,sprew.txt,2309,2,6,3.576007,8257,0,0,68,964,1160,113,4,0
whole,whole.txt,2309,1,6,3.576007,8257,1,1,65,979,1136,123,5,0
agons,agons.txt,2309,2,6,3.57644,8258,0,0,58,1001,1116,129,5,0
altar,altar.txt,2309,1,6,3.57644,8258,1,1,51,996,1139,121,1,0
began,began.txt,2309,1,6,3.57644,8258,1,1,73,956,1153,125,1,0
bhats,bhats.txt,2309,2,6,3.57644,8258,0,0,57,990,1139,120,3,0
caulk,caulk.txt,2309,1,6,3.57644,8258,1,1,63,991,1117,132,5,0
cebid,cebid.txt,2309,2,6,3.57644,8258,0,0,64,984,1129,130,2,0
copay,copay.txt,2309,2,6,3.57644,8258,0,0,65,985,1125,131,3,0
cruve,cruve.txt,2309,2,6,3.57644,8258,0,0,61,1000,1106,140,2,0
culms,culms.txt,2309,2,6,3.57644,8258,0,0,57,988,1143,118,3,0
dempt,dempt.txt,2309,2,6,3.57644,8258,0,0,61,967,1171,109,1,0
dipso,dipso.txt,2309,2,6,3.57644,8258,0,0,60,996,1118,132,3,0
doubt,doubt.txt,2309,1,6,3.57644,8258,1,1,59,991,1127,128,3,0
drink,drink.txt,2309,1,6,3.57644,8258,1,1,58,1004,1105,137,4,0
falsy,falsy.txt,2309,2,6,3.57644,8258,0,0,62,979,1144,123,1,0
hangs,hangs.txt,2309,2,6,3.57644,8258,0,0,47,1005,1137,119,1,0
leear,leear.txt,2309,2,6,3.57644,8258,0,0,62,1009,1086,149,3,0
lifts,lifts.txt,2309,2,6,3.57644,8258,0,0,61,977,1152,117,2,0
lindy,lindy.txt,2309,2,6,3.57644,8258,0,0,59,993,1128,125,4,0
lowes,lowes.txt,2309,2,5,3.57644,8258,0,0,56,998,1123,132,0,0
manus,manus.txt,2309,2,6,3.57644,8258,0,0,53,998,1137,116,5,0
meiny,meiny.txt,2309,2,6,3.57644,8258,0,0,71,979,1119,137,3,0
merel,merel.txt,2309,2,6,3.57644,8258,0,0,62,1010,1086,146,5,0
ogles,ogles.txt,2309,2,6,3.57644,8258,0,0,50,995,1148,115,1,0
olehs,olehs.txt,2309,2,6,3.57644,8258,0,0,45,1032,1092,136,4,0
perdu,perdu.txt,2309,2,6,3.57644,8258,0,0,55,1002,1123,124,5,0
ploys,ploys.txt,2309,2,6,3.57644,8258,0,0,53,992,1148,112,4,0
prove,prove.txt,2309,1,6,3.57644,8258,1,1,61,993,1118,132,4,0
raves,raves.txt,2309,2,6,3.57644,8258,0,0,62,971,1161,113,2,0
reame,reame.txt,2309,2,6,3.57644,8258,0,0,58,1005,1109,131,6,0
reget,reget.txt,2309,2,6,3.57644,8258,0,0,65,978,1137,128,1,0
rybat,rybat.txt,2309,2,6,3.57644,8258,0,0,62,970,1162,114,1,0
sownd,sownd.txt,2309,2,6,3.57644,8258,0,0,58,987,1140,123,1,0
spawl,spawl.txt,2309,2,6,3.57644,8258,0,0,50,1006,1127,124,2,0
spicy,spicy.txt,2309,1,6,3.57644,8258,1,1,53,1000,1127,125,3,0
stown,stown.txt,2309,2,6,3.57644,8258,0,0,58,981,1154,113,3,0
styli,styli.txt,2309,2,6,3.57644,8258,0,0,49,1001,1141,115,3,0
sward,sward.txt,2309,2,6,3.57644,8258,0,0,58,1000,1114,136,1,0
trest,trest.txt,2309,2,6,3.57644,8258,0,0,57,1015,1092,139,6,0
turbo,turbo.txt,2309,1,6,3.57644,8258,1,1,68,972,1139,125,4,0
welts,welts.txt,2309,2,6,3.57644,8258,0,0,60,988,1134,124,3,0
wents,wents.txt,2309,2,6,3.57644,8258,0,0,53,996,1138,120,2,0
whort,whort.txt,2309,2,6,3.57644,8258,0,0,67,991,1108,139,4,0
abris,abris.txt,2309,2,6,3.576873,8259,0,0,60,987,1137,120,5,0
acryl,acryl.txt,2309,2,6,3.576873,8259,0,0,55,993,1137,122,2,0
aidos,aidos.txt,2309,2,6,3.576873,8259,0,0,61,1003,1103,136,6,0
almud,almud.txt,2309,2,6,3.576873,8259,0,0,72,970,1133,131,3,0
baloi,baloi.txt,2309,2,6,3.576873,8259,0,0,68,983,1122,130,6,0
birds,birds.txt,2309,2,6,3.576873,8259,0,0,65,965,1162,116,1,0
bluid,bluid.txt,2309,2,6,3.576873,8259,0,0,73,967,1136,130,3,0
cafes,cafes.txt,2309,2,6,3.576873,8259,0,0,54,980,1165,109,1,0
craal,craal.txt,2309,2,6,3.576873,8259,0,0,48,1010,1125,123,3,0
drack,drack.txt,2309,2,6,3.576873,8259,0,0,55,1000,1125,125,4,0
dwelt,dwelt.txt,2309,1,6,3.576873,8259,1,1,63,978,1139,126,2,0
elfin,elfin.txt,2309,1,6,3.576873,8259,1,1,63,988,1123,128,6,0
fount,fount.txt,2309,2,6,3.576873,8259,0,0,59,999,1116,130,5,0
games,games.txt,2309,2,6,3.576873,8259,0,0,57,995,1130,122,5,0
lawed,lawed.txt,2309,2,6,3.576873,8259,0,0,52,989,1153,114,1,0
milpa,milpa.txt,2309,2,6,3.576873,8259,0,0,66,994,1106,137,6,0
prick,prick.txt,2309,1,6,3.576873,8259,1,1,58,992,1128,126,4,0
prink,prink.txt,2309,2,6,3.576873,8259,0,0,62,993,1119,130,5,0
purty,purty.txt,2309,2,6,3.576873,8259,0,0,59,1001,1112,132,5,0
raiks,raiks.txt,2309,2,6,3.576873,8259,0,0,53,994,1140,121,1,0
sanko,sanko.txt,2309,2,6,3.576873,8259,0,0,48,1010,1127,119,5,0
scrob,scrob.txt,2309,2,6,3.576873,8259,0,0,49,1008,1129,117,6,0
stack,stack.txt,2309,1,6,3.576873,8259,1,1,53,994,1137,122,2,0
start,start.txt,2309,1,6,3.576873,8259,1,1,47,1013,1118,127,3,0
styme,styme.txt,2309,2,6,3.576873,8259,0,0,52,985,1163,106,3,0
suete,suete.txt,2309,2,6,3.576873,8259,0,0,54,1005,1123,118,9,0
swath,swath.txt,2309,1,6,3.576873,8259,1,1,69,972,1136,126,5,0
taste,taste.txt,2309,1,6,3.576873,8259,1,1,63,991,1117,131,6,0
tungs,tungs.txt,2309,2,6,3.576873,8259,0,0,56,985,1151,114,3,0
bicep,bicep.txt,2309,1,6,3.577306,8260,1,1,52,976,1175,103,2,0
cleik,cleik.txt,2309,2,6,3.577306,8260,0,0,61,983,1138,125,2,0
cogue,cogue.txt,2309,2,6,3.577306,8260,0,0,59,996,1117,136,1,0
creme,creme.txt,2309,1,6,3.577306,8260,1,1,57,995,1127,122,7,0
culty,culty.txt,2309,2,6,3.577306,8260,0,0,62,984,1135,124,4,0
gaids,gaids.txt,2309,2,6,3.577306,8260,0,0,57,978,1162,108,4,0
gamed,gamed.txt,2309,2,6,3.577306,8260,0,0,61,978,1148,120,2,0
gleet,gleet.txt,2309,2,6,3.577306,8260,0,0,61,986,1132,128,2,0
houts,houts.txt,2309,2,6,3.577306,8260,0,0,65,991,1112,137,4,0
kidel,kidel.txt,2309,2,6,3.577306,8260,0,0,60,981,1146,119,3,0
lubes,lubes.txt,2309,2,6,3.577306,8260,0,0,71,975,1125,135,3,0
lunch,lunch.txt,2309,1,6,3.577306,8260,1,1,56,1012,1096,137,7,0
mends,mends.txt,2309,2,6,3.577306,8260,0,0,57,991,1137,119,5,0
octli,octli.txt,2309,2,6,3.577306,8260,0,0,51,1005,1125,125,3,0
pesch,pesch.txt,2309,2,6,3.577306,8260,0,0,57,991,1135,123,3,0
pluty,pluty.txt,2309,2,6,3.577306,8260,0,0,60,985,1137,125,2,0
preys,preys.txt,2309,2,6,3.577306,8260,0,0,51,1003,1129,123,3,0
rudis,rudis.txt,2309,2,6,3.577306,8260,0,0,65,992,1112,134,6,0
ruing,ruing.txt,2309,2,6,3.577306,8260,0,0,63,993,1113,137,3,0
serge,serge.txt,2309,2,6,3.577306,8260,0,0,67,984,1121,132,5,0
swipe,swipe.txt,2309,2,6,3.577306,8260,0,0,68,986,1111,142,2,0
tarot,tarot.txt,2309,1,6,3.577306,8260,1,1,64,1000,1095,143,6,0
tempo,tempo.txt,2309,1,6,3.577306,8260,1,1,65,975,1139,126,3,0
trunk,trunk.txt,2309,1,6,3.577306,8260,1,1,58,996,1118,133,3,0
vales,vales.txt,2309,2,6,3.577306,8260,0,0,65,974,1144,124,2,0
volae,volae.txt,2309,2,6,3.577306,8260,0,0,70,988,1103,144,4,0
yites,yites.txt,2309,2,6,3.577306,8260,0,0,45,1000,1152,110,2,0
adbot,adbot.txt,2309,2,6,3.577739,8261,0,0,79,949,1150,130,1,0
amour,amour.txt,2309,2,6,3.577739,8261,0,0,68,988,1106,145,2,0
atopy,atopy.txt,2309,2,6,3.577739,8261,0,0,65,969,1153,120,2,0
biped,biped.txt,2309,2,6,3.577739,8261,0,0,56,985,1150,114,4,0
bliny,bliny.txt,2309,2,6,3.577739,8261,0,0,55,998,1125,129,2,0
clung,clung.txt,2309,1,6,3.577739,8261,1,1,50,992,1149,114,3,0
confs,confs.txt,2309,2,6,3.577739,8261,0,0,51,976,1181,99,2,0
dongs,dongs.txt,2309,2,6,3.577739,8261,0,0,57,978,1161,109,4,0
estop,estop.txt,2309,2,6,3.577739,8261,0,0,57,990,1135,125,2,0
farci,farci.txt,2309,2,6,3.577739,8261,0,0,60,982,1144,119,4,0
furan,furan.txt,2309,2,6,3.577739,8261,0,0,55,988,1145,119,2,0
gamin,gamin.txt,2309,2,6,3.577739,8261,0,0,72,979,1112,144,2,0
gerne,gerne.txt,2309,2,6,3.577739,8261,0,0,62,998,1106,139,4,0
glady,glady.txt,2309,2,6,3.577739,8261,0,0,70,970,1138,127,4,0
glift,glift.txt,2309,2,6,3.577739,8261,0,0,68,967,1150,120,4,0
handi,handi.txt,2309,2,6,3.577739,8261,0,0,49,1024,1092,141,3,0
hiree,hiree.txt,2309,2,6,3.577739,8261,0,0,56,1018,1085,145,5,0
howre,howre.txt,2309,2,6,3.577739,8261,0,0,63,983,1133,126,4,0
incut,incut.txt,2309,2,6,3.577739,8261,0,0,64,1005,1086,150,4,0
ketol,ketol.txt,2309,2,6,3.577739,8261,0,0,57,983,1150,116,3,0
laver,laver.txt,2309,2,6,3.577739,8261,0,0,75,969,1127,132,6,0
lingo,lingo.txt,2309,1,6,3.577739,8261,1,1,62,986,1124,134,2,0
lycea,lycea.txt,2309,2,6,3.577739,8261,0,0,62,980,1139,127,1,0
margo,margo.txt,2309,2,6,3.577739,8261,0,0,76,967,1124,140,2,0
milty,milty.txt,2309,2,6,3.577739,8261,0,0,69,957,1167,112,4,0
murid,murid.txt,2309,2,6,3.577739,8261,0,0,68,989,1107,140,5,0
mylar,mylar.txt,2309,2,6,3.577739,8261,0,0,66,976,1139,123,5,0
nugae,nugae.txt,2309,2,6,3.577739,8261,0,0,66,993,1107,136,7,0
nurds,nurds.txt,2309,2,6,3.577739,8261,0,0,53,985,1158,110,3,0
pumie,pumie.txt,2309,2,6,3.577739,8261,0,0,66,970,1149,121,3,0
ramee,ramee.txt,2309,2,6,3.577739,8261,0,0,56,995,1130,124,4,0
rebud,rebud.txt,2309,2,6,3.577739,8261,0,0,71,968,1137,131,2,0
rokes,rokes.txt,2309,2,6,3.577739,8261,0,0,48,1008,1128,121,4,0
roose,roose.txt,2309,2,6,3.577739,8261,0,0,47,1009,1128,122,3,0
sloot,sloot.txt,2309,2,6,3.577739,8261,0,0,63,991,1118,132,5,0
songy,songy.txt,2309,2,6,3.577739,8261,0,0,56,999,1124,124,6,0
sorer,sorer.txt,2309,2,6,3.577739,8261,0,0,51,1007,1119,130,2,0
stomp,stomp.txt,2309,1,6,3.577739,8261,1,1,54,988,1146,116,4,0
sybil,sybil.txt,2309,2,6,3.577739,8261,0,0,46,999,1150,112,2,0
vails,vails.txt,2309,2,6,3.577739,8261,0,0,62,971,1160,112,4,0
viler,viler.txt,2309,2,6,3.577739,8261,0,0,81,953,1138,134,3,0
adlib,adlib.txt,2309,2,6,3.578172,8262,0,0,57,988,1138,124,2,0
adorb,adorb.txt,2309,2,6,3.578172,8262,0,0,64,980,1136,124,5,0
clepe,clepe.txt,2309,2,6,3.578172,8262,0,0,66,985,1118,137,3,0
ctene,ctene.txt,2309,2,6,3.578172,8262,0,0,57,986,1142,122,2,0
demos,demos.txt,2309,2,6,3.578172,8262,0,0,56,979,1161,109,4,0
dicht,dicht.txt,2309,2,6,3.578172,8262,0,0,60,978,1148,122,1,0
fayne,fayne.txt,2309,2,6,3.578172,8262,0,0,57,979,1156,115,2,0
flues,flues.txt,2309,2,6,3.578172,8262,0,0,60,975,1156,115,3,0
gatch,gatch.txt,2309,2,6,3.578172,8262,0,0,47,991,1162,107,2,0
group,group.txt,2309,1,6,3.578172,8262,1,1,63,976,1141,125,3,0
hasty,hasty.txt,2309,1,6,3.578172,8262,1,1,65,960,1168,111,4,0
krais,krais.txt,2309,2,6,3.578172,8262,0,0,50,1010,1118,126,5,0
mages,mages.txt,2309,2,6,3.578172,8262,0,0,62,983,1136,123,5,0
mogra,mogra.txt,2309,2,6,3.578172,8262,0,0,81,949,1144,133,2,0
navel,navel.txt,2309,1,5,3.578172,8262,1,1,68,950,1175,115,0,0
noyed,noyed.txt,2309,2,6,3.578172,8262,0,0,59,970,1168,110,2,0
peres,peres.txt,2309,2,6,3.578172,8262,0,0,63,978,1142,122,4,0
pioye,pioye.txt,2309,2,6,3.578172,8262,0,0,53,995,1136,123,2,0
rypin,rypin.txt,2309,2,6,3.578172,8262,0,0,53,999,1128,127,2,0
saheb,saheb.txt,2309,2,6,3.578172,8262,0,0,42,1016,1126,124,1,0
skean,skean.txt,2309,2,6,3.578172,8262,0,0,51,1010,1113,132,3,0
stonk,stonk.txt,2309,2,6,3.578172,8262,0,0,50,999,1136,123,1,0
thong,thong.txt,2309,1,6,3.578172,8262,1,1,61,978,1143,123,3,0
topee,topee.txt,2309,2,6,3.578172,8262,0,0,55,993,1133,127,1,0
towed,towed.txt,2309,2,6,3.578172,8262,0,0,64,979,1135,129,2,0
urges,urges.txt,2309,2,6,3.578172,8262,0,0,57,992,1130,128,2,0
yirth,yirth.txt,2309,2,6,3.578172,8262,0,0,53,1007,1112,135,2,0
alkin,alkin.txt,2309,2,6,3.578605,8263,0,0,56,997,1126,124,6,0
bourd,bourd.txt,2309,2,6,3.578605,8263,0,0,74,955,1155,120,5,0
boyar,boyar.txt,2309,2,6,3.578605,8263,0,0,71,954,1164,117,3,0
colle,colle.txt,2309,2,6,3.578605,8263,0,0,48,1008,1125,125,3,0
cowls,cowls.txt,2309,2,5,3.578605,8263,0,0,52,988,1150,119,0,0
crump,crump.txt,2309,1,6,3.578605,8263,1,1,67,966,1148,124,3,0
cubed,cubed.txt,2309,2,5,3.578605,8263,0,0,70,958,1156,125,0,0
cymar,cymar.txt,2309,2,6,3.578605,8263,0,0,66,954,1180,105,4,0
cytes,cytes.txt,2309,2,6,3.578605,8263,0,0,48,987,1167,104,3,0
decim,decim.txt,2309,2,6,3.578605,8263,0,0,66,963,1159,120,1,0
depth,depth.txt,2309,1,6,3.578605,8263,1,1,58,972,1163,112,3,0
fauld,fauld.txt,2309,2,6,3.578605,8263,0,0,65,956,1177,109,2,0
goeth,goeth.txt,2309,2,6,3.578605,8263,0,0,56,1000,1117,133,3,0
kirns,kirns.txt,2309,2,6,3.578605,8263,0,0,41,1018,1127,119,4,0
krona,krona.txt,2309,2,6,3.578605,8263,0,0,54,1003,1115,136,1,0
lochs,lochs.txt,2309,2,6,3.578605,8263,0,0,56,990,1136,125,2,0
mandi,mandi.txt,2309,2,6,3.578605,8263,0,0,55,990,1138,125,1,0
midge,midge.txt,2309,1,6,3.578605,8263,1,1,63,960,1173,108,4,0
nicey,nicey.txt,2309,2,6,3.578605,8263,0,0,61,983,1138,122,5,0
ocher,ocher.txt,2309,2,6,3.578605,8263,0,0,59,993,1123,130,4,0
owner,owner.txt,2309,1,6,3.578605,8263,1,1,61,980,1140,122,5,0
poake,poake.txt,2309,2,6,3.578605,8263,0,0,66,980,1129,129,5,0
ragus,ragus.txt,2309,2,6,3.578605,8263,0,0,64,957,1178,108,2,0
romps,romps.txt,2309,2,6,3.578605,8263,0,0,49,992,1154,111,3,0
speel,speel.txt,2309,2,6,3.578605,8263,0,0,65,975,1138,130,1,0
temps,temps.txt,2309,2,6,3.578605,8263,0,0,57,968,1178,103,3,0
varec,varec.txt,2309,2,6,3.578605,8263,0,0,64,976,1140,127,2,0
warty,warty.txt,2309,1,5,3.578605,8263,1,1,69,952,1167,120,0,0
wield,wield.txt,2309,1,6,3.578605,8263,1,1,65,963,1161,115,4,0
yules,yules.txt,2309,2,6,3.578605,8263,0,0,52,998,1134,121,4,0
atoke,atoke.txt,2309,2,6,3.579039,8264,0,0,51,1007,1118,129,4,0
barms,barms.txt,2309,2,6,3.579039,8264,0,0,63,983,1131,127,5,0
bonds,bonds.txt,2309,2,6,3.579039,8264,0,0,57,976,1160,114,2,0
bring,bring.txt,2309,1,6,3.579039,8264,1,1,60,975,1151,118,4,0
chuts,chuts.txt,2309,2,6,3.579039,8264,0,0,64,972,1150,118,5,0
corks,corks.txt,2309,2,6,3.579039,8264,0,0,54,991,1139,123,2,0
covet,covet.txt,2309,1,6,3.579039,8264,1,1,61,987,1125,130,5,0
daube,daube.txt,2309,2,6,3.579039,8264,0,0,66,969,1150,119,5,0
doucs,doucs.txt,2309,2,6,3.579039,8264,0,0,51,1009,1115,129,5,0
faced,faced.txt,2309,2,6,3.579039,8264,0,0,63,956,1181,108,1,0
felid,felid.txt,2309,2,6,3.579039,8264,0,0,74,958,1147,126,4,0
flary,flary.txt,2309,2,6,3.579039,8264,0,0,65,971,1149,119,5,0
flors,flors.txt,2309,2,6,3.579039,8264,0,0,60,975,1154,117,3,0
gerle,gerle.txt,2309,2,6,3.579039,8264,0,0,62,991,1116,137,3,0
grave,grave.txt,2309,1,6,3.579039,8264,1,1,67,979,1128,124,10,0
honey,honey.txt,2309,1,6,3.579039,8264,1,1,72,982,1103,145,6,0
kerns,kerns.txt,2309,2,6,3.579039,8264,0,0,36,1021,1133,117,2,0
liker,liker.txt,2309,2,6,3.579039,8264,0,0,47,1004,1137,116,5,0
lowed,lowed.txt,2309,2,6,3.579039,8264,0,0,61,986,1128,132,2,0
mobie,mobie.txt,2309,2,6,3.579039,8264,0,0,63,997,1103,141,5,0
opsin,opsin.txt,2309,2,6,3.579039,8264,0,0,70,966,1143,126,4,0
pense,pense.txt,2309,2,6,3.579039,8264,0,0,57,1003,1113,127,9,0
pomas,pomas.txt,2309,2,6,3.579039,8264,0,0,56,991,1136,121,5,0
prowl,prowl.txt,2309,1,6,3.579039,8264,1,1,49,997,1138,122,2,0
remet,remet.txt,2309,2,6,3.579039,8264,0,0,73,974,1119,138,5,0
salse,salse.txt,2309,2,6,3.579039,8264,0,0,62,993,1116,131,7,0
swage,swage.txt,2309,2,6,3.579039,8264,0,0,61,1001,1102,139,6,0
taras,taras.txt,2309,2,6,3.579039,8264,0,0,50,1007,1120,129,3,0
tinks,tinks.txt,2309,2,6,3.579039,8264,0,0,45,1009,1130,123,2,0
tonks,tonks.txt,2309,2,5,3.579039,8264,0,0,44,1007,1135,123,0,0
unary,unary.txt,2309,2,6,3.579039,8264,0,0,54,1001,1122,127,5,0
wited,wited.txt,2309,2,6,3.579039,8264,0,0,69,963,1149,127,1,0
abies,abies.txt,2309,2,6,3.579472,8265,0,0,58,997,1114,138,2,0
belch,belch.txt,2309,1,6,3.579472,8265,1,1,56,998,1114,138,2,0
brave,brave.txt,2309,1,6,3.579472,8265,1,1,60,972,1156,116,4,0
bugle,bugle.txt,2309,1,6,3.579472,8265,1,1,71,965,1135,135,2,0
buteo,buteo.txt,2309,2,6,3.579472,8265,0,0,76,962,1130,139,2,0
diver,diver.txt,2309,1,6,3.579472,8265,1,1,66,977,1128,133,4,0
dowar,dowar.txt,2309,2,5,3.579472,8265,0,0,59,991,1121,138,0,0
ecads,ecads.txt,2309,2,6,3.579472,8265,0,0,59,983,1140,124,3,0
erode,erode.txt,2309,1,6,3.579472,8265,1,1,49,1002,1131,120,6,0
estoc,estoc.txt,2309,2,6,3.579472,8265,0,0,50,999,1136,120,4,0
fleur,fleur.txt,2309,2,6,3.579472,8265,0,0,77,950,1151,129,2,0
fresh,fresh.txt,2309,1,6,3.579472,8265,1,1,51,1002,1120,134,1,0
fural,fural.txt,2309,2,6,3.579472,8265,0,0,62,969,1158,118,2,0
gulas,gulas.txt,2309,2,6,3.579472,8265,0,0,68,972,1135,131,3,0
herbs,herbs.txt,2309,2,6,3.579472,8265,0,0,63,979,1137,126,4,0
margs,margs.txt,2309,2,6,3.579472,8265,0,0,59,982,1141,125,2,0
mused,mused.txt,2309,2,6,3.579472,8265,0,0,59,985,1138,122,5,0
omers,omers.txt,2309,2,6,3.579472,8265,0,0,55,996,1125,131,2,0
plack,plack.txt,2309,2,6,3.579472,8265,0,0,68,965,1149,124,3,0
roves,roves.txt,2309,2,6,3.579472,8265,0,0,65,967,1152,124,1,0
saunf,saunf.txt,2309,2,6,3.579472,8265,0,0,54,982,1160,107,6,0
sneak,sneak.txt,2309,1,6,3.579472,8265,1,1,60,986,1128,130,4,0
spume,spume.txt,2309,2,6,3.579472,8265,0,0,63,973,1148,122,3,0
sumac,sumac.txt,2309,1,6,3.579472,8265,1,1,65,973,1141,123,6,0
unces,unces.txt,2309,2,6,3.579472,8265,0,0,54,995,1130,128,2,0
vired,vired.txt,2309,2,6,3.579472,8265,0,0,69,968,1140,129,3,0
waide,waide.txt,2309,2,6,3.579472,8265,0,0,57,990,1135,121,6,0
wersh,wersh.txt,2309,2,6,3.579472,8265,0,0,66,999,1087,154,3,0
wetas,wetas.txt,2309,2,6,3.579472,8265,0,0,53,979,1166,108,3,0
benty,benty.txt,2309,2,6,3.579905,8266,0,0,62,975,1146,123,3,0
bigae,bigae.txt,2309,2,6,3.579905,8266,0,0,70,964,1145,126,4,0
blahs,blahs.txt,2309,2,6,3.579905,8266,0,0,56,975,1162,115,1,0
bouts,bouts.txt,2309,2,6,3.579905,8266,0,0,69,966,1145,124,5,0
broke,broke.txt,2309,1,6,3.579905,8266,1,1,60,979,1141,124,4,0
climb,climb.txt,2309,1,6,3.579905,8266,1,1,54,980,1156,115,3,0
eales,eales.txt,2309,2,6,3.579905,8266,0,0,58,989,1128,133,1,0
ganef,ganef.txt,2309,2,6,3.579905,8266,0,0,64,978,1132,134,1,0
geyan,geyan.txt,2309,2,6,3.579905,8266,0,0,63,981,1129,135,1,0
goaft,goaft.txt,2309,2,6,3.579905,8266,0,0,61,971,1157,117,3,0
goray,goray.txt,2309,2,6,3.579905,8266,0,0,71,962,1144,130,2,0
groms,groms.txt,2309,2,6,3.579905,8266,0,0,62,972,1153,118,4,0
inorb,inorb.txt,2309,2,6,3.579905,8266,0,0,51,1000,1129,126,3,0
keirs,keirs.txt,2309,2,6,3.579905,8266,0,0,54,999,1125,125,6,0
leper,leper.txt,2309,1,6,3.579905,8266,1,1,67,975,1127,136,3,0
logic,logic.txt,2309,1,6,3.579905,8266,1,1,56,988,1132,131,1,0
lusty,lusty.txt,2309,1,6,3.579905,8266,1,1,55,978,1159,111,5,0
media,media.txt,2309,1,6,3.579905,8266,1,1,64,978,1131,131,4,0
mutas,mutas.txt,2309,2,6,3.579905,8266,0,0,65,977,1132,133,2,0
muton,muton.txt,2309,2,6,3.579905,8266,0,0,64,994,1103,144,4,0
purao,purao.txt,2309,2,6,3.579905,8266,0,0,59,1005,1098,141,6,0
repen,repen.txt,2309,2,6,3.579905,8266,0,0,62,986,1126,130,5,0
shrew,shrew.txt,2309,1,6,3.579905,8266,1,1,69,982,1107,147,3,0
state,state.txt,2309,1,6,3.579905,8266,1,1,57,1000,1111,133,7,0
swept,swept.txt,2309,1,6,3.579905,8266,1,1,68,967,1140,130,3,0
tenue,tenue.txt,2309,2,6,3.579905,8266,0,0,52,1014,1100,138,5,0
tomia,tomia.txt,2309,2,6,3.579905,8266,0,0,78,977,1099,147,8,0
ulyie,ulyie.txt,2309,2,6,3.579905,8266,0,0,52,998,1135,116,8,0
while,while.txt,2309,1,6,3.579905,8266,1,1,66,970,1140,129,3,0
wroth,wroth.txt,2309,2,6,3.579905,8266,0,0,63,976,1141,126,3,0
acids,acids.txt,2309,2,6,3.580338,8267,0,0,55,984,1147,121,2,0
biach,biach.txt,2309,2,6,3.580338,8267,0,0,52,1003,1119,132,3,0
clefs,clefs.txt,2309,2,6,3.580338,8267,0,0,67,962,1157,119,4,0
crows,crows.txt,2309,2,6,3.580338,8267,0,0,47,1005,1133,118,6,0
deice,deice.txt,2309,2,6,3.580338,8267,0,0,58,992,1123,133,3,0
elute,elute.txt,2309,2,6,3.580338,8267,0,0,60,986,1133,123,7,0
filos,filos.txt,2309,2,6,3.580338,8267,0,0,61,992,1118,131,7,0
foins,foins.txt,2309,2,6,3.580338,8267,0,0,63,978,1138,125,5,0
gelds,gelds.txt,2309,2,6,3.580338,8267,0,0,54,986,1149,115,5,0
gloms,gloms.txt,2309,2,6,3.580338,8267,0,0,56,988,1140,119,6,0
gurls,gurls.txt,2309,2,6,3.580338,8267,0,0,64,976,1139,125,5,0
gusla,gusla.txt,2309,2,6,3.580338,8267,0,0,62,994,1108,141,4,0
haply,haply.txt,2309,2,6,3.580338,8267,0,0,61,984,1130,131,3,0
harpy,harpy.txt,2309,1,6,3.580338,8267,1,1,68,957,1158,123,2,0
hemin,hemin.txt,2309,2,6,3.580338,8267,0,0,64,985,1120,136,4,0
kilts,kilts.txt,2309,2,6,3.580338,8267,0,0,48,995,1146,118,2,0
lowts,lowts.txt,2309,2,6,3.580338,8267,0,0,55,988,1139,125,2,0
mahrs,mahrs.txt,2309,2,6,3.580338,8267,0,0,54,988,1141,125,1,0
preed,preed.txt,2309,2,6,3.580338,8267,0,0,59,996,1115,133,6,0
pugil,pugil.txt,2309,2,6,3.580338,8267,0,0,66,969,1143,130,1,0
samek,samek.txt,2309,2,6,3.580338,8267,0,0,51,993,1141,122,2,0
scene,scene.txt,2309,1,6,3.580338,8267,1,1,55,990,1133,126,4,0
shere,shere.txt,2309,2,6,3.580338,8267,0,0,65,1009,1068,164,3,0
thing,thing.txt,2309,1,6,3.580338,8267,1,1,58,971,1162,113,4,0
title,title.txt,2309,1,6,3.580338,8267,1,1,56,984,1140,126,2,0
toast,toast.txt,2309,1,6,3.580338,8267,1,1,48,1019,1098,137,6,0
troat,troat.txt,2309,2,6,3.580338,8267,0,0,62,1005,1088,148,6,0
verts,verts.txt,2309,2,6,3.580338,8267,0,0,54,999,1123,128,5,0
alews,alews.txt,2309,2,6,3.580771,8268,0,0,52,1001,1124,127,5,0
brims,brims.txt,2309,2,6,3.580771,8268,0,0,62,966,1164,112,5,0
buras,buras.txt,2309,2,6,3.580771,8268,0,0,72,957,1151,125,4,0
clomb,clomb.txt,2309,2,6,3.580771,8268,0,0,52,979,1165,111,2,0
copsy,copsy.txt,2309,2,6,3.580771,8268,0,0,54,976,1165,112,2,0
cowed,cowed.txt,2309,2,6,3.580771,8268,0,0,61,976,1143,128,1,0
daven,daven.txt,2309,2,5,3.580771,8268,0,0,64,967,1151,127,0,0
doabs,doabs.txt,2309,2,6,3.580771,8268,0,0,56,990,1132,128,3,0
fasti,fasti.txt,2309,2,6,3.580771,8268,0,0,63,947,1197,99,3,0
fetid,fetid.txt,2309,1,6,3.580771,8268,1,1,70,959,1148,128,3,0
gadis,gadis.txt,2309,2,6,3.580771,8268,0,0,58,973,1161,113,4,0
gipon,gipon.txt,2309,2,6,3.580771,8268,0,0,67,980,1120,138,4,0
glamp,glamp.txt,2309,2,6,3.580771,8268,0,0,64,971,1145,127,2,0
glume,glume.txt,2309,2,6,3.580771,8268,0,0,65,957,1169,117,1,0
gouts,gouts.txt,2309,2,6,3.580771,8268,0,0,53,988,1143,124,1,0
haulm,haulm.txt,2309,2,6,3.580771,8268,0,0,53,1003,1116,133,4,0
heare,heare.txt,2309,2,6,3.580771,8268,0,0,57,1014,1082,152,4,0
idola,idola.txt,2309,2,6,3.580771,8268,0,0,65,980,1127,132,5,0
ileus,ileus.txt,2309,2,6,3.580771,8268,0,0,54,1013,1096,139,7,0
inlay,inlay.txt,2309,1,6,3.580771,8268,1,1,51,1008,1110,133,6,0
lyams,lyams.txt,2309,2,6,3.580771,8268,0,0,61,964,1170,110,4,0
modge,modge.txt,2309,2,6,3.580771,8268,0,0,65,952,1181,108,3,0
moues,moues.txt,2309,2,6,3.580771,8268,0,0,54,996,1129,124,6,0
narks,narks.txt,2309,2,6,3.580771,8268,0,0,48,996,1145,116,4,0
often,often.txt,2309,1,6,3.580771,8268,1,1,61,967,1158,120,2,0
omits,omits.txt,2309,2,6,3.580771,8268,0,0,56,995,1123,131,4,0
palmy,palmy.txt,2309,2,6,3.580771,8268,0,0,76,949,1154,127,3,0
pratt,pratt.txt,2309,2,6,3.580771,8268,0,0,56,1002,1108,140,3,0
raved,raved.txt,2309,2,6,3.580771,8268,0,0,64,961,1168,111,5,0
rhabd,rhabd.txt,2309,2,6,3.580771,8268,0,0,65,978,1130,132,4,0
ruths,ruths.txt,2309,2,6,3.580771,8268,0,0,53,1003,1116,133,4,0
thank,thank.txt,2309,1,6,3.580771,8268,1,1,61,972,1151,119,5,0
timps,timps.txt,2309,2,6,3.580771,8268,0,0,56,988,1135,128,2,0
uraei,uraei.txt,2309,2,6,3.580771,8268,0,0,44,1029,1092,139,5,0
acing,acing.txt,2309,2,6,3.581204,8269,0,0,57,992,1125,131,4,0
ainee,ainee.txt,2309,2,6,3.581204,8269,0,0,48,1019,1101,134,7,0
artal,artal.txt,2309,2,6,3.581204,8269,0,0,54,998,1122,131,4,0
becap,becap.txt,2309,2,6,3.581204,8269,0,0,61,981,1136,126,5,0
blech,blech.txt,2309,2,6,3.581204,8269,0,0,51,1005,1117,132,4,0
blurs,blurs.txt,2309,2,6,3.581204,8269,0,0,67,966,1146,127,3,0
dicey,dicey.txt,2309,1,6,3.581204,8269,1,1,62,966,1155,124,1,0
fenis,fenis.txt,2309,2,6,3.581204,8269,0,0,64,978,1133,129,5,0
fitna,fitna.txt,2309,2,6,3.581204,8269,0,0,65,977,1132,130,5,0
flour,flour.txt,2309,1,6,3.581204,8269,1,1,61,977,1139,127,4,0
genty,genty.txt,2309,2,6,3.581204,8269,0,0,61,960,1174,113,1,0
goads,goads.txt,2309,2,6,3.581204,8269,0,0,56,993,1126,130,4,0
grype,grype.txt,2309,2,6,3.581204,8269,0,0,50,991,1149,114,5,0
hound,hound.txt,2309,1,6,3.581204,8269,1,1,62,996,1097,150,3,0
mucro,mucro.txt,2309,2,6,3.581204,8269,0,0,69,974,1123,141,2,0
musta,musta.txt,2309,2,6,3.581204,8269,0,0,74,959,1139,134,3,0
owres,owres.txt,2309,2,6,3.581204,8269,0,0,59,977,1148,122,3,0
paysd,paysd.txt,2309,2,6,3.581204,8269,0,0,63,953,1184,106,3,0
pulao,pulao.txt,2309,2,6,3.581204,8269,0,0,54,1004,1110,137,4,0
pyned,pyned.txt,2309,2,5,3.581204,8269,0,0,60,967,1162,120,0,0
pyros,pyros.txt,2309,2,6,3.581204,8269,0,0,61,975,1147,122,4,0
raupo,raupo.txt,2309,2,6,3.581204,8269,0,0,53,993,1134,126,3,0
roums,roums.txt,2309,2,6,3.581204,8269,0,0,54,998,1121,133,3,0
soole,soole.txt,2309,2,6,3.581204,8269,0,0,58,995,1116,136,4,0
spank,spank.txt,2309,1,6,3.581204,8269,1,1,63,975,1138,127,5,0
thous,thous.txt,2309,2,6,3.581204,8269,0,0,65,989,1108,142,5,0
torso,torso.txt,2309,1,6,3.581204,8269,1,1,57,1004,1100,140,7,0
ymolt,ymolt.txt,2309,2,6,3.581204,8269,0,0,51,985,1155,116,2,0
aulic,aulic.txt,2309,2,6,3.581637,8270,0,0,55,1003,1108,139,4,0
boree,boree.txt,2309,2,6,3.581637,8270,0,0,54,988,1139,126,2,0
camus,camus.txt,2309,2,6,3.581637,8270,0,0,64,977,1134,129,5,0
dimly,dimly.txt,2309,1,6,3.581637,8270,1,1,64,952,1176,115,1,0
eared,eared.txt,2309,2,6,3.581637,8270,0,0,55,990,1132,130,2,0
ebons,ebons.txt,2309,2,6,3.581637,8270,0,0,53,994,1130,130,2,0
elect,elect.txt,2309,1,6,3.581637,8270,1,1,62,984,1123,133,6,0
emits,emits.txt,2309,2,6,3.581637,8270,0,0,69,976,1121,138,5,0
ferny,ferny.txt,2309,2,6,3.581637,8270,0,0,57,989,1128,133,2,0
fouer,fouer.txt,2309,2,6,3.581637,8270,0,0,60,978,1142,126,3,0
fraps,fraps.txt,2309,2,6,3.581637,8270,0,0,49,975,1181,101,3,0
gilds,gilds.txt,2309,2,6,3.581637,8270,0,0,59,986,1129,132,3,0
gofer,gofer.txt,2309,2,6,3.581637,8270,0,0,60,963,1171,113,2,0
gonia,gonia.txt,2309,2,6,3.581637,8270,0,0,72,989,1087,155,6,0
guide,guide.txt,2309,1,6,3.581637,8270,1,1,63,984,1118,139,4,0
meane,meane.txt,2309,2,6,3.581637,8270,0,0,56,1001,1110,137,5,0
nabis,nabis.txt,2309,2,6,3.581637,8270,0,0,59,964,1171,114,1,0
nomad,nomad.txt,2309,1,6,3.581637,8270,1,1,59,987,1123,136,3,0
nutsy,nutsy.txt,2309,2,6,3.581637,8270,0,0,59,972,1159,114,5,0
ombre,ombre.txt,2309,1,6,3.581637,8270,1,1,54,978,1157,115,4,0
owrie,owrie.txt,2309,2,6,3.581637,8270,0,0,51,1001,1125,127,5,0
pyins,pyins.txt,2309,2,6,3.581637,8270,0,0,57,986,1134,130,2,0
ratal,ratal.txt,2309,2,6,3.581637,8270,0,0,53,992,1135,126,3,0
servo,servo.txt,2309,2,6,3.581637,8270,0,0,58,982,1142,122,5,0
spike,spike.txt,2309,1,6,3.581637,8270,1,1,67,969,1137,130,5,0
starr,starr.txt,2309,2,6,3.581637,8270,0,0,35,1011,1150,111,2,0
stove,stove.txt,2309,1,6,3.581637,8270,1,1,50,995,1135,124,4,0
teens,teens.txt,2309,2,6,3.581637,8270,0,0,60,994,1113,136,6,0
thrum,thrum.txt,2309,1,6,3.581637,8270,1,1,64,976,1133,129,6,0
tifos,tifos.txt,2309,2,6,3.581637,8270,0,0,57,980,1146,124,2,0
vaned,vaned.txt,2309,2,5,3.581637,8270,0,0,63,966,1154,126,0,0
verso,verso.txt,2309,1,6,3.581637,8270,1,1,60,980,1136,127,5,0
allen,allen.txt,2309,2,6,3.58207,8271,0,0,57,992,1124,131,5,0
argus,argus.txt,2309,2,6,3.58207,8271,0,0,60,968,1162,115,4,0
auric,auric.txt,2309,2,6,3.58207,8271,0,0,52,1019,1085,148,5,0
badly,badly.txt,2309,1,6,3.58207,8271,1,1,70,950,1164,120,4,0
bends,bends.txt,2309,2,6,3.58207,8271,0,0,62,973,1145,126,3,0
blady,blady.txt,2309,2,6,3.58207,8271,0,0,63,971,1147,124,4,0
bogie,bogie.txt,2309,2,6,3.58207,8271,0,0,70,975,1117,144,3,0
brogs,brogs.txt,2309,2,6,3.58207,8271,0,0,59,971,1158,118,3,0
carer,carer.txt,2309,2,6,3.58207,8271,0,0,58,986,1130,133,2,0
curve,curve.txt,2309,1,6,3.58207,8271,1,1,59,986,1124,136,3,0
cymae,cymae.txt,2309,2,6,3.58207,8271,0,0,58,976,1150,123,2,0
eaned,eaned.txt,2309,2,6,3.58207,8271,0,0,57,988,1130,131,3,0
easer,easer.txt,2309,2,6,3.58207,8271,0,0,55,998,1119,131,6,0
eisel,eisel.txt,2309,2,6,3.58207,8271,0,0,54,1001,1115,134,5,0
gramp,gramp.txt,2309,2,6,3.58207,8271,0,0,62,971,1149,124,3,0
gyral,gyral.txt,2309,2,6,3.58207,8271,0,0,63,974,1139,131,2,0
lowan,lowan.txt,2309,2,6,3.58207,8271,0,0,59,985,1132,128,5,0
lowns,lowns.txt,2309,2,6,3.58207,8271,0,0,52,975,1169,112,1,0
metel,metel.txt,2309,2,6,3.58207,8271,0,0,65,970,1146,121,7,0
moree,moree.txt,2309,2,6,3.58207,8271,0,0,52,1008,1106,139,4,0
naive,naive.txt,2309,1,6,3.58207,8271,1,1,65,976,1128,134,5,0
nasho,nasho.txt,2309,2,6,3.58207,8271,0,0,54,992,1131,129,3,0
ngati,ngati.txt,2309,2,6,3.58207,8271,0,0,52,990,1141,123,3,0
orgia,orgia.txt,2309,2,6,3.58207,8271,0,0,67,983,1111,144,4,0
ouens,ouens.txt,2309,2,6,3.58207,8271,0,0,54,1004,1109,137,5,0
polys,polys.txt,2309,2,6,3.58207,8271,0,0,49,984,1163,109,4,0
ravin,ravin.txt,2309,2,6,3.58207,8271,0,0,70,971,1124,142,2,0
roked,roked.txt,2309,2,6,3.58207,8271,0,0,49,987,1155,116,2,0
rotte,rotte.txt,2309,2,6,3.58207,8271,0,0,64,986,1114,141,4,0
ryoti,ryoti.txt,2309,2,6,3.58207,8271,0,0,49,1001,1129,126,4,0
slunk,slunk.txt,2309,1,6,3.58207,8271,1,1,56,982,1141,126,3,0
stimy,stimy.txt,2309,2,6,3.58207,8271,0,0,57,957,1192,100,3,0
veals,veals.txt,2309,2,6,3.58207,8271,0,0,60,989,1118,140,2,0
yapon,yapon.txt,2309,2,6,3.58207,8271,0,0,53,992,1135,125,4,0
yauld,yauld.txt,2309,2,6,3.58207,8271,0,0,57,980,1144,127,1,0
acyls,acyls.txt,2309,2,6,3.582503,8272,0,0,52,981,1158,115,3,0
agley,agley.txt,2309,2,6,3.582503,8272,0,0,68,953,1166,119,3,0
aucht,aucht.txt,2309,2,6,3.582503,8272,0,0,51,1003,1118,133,4,0
basic,basic.txt,2309,1,6,3.582503,8272,1,1,55,976,1154,121,2,0
blume,blume.txt,2309,2,6,3.582503,8272,0,0,71,954,1155,126,3,0
botch,botch.txt,2309,1,6,3.582503,8272,1,1,51,989,1141,124,3,0
cagey,cagey.txt,2309,1,5,3.582503,8272,1,1,57,976,1146,129,0,0
chang,chang.txt,2309,2,6,3.582503,8272,0,0,51,999,1124,133,2,0
civet,civet.txt,2309,2,6,3.582503,8272,0,0,64,970,1143,130,2,0
deres,deres.txt,2309,2,6,3.582503,8272,0,0,50,1000,1128,126,5,0
eagly,eagly.txt,2309,2,6,3.582503,8272,0,0,66,963,1154,121,5,0
esrog,esrog.txt,2309,2,6,3.582503,8272,0,0,46,1003,1132,125,3,0
fluor,fluor.txt,2309,2,6,3.582503,8272,0,0,65,977,1131,129,7,0
hinds,hinds.txt,2309,2,6,3.582503,8272,0,0,53,977,1162,115,2,0
kains,kains.txt,2309,2,6,3.582503,8272,0,0,50,992,1143,120,4,0
levin,levin.txt,2309,2,6,3.582503,8272,0,0,81,946,1142,136,4,0
maths,maths.txt,2309,2,6,3.582503,8272,0,0,58,973,1156,119,3,0
mesia,mesia.txt,2309,2,6,3.582503,8272,0,0,71,979,1108,145,6,0
mesic,mesic.txt,2309,2,6,3.582503,8272,0,0,59,977,1147,121,5,0
modin,modin.txt,2309,2,6,3.582503,8272,0,0,72,973,1115,145,4,0
moyls,moyls.txt,2309,2,6,3.582503,8272,0,0,58,977,1149,121,4,0
phasm,phasm.txt,2309,2,6,3.582503,8272,0,0,63,968,1151,124,3,0
poete,poete.txt,2309,2,6,3.582503,8272,0,0,55,981,1148,123,2,0
poker,poker.txt,2309,1,6,3.582503,8272,1,1,49,998,1128,131,2,0
premy,premy.txt,2309,2,6,3.582503,8272,0,0,64,981,1125,133,6,0
shark,shark.txt,2309,1,6,3.582503,8272,1,1,54,1002,1106,143,3,0
tabus,tabus.txt,2309,2,6,3.582503,8272,0,0,61,964,1166,114,4,0
takis,takis.txt,2309,2,6,3.582503,8272,0,0,50,992,1141,124,2,0
treat,treat.txt,2309,1,6,3.582503,8272,1,1,62,996,1098,145,7,0
turfs,turfs.txt,2309,2,6,3.582503,8272,0,0,61,972,1149,124,3,0
uhlan,uhlan.txt,2309,2,6,3.582503,8272,0,0,46,1020,1100,138,5,0
yetis,yetis.txt,2309,2,6,3.582503,8272,0,0,49,993,1145,117,5,0
amped,amped.txt,2309,2,5,3.582936,8273,0,0,63,964,1155,127,0,0
angry,angry.txt,2309,1,6,3.582936,8273,1,1,56,975,1151,125,1,0
beams,beams.txt,2309,2,6,3.582936,8273,0,0,67,952,1169,119,2,0
bluey,bluey.txt,2309,2,6,3.582936,8273,0,0,69,959,1149,130,2,0
bundt,bundt.txt,2309,2,6,3.582936,8273,0,0,56,976,1156,117,4,0
cumin,cumin.txt,2309,1,6,3.582936,8273,1,1,65,981,1117,139,6,0
diene,diene.txt,2309,2,6,3.582936,8273,0,0,54,1000,1114,137,4,0
dynes,dynes.txt,2309,2,6,3.582936,8273,0,0,49,986,1157,113,4,0
embar,embar.txt,2309,2,6,3.582936,8273,0,0,68,946,1178,115,2,0
girds,girds.txt,2309,2,6,3.582936,8273,0,0,51,994,1135,125,4,0
girly,girly.txt,2309,1,6,3.582936,8273,1,1,61,966,1157,120,4,0
gleds,gleds.txt,2309,2,6,3.582936,8273,0,0,57,976,1152,121,3,0
gorms,gorms.txt,2309,2,6,3.582936,8273,0,0,56,979,1147,126,1,0
haems,haems.txt,2309,2,6,3.582936,8273,0,0,52,1002,1117,133,5,0
hilus,hilus.txt,2309,2,6,3.582936,8273,0,0,45,1018,1108,131,7,0
liken,liken.txt,2309,1,6,3.582936,8273,1,1,54,991,1128,131,4,0
mabes,mabes.txt,2309,2,6,3.582936,8273,0,0,57,962,1179,109,2,0
melba,melba.txt,2309,2,6,3.582936,8273,0,0,64,971,1142,128,4,0
miche,miche.txt,2309,2,6,3.582936,8273,0,0,58,973,1154,122,2,0
nemic,nemic.txt,2309,2,6,3.582936,8273,0,0,60,981,1133,132,3,0
pawls,pawls.txt,2309,2,6,3.582936,8273,0,0,41,992,1167,107,2,0
peent,peent.txt,2309,2,6,3.582936,8273,0,0,69,963,1142,132,3,0
pluds,pluds.txt,2309,2,6,3.582936,8273,0,0,54,985,1147,116,7,0
reiks,reiks.txt,2309,2,6,3.582936,8273,0,0,56,995,1118,136,4,0
rownd,rownd.txt,2309,2,6,3.582936,8273,0,0,79,940,1156,133,1,0
saugh,saugh.txt,2309,2,6,3.582936,8273,0,0,56,998,1111,141,3,0
shawl,shawl.txt,2309,1,6,3.582936,8273,1,1,61,990,1112,138,7,0
snick,snick.txt,2309,2,6,3.582936,8273,0,0,50,995,1136,124,4,0
spoke,spoke.txt,2309,1,6,3.582936,8273,1,1,57,979,1145,121,6,0
stilt,stilt.txt,2309,1,6,3.582936,8273,1,1,50,1005,1113,135,5,0
stung,stung.txt,2309,1,6,3.582936,8273,1,1,51,983,1152,119,3,0
tiefs,tiefs.txt,2309,2,6,3.582936,8273,0,0,68,973,1127,136,5,0
truck,truck.txt,2309,1,6,3.582936,8273,1,1,64,974,1130,138,2,0
vlies,vlies.txt,2309,2,6,3.582936,8273,0,0,61,980,1133,131,4,0
adunc,adunc.txt,2309,2,6,3.583369,8274,0,0,48,1002,1128,126,5,0
antar,antar.txt,2309,2,6,3.583369,8274,0,0,55,987,1134,131,2,0
archi,archi.txt,2309,2,6,3.583369,8274,0,0,47,1003,1128,127,4,0
birdo,birdo.txt,2309,2,6,3.583369,8274,0,0,72,945,1170,117,5,0
bitsy,bitsy.txt,2309,2,6,3.583369,8274,0,0,51,981,1159,115,3,0
doing,doing.txt,2309,1,6,3.583369,8274,1,1,62,984,1117,141,4,0
ealed,ealed.txt,2309,2,6,3.583369,8274,0,0,65,953,1172,117,2,0
ecole,ecole.txt,2309,2,6,3.583369,8274,0,0,54,985,1144,121,5,0
elder,elder.txt,2309,1,6,3.583369,8274,1,1,65,969,1139,130,5,0
femal,femal.txt,2309,2,6,3.583369,8274,0,0,68,949,1172,117,3,0
garbo,garbo.txt,2309,2,6,3.583369,8274,0,0,64,956,1170,116,3,0
light,light.txt,2309,1,6,3.583369,8274,1,1,55,985,1134,132,2,0
monic,monic.txt,2309,2,6,3.583369,8274,0,0,66,963,1149,129,2,0
mulsh,mulsh.txt,2309,2,6,3.583369,8274,0,0,66,970,1138,130,5,0
nerfs,nerfs.txt,2309,2,6,3.583369,8274,0,0,51,986,1148,122,2,0
pagri,pagri.txt,2309,2,6,3.583369,8274,0,0,51,1004,1114,136,4,0
rohun,rohun.txt,2309,2,6,3.583369,8274,0,0,57,1010,1087,148,7,0
sarir,sarir.txt,2309,2,6,3.583369,8274,0,0,50,1003,1121,129,6,0
seame,seame.txt,2309,2,6,3.583369,8274,0,0,56,995,1120,131,7,0
skied,skied.txt,2309,2,6,3.583369,8274,0,0,45,1012,1117,130,5,0
smorg,smorg.txt,2309,2,6,3.583369,8274,0,0,55,979,1152,119,4,0
ulmin,ulmin.txt,2309,2,6,3.583369,8274,0,0,59,971,1156,119,4,0
vitae,vitae.txt,2309,2,6,3.583369,8274,0,0,68,975,1120,143,3,0
witan,witan.txt,2309,2,6,3.583369,8274,0,0,58,987,1129,129,6,0
yourn,yourn.txt,2309,2,6,3.583369,8274,0,0,43,1027,1098,131,10,0
yuans,yuans.txt,2309,2,6,3.583369,8274,0,0,44,1002,1142,114,7,0
aping,aping.txt,2309,1,6,3.583803,8275,1,1,56,987,1127,135,3,0
bench,bench.txt,2309,1,6,3.583803,8275,1,1,49,996,1130,130,3,0
benet,benet.txt,2309,2,6,3.583803,8275,0,0,49,1000,1126,131,3,0
brank,brank.txt,2309,2,6,3.583803,8275,0,0,61,971,1146,130,1,0
brawl,brawl.txt,2309,1,6,3.583803,8275,1,1,60,954,1182,108,4,0
brigs,brigs.txt,2309,2,6,3.583803,8275,0,0,58,976,1146,127,2,0
burls,burls.txt,2309,2,6,3.583803,8275,0,0,64,982,1120,137,6,0
canal,canal.txt,2309,1,6,3.583803,8275,1,1,60,975,1140,129,4,0
chere,chere.txt,2309,2,6,3.583803,8275,0,0,58,998,1102,149,2,0
crews,crews.txt,2309,2,6,3.583803,8275,0,0,48,995,1138,126,2,0
dewan,dewan.txt,2309,2,6,3.583803,8275,0,0,65,966,1145,131,2,0
draws,draws.txt,2309,2,6,3.583803,8275,0,0,45,1001,1134,128,1,0
drier,drier.txt,2309,1,6,3.583803,8275,1,1,61,983,1122,137,5,0
ecrus,ecrus.txt,2309,2,6,3.583803,8275,0,0,69,964,1142,127,7,0
ernes,ernes.txt,2309,2,6,3.583803,8275,0,0,57,981,1142,124,5,0
forty,forty.txt,2309,1,6,3.583803,8275,1,1,59,961,1169,117,2,0
genom,genom.txt,2309,2,6,3.583803,8275,0,0,63,956,1173,113,4,0
grabs,grabs.txt,2309,2,6,3.583803,8275,0,0,54,974,1162,117,2,0
haere,haere.txt,2309,2,6,3.583803,8275,0,0,54,1013,1086,152,4,0
holms,holms.txt,2309,2,6,3.583803,8275,0,0,54,982,1151,115,7,0
homes,homes.txt,2309,2,6,3.583803,8275,0,0,51,1002,1118,133,5,0
koans,koans.txt,2309,2,6,3.583803,8275,0,0,47,1004,1122,135,1,0
laugh,laugh.txt,2309,1,6,3.583803,8275,1,1,53,984,1141,128,2,0
lover,lover.txt,2309,1,6,3.583803,8275,1,1,70,959,1140,137,2,0
mease,mease.txt,2309,2,6,3.583803,8275,0,0,54,996,1123,129,7,0
moeni,moeni.txt,2309,2,6,3.583803,8275,0,0,51,1007,1106,142,3,0
pyots,pyots.txt,2309,2,6,3.583803,8275,0,0,60,969,1157,118,5,0
refis,refis.txt,2309,2,6,3.583803,8275,0,0,65,953,1176,108,7,0
resow,resow.txt,2309,2,6,3.583803,8275,0,0,55,989,1131,130,4,0
rinks,rinks.txt,2309,2,6,3.583803,8275,0,0,50,988,1146,123,2,0
rived,rived.txt,2309,2,6,3.583803,8275,0,0,70,958,1148,129,4,0
rugas,rugas.txt,2309,2,6,3.583803,8275,0,0,72,944,1169,121,3,0
scrum,scrum.txt,2309,1,6,3.583803,8275,1,1,68,971,1128,133,8,0
sitka,sitka.txt,2309,2,6,3.583803,8275,0,0,52,988,1141,125,3,0
tachi,tachi.txt,2309,2,6,3.583803,8275,0,0,51,985,1151,118,4,0
tryke,tryke.txt,2309,2,6,3.583803,8275,0,0,45,1002,1133,127,2,0
unlap,unlap.txt,2309,2,6,3.583803,8275,0,0,54,988,1135,129,3,0
vault,vault.txt,2309,1,6,3.583803,8275,1,1,56,982,1137,130,3,0
actus,actus.txt,2309,2,6,3.584236,8276,0,0,62,965,1159,117,6,0
decay,decay.txt,2309,1,6,3.584236,8276,1,1,62,970,1142,131,3,0
dhoti,dhoti.txt,2309,2,6,3.584236,8276,0,0,48,1000,1128,130,3,0
esile,esile.txt,2309,2,6,3.584236,8276,0,0,58,994,1112,140,5,0
folic,folic.txt,2309,2,6,3.584236,8276,0,0,61,954,1180,112,2,0
gadso,gadso.txt,2309,2,6,3.584236,8276,0,0,54,982,1148,120,5,0
genre,genre.txt,2309,1,6,3.584236,8276,1,1,55,1004,1097,147,5,0
grays,grays.txt,2309,2,6,3.584236,8276,0,0,52,988,1141,124,4,0
helms,helms.txt,2309,2,6,3.584236,8276,0,0,49,994,1139,122,5,0
homed,homed.txt,2309,2,6,3.584236,8276,0,0,55,986,1133,134,1,0
limps,limps.txt,2309,2,6,3.584236,8276,0,0,53,986,1142,124,4,0
lokes,lokes.txt,2309,2,6,3.584236,8276,0,0,47,1000,1130,130,2,0
ludic,ludic.txt,2309,2,6,3.584236,8276,0,0,59,975,1144,129,2,0
menus,menus.txt,2309,2,6,3.584236,8276,0,0,64,971,1138,133,3,0
micas,micas.txt,2309,2,6,3.584236,8276,0,0,65,970,1138,132,4,0
permy,permy.txt,2309,2,6,3.584236,8276,0,0,68,958,1153,126,4,0
pewit,pewit.txt,2309,2,6,3.584236,8276,0,0,59,984,1129,132,5,0
pings,pings.txt,2309,2,6,3.584236,8276,0,0,50,992,1140,122,5,0
primy,primy.txt,2309,2,6,3.584236,8276,0,0,63,971,1142,129,4,0
rater,rater.txt,2309,2,6,3.584236,8276,0,0,58,975,1148,125,3,0
reels,reels.txt,2309,2,6,3.584236,8276,0,0,52,988,1140,126,3,0
reens,reens.txt,2309,2,6,3.584236,8276,0,0,57,984,1132,134,2,0
scowl,scowl.txt,2309,1,6,3.584236,8276,1,1,50,982,1152,123,1,0
taint,taint.txt,2309,1,6,3.584236,8276,1,1,68,978,1110,147,5,0
taluk,taluk.txt,2309,2,6,3.584236,8276,0,0,55,989,1131,129,5,0
teend,teend.txt,2309,2,6,3.584236,8276,0,0,64,969,1144,127,5,0
topek,topek.txt,2309,2,6,3.584236,8276,0,0,57,975,1150,125,2,0
unrip,unrip.txt,2309,2,6,3.584236,8276,0,0,56,990,1124,136,3,0
vanes,vanes.txt,2309,2,6,3.584236,8276,0,0,56,979,1145,127,2,0
yards,yards.txt,2309,2,6,3.584236,8276,0,0,54,973,1163,117,2,0
ylids,ylids.txt,2309,2,6,3.584236,8276,0,0,45,1000,1137,124,3,0
ached,ached.txt,2309,2,6,3.584669,8277,0,0,50,983,1153,122,1,0
admin,admin.txt,2309,1,6,3.584669,8277,1,1,64,979,1118,143,4,0
aegis,aegis.txt,2309,2,6,3.584669,8277,0,0,69,960,1145,131,4,0
bolus,bolus.txt,2309,2,6,3.584669,8277,0,0,61,954,1181,109,4,0
bosun,bosun.txt,2309,2,6,3.584669,8277,0,0,61,979,1134,128,7,0
bouns,bouns.txt,2309,2,6,3.584669,8277,0,0,56,976,1155,115,7,0
brawn,brawn.txt,2309,1,5,3.584669,8277,1,1,53,975,1155,125,0,0
campo,campo.txt,2309,2,6,3.584669,8277,0,0,61,966,1157,121,4,0
datum,datum.txt,2309,1,6,3.584669,8277,1,1,63,956,1169,114,6,0
dawns,dawns.txt,2309,2,6,3.584669,8277,0,0,55,977,1151,124,2,0
debts,debts.txt,2309,2,6,3.584669,8277,0,0,52,969,1175,112,1,0
debut,debut.txt,2309,1,6,3.584669,8277,1,1,66,971,1132,131,8,0
donga,donga.txt,2309,2,6,3.584669,8277,0,0,67,970,1130,139,3,0
erugo,erugo.txt,2309,2,6,3.584669,8277,0,0,60,980,1131,135,3,0
fards,fards.txt,2309,2,6,3.584669,8277,0,0,53,957,1196,102,1,0
fauts,fauts.txt,2309,2,6,3.584669,8277,0,0,63,953,1177,112,4,0
fayer,fayer.txt,2309,2,6,3.584669,8277,0,0,64,959,1161,122,3,0
ferly,ferly.txt,2309,2,6,3.584669,8277,0,0,64,966,1149,125,5,0
grike,grike.txt,2309,2,6,3.584669,8277,0,0,52,1002,1112,139,4,0
gynie,gynie.txt,2309,2,6,3.584669,8277,0,0,52,990,1134,131,2,0
hogan,hogan.txt,2309,2,6,3.584669,8277,0,0,58,987,1123,138,3,0
kelts,kelts.txt,2309,2,6,3.584669,8277,0,0,50,988,1146,121,4,0
kilns,kilns.txt,2309,2,6,3.584669,8277,0,0,52,986,1141,129,1,0
mados,mados.txt,2309,2,6,3.584669,8277,0,0,54,976,1155,123,1,0
mound,mound.txt,2309,1,6,3.584669,8277,1,1,56,981,1141,123,7,0
parae,parae.txt,2309,2,6,3.584669,8277,0,0,64,977,1127,136,5,0
prier,prier.txt,2309,2,6,3.584669,8277,0,0,53,997,1118,138,3,0
regle,regle.txt,2309,2,6,3.584669,8277,0,0,66,968,1137,135,3,0
rehab,rehab.txt,2309,1,5,3.584669,8277,1,1,54,971,1160,123,0,0
sakti,sakti.txt,2309,2,6,3.584669,8277,0,0,46,996,1142,121,4,0
salvo,salvo.txt,2309,1,6,3.584669,8277,1,1,60,969,1149,127,3,0
shave,shave.txt,2309,1,6,3.584669,8277,1,1,55,996,1114,136,7,0
swaly,swaly.txt,2309,2,6,3.584669,8277,0,0,57,969,1163,116,4,0
tecum,tecum.txt,2309,2,6,3.584669,8277,0,0,62,963,1162,116,6,0
trapt,trapt.txt,2309,2,6,3.584669,8277,0,0,62,982,1121,141,3,0
wines,wines.txt,2309,2,6,3.584669,8277,0,0,55,981,1144,126,3,0
acene,acene.txt,2309,2,6,3.585102,8278,0,0,57,978,1145,124,5,0
caked,caked.txt,2309,2,5,3.585102,8278,0,0,43,997,1144,125,0,0
cetes,cetes.txt,2309,2,6,3.585102,8278,0,0,51,976,1165,114,3,0
chiao,chiao.txt,2309,2,6,3.585102,8278,0,0,56,1011,1082,155,5,0
epoch,epoch.txt,2309,1,6,3.585102,8278,1,1,50,1005,1108,140,5,0
faces,faces.txt,2309,2,6,3.585102,8278,0,0,55,963,1177,113,1,0
flesh,flesh.txt,2309,1,6,3.585102,8278,1,1,53,977,1153,122,3,0
gyres,gyres.txt,2309,2,6,3.585102,8278,0,0,46,994,1148,114,7,0
kaons,kaons.txt,2309,2,6,3.585102,8278,0,0,44,1002,1134,126,3,0
liven,liven.txt,2309,2,6,3.585102,8278,0,0,69,962,1139,136,3,0
lumas,lumas.txt,2309,2,6,3.585102,8278,0,0,62,969,1145,131,2,0
mobed,mobed.txt,2309,2,6,3.585102,8278,0,0,58,968,1159,122,2,0
morph,morph.txt,2309,1,6,3.585102,8278,1,1,54,984,1136,131,3,0
orbic,orbic.txt,2309,2,6,3.585102,8278,0,0,52,978,1157,120,2,0
ouped,ouped.txt,2309,2,6,3.585102,8278,0,0,57,975,1149,125,3,0
perea,perea.txt,2309,2,6,3.585102,8278,0,0,69,967,1132,135,6,0
phyle,phyle.txt,2309,2,6,3.585102,8278,0,0,54,972,1163,118,2,0
piths,piths.txt,2309,2,6,3.585102,8278,0,0,57,974,1151,124,3,0
sarvo,sarvo.txt,2309,2,6,3.585102,8278,0,0,66,961,1153,123,6,0
sneed,sneed.txt,2309,2,6,3.585102,8278,0,0,59,969,1154,125,2,0
tasse,tasse.txt,2309,2,6,3.585102,8278,0,0,46,1012,1111,134,6,0
tater,tater.txt,2309,2,6,3.585102,8278,0,0,65,979,1118,143,4,0
terra,terra.txt,2309,1,6,3.585102,8278,1,1,54,1000,1104,147,3,0
thema,thema.txt,2309,2,6,3.585102,8278,0,0,65,961,1154,125,4,0
thigs,thigs.txt,2309,2,6,3.585102,8278,0,0,59,974,1146,126,4,0
trats,trats.txt,2309,2,6,3.585102,8278,0,0,53,987,1138,127,4,0
vials,vials.txt,2309,2,6,3.585102,8278,0,0,55,975,1155,121,3,0
wager,wager.txt,2309,1,6,3.585102,8278,1,1,60,961,1165,118,4,0
whist,whist.txt,2309,2,6,3.585102,8278,0,0,68,966,1134,138,3,0
aight,aight.txt,2309,2,6,3.585535,8279,0,0,56,993,1114,144,2,0
arefy,arefy.txt,2309,2,6,3.585535,8279,0,0,57,979,1142,126,5,0
awols,awols.txt,2309,2,6,3.585535,8279,0,0,53,1002,1108,141,5,0
belga,belga.txt,2309,2,6,3.585535,8279,0,0,57,967,1167,112,6,0
borms,borms.txt,2309,2,6,3.585535,8279,0,0,59,956,1180,111,3,0
bunts,bunts.txt,2309,2,6,3.585535,8279,0,0,59,969,1155,122,4,0
corer,corer.txt,2309,1,6,3.585535,8279,1,1,58,994,1104,148,4,0
erick,erick.txt,2309,2,6,3.585535,8279,0,0,64,984,1111,145,5,0
genet,genet.txt,2309,2,6,3.585535,8279,0,0,56,984,1133,133,3,0
gripy,gripy.txt,2309,2,6,3.585535,8279,0,0,62,967,1150,126,4,0
gyans,gyans.txt,2309,2,6,3.585535,8279,0,0,53,989,1134,128,5,0
gyron,gyron.txt,2309,2,6,3.585535,8279,0,0,60,971,1152,118,8,0
kaneh,kaneh.txt,2309,2,6,3.585535,8279,0,0,57,977,1143,130,2,0
knars,knars.txt,2309,2,6,3.585535,8279,0,0,46,998,1135,127,3,0
laked,laked.txt,2309,2,6,3.585535,8279,0,0,43,986,1167,111,2,0
mosey,mosey.txt,2309,2,6,3.585535,8279,0,0,59,985,1123,138,4,0
odyle,odyle.txt,2309,2,6,3.585535,8279,0,0,54,974,1158,121,2,0
ourey,ourey.txt,2309,2,6,3.585535,8279,0,0,45,1001,1133,126,4,0
pirre,pirre.txt,2309,2,6,3.585535,8279,0,0,51,997,1122,136,3,0
rafty,rafty.txt,2309,2,6,3.585535,8279,0,0,62,947,1188,110,2,0
ragee,ragee.txt,2309,2,6,3.585535,8279,0,0,61,978,1132,133,5,0
renks,renks.txt,2309,2,6,3.585535,8279,0,0,45,990,1154,117,3,0
savin,savin.txt,2309,2,6,3.585535,8279,0,0,68,975,1118,142,6,0
shtup,shtup.txt,2309,2,6,3.585535,8279,0,0,67,972,1125,141,4,0
spork,spork.txt,2309,2,6,3.585535,8279,0,0,60,973,1147,122,7,0
trior,trior.txt,2309,2,6,3.585535,8279,0,0,54,1000,1109,141,5,0
usnea,usnea.txt,2309,2,6,3.585535,8279,0,0,51,993,1131,130,4,0
adios,adios.txt,2309,2,6,3.585968,8280,0,0,62,976,1132,134,5,0
afros,afros.txt,2309,2,6,3.585968,8280,0,0,60,972,1145,128,4,0
ambit,ambit.txt,2309,2,6,3.585968,8280,0,0,65,963,1148,129,4,0
auges,auges.txt,2309,2,6,3.585968,8280,0,0,65,955,1161,127,1,0
bantu,bantu.txt,2309,2,6,3.585968,8280,0,0,46,998,1132,132,1,0
begot,begot.txt,2309,2,6,3.585968,8280,0,0,62,960,1162,122,3,0
bigot,bigot.txt,2309,1,6,3.585968,8280,1,1,68,950,1162,123,5,0
fairy,fairy.txt,2309,1,6,3.585968,8280,1,1,66,957,1156,122,7,0
fraud,fraud.txt,2309,1,6,3.585968,8280,1,1,58,974,1144,127,5,0
gapos,gapos.txt,2309,2,6,3.585968,8280,0,0,57,981,1137,129,5,0
gluey,gluey.txt,2309,2,6,3.585968,8280,0,0,66,956,1157,128,2,0
ingot,ingot.txt,2309,1,6,3.585968,8280,1,1,61,975,1132,136,4,0
karos,karos.txt,2309,2,6,3.585968,8280,0,0,57,964,1169,116,3,0
kents,kents.txt,2309,2,6,3.585968,8280,0,0,41,1003,1137,127,1,0
keros,keros.txt,2309,2,6,3.585968,8280,0,0,48,1005,1117,133,6,0
lycra,lycra.txt,2309,2,6,3.585968,8280,0,0,61,973,1139,133,3,0
naifs,naifs.txt,2309,2,6,3.585968,8280,0,0,60,955,1176,117,1,0
niece,niece.txt,2309,1,6,3.585968,8280,1,1,41,1014,1115,133,5,0
paver,paver.txt,2309,2,6,3.585968,8280,0,0,60,976,1136,134,3,0
pebas,pebas.txt,2309,2,6,3.585968,8280,0,0,51,974,1166,116,2,0
pegos,pegos.txt,2309,2,6,3.585968,8280,0,0,50,972,1174,110,3,0
piece,piece.txt,2309,1,6,3.585968,8280,1,1,57,963,1165,122,1,0
regma,regma.txt,2309,2,6,3.585968,8280,0,0,68,952,1162,122,5,0
seeld,seeld.txt,2309,2,6,3.585968,8280,0,0,60,975,1139,131,4,0
sheet,sheet.txt,2309,1,6,3.585968,8280,1,1,60,982,1119,145,2,0
temse,temse.txt,2309,2,6,3.585968,8280,0,0,58,971,1156,117,7,0
thegn,thegn.txt,2309,2,6,3.585968,8280,0,0,63,977,1126,139,4,0
vants,vants.txt,2309,2,6,3.585968,8280,0,0,48,987,1150,121,3,0
voice,voice.txt,2309,1,6,3.585968,8280,1,1,54,992,1117,143,2,0
worth,worth.txt,2309,1,6,3.585968,8280,1,1,68,970,1124,139,7,0
avine,avine.txt,2309,2,6,3.586401,8281,0,0,64,975,1128,136,6,0
boeti,boeti.txt,2309,2,6,3.586401,8281,0,0,53,989,1131,132,4,0
borek,borek.txt,2309,2,6,3.586401,8281,0,0,60,965,1156,126,2,0
dover,dover.txt,2309,2,6,3.586401,8281,0,0,63,963,1153,126,4,0
enter,enter.txt,2309,1,6,3.586401,8281,1,1,64,956,1157,130,1,0
ephor,ephor.txt,2309,2,6,3.586401,8281,0,0,60,980,1128,137,4,0
facto,facto.txt,2309,2,6,3.586401,8281,0,0,66,939,1190,112,2,0
faurd,faurd.txt,2309,2,6,3.586401,8281,0,0,57,972,1152,125,3,0
fices,fices.txt,2309,2,6,3.586401,8281,0,0,63,955,1169,118,4,0
freet,freet.txt,2309,2,6,3.586401,8281,0,0,71,962,1130,143,3,0
furol,furol.txt,2309,2,6,3.586401,8281,0,0,61,971,1143,130,4,0
lesbo,lesbo.txt,2309,2,6,3.586401,8281,0,0,60,965,1156,126,2,0
likes,likes.txt,2309,2,6,3.586401,8281,0,0,44,998,1138,127,2,0
mitch,mitch.txt,2309,2,6,3.586401,8281,0,0,58,982,1129,137,3,0
racks,racks.txt,2309,2,6,3.586401,8281,0,0,49,973,1173,112,2,0
rakis,rakis.txt,2309,2,6,3.586401,8281,0,0,49,978,1163,117,2,0
roved,roved.txt,2309,2,6,3.586401,8281,0,0,62,963,1156,124,4,0
sword,sword.txt,2309,1,6,3.586401,8281,1,1,63,952,1170,120,3,0
tempi,tempi.txt,2309,2,6,3.586401,8281,0,0,54,970,1168,111,6,0
thelf,thelf.txt,2309,2,6,3.586401,8281,0,0,56,975,1151,122,5,0
tokes,tokes.txt,2309,2,6,3.586401,8281,0,0,43,992,1153,119,2,0
tumid,tumid.txt,2309,2,6,3.586401,8281,0,0,67,966,1134,139,3,0
twirp,twirp.txt,2309,2,6,3.586401,8281,0,0,62,956,1168,121,2,0
vairs,vairs.txt,2309,2,6,3.586401,8281,0,0,65,947,1179,114,4,0
white,white.txt,2309,1,6,3.586401,8281,1,1,73,937,1170,125,3,0
bandh,bandh.txt,2309,2,6,3.586834,8282,0,0,49,994,1130,134,2,0
blays,blays.txt,2309,2,6,3.586834,8282,0,0,48,980,1161,118,2,0
bused,bused.txt,2309,1,6,3.586834,8282,1,1,59,967,1152,126,4,0
cavie,cavie.txt,2309,2,6,3.586834,8282,0,0,56,1005,1093,147,8,0
crudy,crudy.txt,2309,2,6,3.586834,8282,0,0,60,965,1158,121,5,0
dunch,dunch.txt,2309,2,6,3.586834,8282,0,0,56,976,1144,132,1,0
eagle,eagle.txt,2309,1,6,3.586834,8282,1,1,65,959,1152,126,6,0
eyots,eyots.txt,2309,2,6,3.586834,8282,0,0,50,992,1133,130,4,0
filth,filth.txt,2309,1,6,3.586834,8282,1,1,66,938,1189,111,4,0
flaps,flaps.txt,2309,2,6,3.586834,8282,0,0,47,971,1181,109,1,0
mobes,mobes.txt,2309,2,6,3.586834,8282,0,0,52,968,1175,110,4,0
motus,motus.txt,2309,2,6,3.586834,8282,0,0,63,955,1167,121,3,0
parev,parev.txt,2309,2,6,3.586834,8282,0,0,53,985,1138,129,4,0
parks,parks.txt,2309,2,6,3.586834,8282,0,0,59,967,1159,117,7,0
perfs,perfs.txt,2309,2,6,3.586834,8282,0,0,47,972,1180,108,2,0
pneus,pneus.txt,2309,2,6,3.586834,8282,0,0,66,981,1107,151,4,0
prees,prees.txt,2309,2,6,3.586834,8282,0,0,60,978,1133,132,6,0
rille,rille.txt,2309,2,6,3.586834,8282,0,0,47,1005,1115,139,3,0
ringy,ringy.txt,2309,2,6,3.586834,8282,0,0,63,961,1154,129,2,0
rolfs,rolfs.txt,2309,2,6,3.586834,8282,0,0,54,975,1153,125,2,0
rungs,rungs.txt,2309,2,6,3.586834,8282,0,0,60,984,1119,142,4,0
scraw,scraw.txt,2309,2,6,3.586834,8282,0,0,51,976,1162,116,4,0
scuft,scuft.txt,2309,2,6,3.586834,8282,0,0,55,969,1163,119,3,0
selva,selva.txt,2309,2,6,3.586834,8282,0,0,66,968,1131,142,2,0
shank,shank.txt,2309,1,6,3.586834,8282,1,1,55,982,1132,137,2,0
synth,synth.txt,2309,2,6,3.586834,8282,0,0,58,981,1131,135,4,0
talea,talea.txt,2309,2,6,3.586834,8282,0,0,57,969,1156,125,2,0
widen,widen.txt,2309,1,6,3.586834,8282,1,1,66,963,1138,138,3,0
areal,areal.txt,2309,2,6,3.587267,8283,0,0,58,985,1125,134,7,0
brush,brush.txt,2309,1,6,3.587267,8283,1,1,60,969,1143,133,3,0
chiru,chiru.txt,2309,2,6,3.587267,8283,0,0,54,1006,1092,153,4,0
clubs,clubs.txt,2309,2,6,3.587267,8283,0,0,57,966,1161,123,2,0
corby,corby.txt,2309,2,6,3.587267,8283,0,0,64,944,1185,113,3,0
demic,demic.txt,2309,2,6,3.587267,8283,0,0,60,957,1169,122,1,0
dicty,dicty.txt,2309,2,6,3.587267,8283,0,0,60,971,1142,134,2,0
duroy,duroy.txt,2309,2,6,3.587267,8283,0,0,58,974,1147,123,7,0
finos,finos.txt,2309,2,6,3.587267,8283,0,0,59,969,1152,124,5,0
frags,frags.txt,2309,2,6,3.587267,8283,0,0,54,967,1169,116,3,0
gibed,gibed.txt,2309,2,6,3.587267,8283,0,0,60,954,1176,117,2,0
linum,linum.txt,2309,2,6,3.587267,8283,0,0,55,971,1160,118,5,0
minds,minds.txt,2309,2,6,3.587267,8283,0,0,56,959,1177,116,1,0
munis,munis.txt,2309,2,6,3.587267,8283,0,0,60,964,1160,119,6,0
neigh,neigh.txt,2309,1,6,3.587267,8283,1,1,55,987,1123,139,4,0
nifes,nifes.txt,2309,2,6,3.587267,8283,0,0,64,961,1153,126,5,0
omens,omens.txt,2309,2,6,3.587267,8283,0,0,53,985,1136,132,3,0
pagod,pagod.txt,2309,2,6,3.587267,8283,0,0,52,987,1136,130,4,0
phoca,phoca.txt,2309,2,6,3.587267,8283,0,0,60,997,1091,158,3,0
pilaf,pilaf.txt,2309,2,6,3.587267,8283,0,0,52,989,1131,134,3,0
pimas,pimas.txt,2309,2,6,3.587267,8283,0,0,50,988,1140,127,4,0
profs,profs.txt,2309,2,6,3.587267,8283,0,0,47,982,1160,117,3,0
serra,serra.txt,2309,2,6,3.587267,8283,0,0,46,1005,1118,136,4,0
stick,stick.txt,2309,1,6,3.587267,8283,1,1,53,972,1156,126,1,0
tubas,tubas.txt,2309,2,6,3.587267,8283,0,0,60,963,1161,120,5,0
weary,weary.txt,2309,1,6,3.587267,8283,1,1,62,970,1136,136,4,0
albee,albee.txt,2309,2,6,3.5877,8284,0,0,61,964,1153,128,3,0
anigh,anigh.txt,2309,2,6,3.5877,8284,0,0,53,1008,1093,148,7,0
antae,antae.txt,2309,2,6,3.5877,8284,0,0,59,970,1149,126,5,0
bergs,bergs.txt,2309,2,6,3.5877,8284,0,0,61,960,1160,126,2,0
drock,drock.txt,2309,2,6,3.5877,8284,0,0,50,986,1142,128,3,0
glike,glike.txt,2309,2,6,3.5877,8284,0,0,56,989,1118,143,3,0
grese,grese.txt,2309,2,6,3.5877,8284,0,0,56,996,1109,140,8,0
hongs,hongs.txt,2309,2,6,3.5877,8284,0,0,52,982,1144,128,3,0
knule,knule.txt,2309,2,6,3.5877,8284,0,0,63,964,1151,124,7,0
mardy,mardy.txt,2309,2,6,3.5877,8284,0,0,66,946,1172,124,1,0
meter,meter.txt,2309,1,6,3.5877,8284,1,1,71,964,1121,147,5,0
misty,misty.txt,2309,2,6,3.5877,8284,0,0,63,942,1191,110,3,0
mocap,mocap.txt,2309,2,6,3.5877,8284,0,0,65,948,1172,122,2,0
murti,murti.txt,2309,2,6,3.5877,8284,0,0,57,983,1128,137,4,0
orgic,orgic.txt,2309,2,6,3.5877,8284,0,0,52,971,1167,115,4,0
owler,owler.txt,2309,2,6,3.5877,8284,0,0,56,973,1150,127,3,0
poems,poems.txt,2309,2,6,3.5877,8284,0,0,58,961,1169,117,4,0
poyas,poyas.txt,2309,2,6,3.5877,8284,0,0,55,977,1143,133,1,0
rusma,rusma.txt,2309,2,6,3.5877,8284,0,0,65,957,1155,129,3,0
sheel,sheel.txt,2309,2,6,3.5877,8284,0,0,60,997,1090,159,3,0
stall,stall.txt,2309,1,6,3.5877,8284,1,1,52,981,1147,120,8,0
tatie,tatie.txt,2309,2,6,3.5877,8284,0,0,62,983,1113,147,4,0
types,types.txt,2309,2,6,3.5877,8284,0,0,52,961,1184,111,1,0
wanly,wanly.txt,2309,2,6,3.5877,8284,0,0,51,974,1162,120,2,0
wined,wined.txt,2309,2,6,3.5877,8284,0,0,66,965,1136,139,3,0
yorps,yorps.txt,2309,2,6,3.5877,8284,0,0,55,972,1155,124,3,0
youse,youse.txt,2309,2,6,3.5877,8284,0,0,42,1003,1135,123,6,0
amnic,amnic.txt,2309,2,6,3.588133,8285,0,0,54,996,1110,145,4,0
asker,asker.txt,2309,2,6,3.588133,8285,0,0,43,992,1151,119,4,0
binds,binds.txt,2309,2,6,3.588133,8285,0,0,53,959,1184,112,1,0
blank,blank.txt,2309,1,6,3.588133,8285,1,1,67,948,1162,128,3,0
bodge,bodge.txt,2309,2,6,3.588133,8285,0,0,69,937,1181,120,2,0
cleep,cleep.txt,2309,2,6,3.588133,8285,0,0,65,965,1138,138,3,0
clows,clows.txt,2309,2,6,3.588133,8285,0,0,51,974,1160,123,1,0
coven,coven.txt,2309,1,6,3.588133,8285,1,1,62,965,1143,135,3,0
crunk,crunk.txt,2309,2,6,3.588133,8285,0,0,55,978,1142,131,3,0
dahis,dahis.txt,2309,2,6,3.588133,8285,0,0,50,999,1115,142,3,0
dings,dings.txt,2309,2,6,3.588133,8285,0,0,57,963,1166,120,3,0
gyred,gyred.txt,2309,2,6,3.588133,8285,0,0,52,961,1183,112,1,0
halve,halve.txt,2309,1,6,3.588133,8285,1,1,65,958,1149,132,4,0
meths,meths.txt,2309,2,6,3.588133,8285,0,0,56,971,1153,126,3,0
nerka,nerka.txt,2309,2,6,3.588133,8285,0,0,55,983,1135,130,6,0
netes,netes.txt,2309,2,6,3.588133,8285,0,0,60,953,1175,120,1,0
omrah,omrah.txt,2309,2,6,3.588133,8285,0,0,63,969,1138,134,5,0
pendu,pendu.txt,2309,2,6,3.588133,8285,0,0,48,978,1167,109,7,0
plink,plink.txt,2309,2,6,3.588133,8285,0,0,58,973,1143,132,3,0
plonk,plonk.txt,2309,2,5,3.588133,8285,0,0,53,965,1171,120,0,0
ponga,ponga.txt,2309,2,6,3.588133,8285,0,0,60,980,1121,147,1,0
purda,purda.txt,2309,2,6,3.588133,8285,0,0,63,988,1101,151,6,0
radgy,radgy.txt,2309,2,6,3.588133,8285,0,0,62,960,1157,127,3,0
saved,saved.txt,2309,2,6,3.588133,8285,0,0,55,973,1152,126,3,0
steak,steak.txt,2309,1,6,3.588133,8285,1,1,52,979,1150,119,8,0
veils,veils.txt,2309,2,6,3.588133,8285,0,0,58,985,1120,142,4,0
viols,viols.txt,2309,2,6,3.588133,8285,0,0,60,971,1143,130,5,0
whear,whear.txt,2309,2,6,3.588133,8285,0,0,68,967,1125,146,3,0
boche,boche.txt,2309,2,6,3.588566,8286,0,0,54,972,1157,122,4,0
dagos,dagos.txt,2309,2,6,3.588566,8286,0,0,48,987,1147,121,6,0
dunam,dunam.txt,2309,2,6,3.588566,8286,0,0,64,961,1149,131,4,0
dynos,dynos.txt,2309,2,6,3.588566,8286,0,0,49,977,1164,113,6,0
flory,flory.txt,2309,2,6,3.588566,8286,0,0,60,957,1169,119,4,0
ghaut,ghaut.txt,2309,2,6,3.588566,8286,0,0,63,971,1130,143,2,0
gonef,gonef.txt,2309,2,6,3.588566,8286,0,0,62,957,1162,125,3,0
green,green.txt,2309,1,6,3.588566,8286,1,1,61,970,1135,139,3,0
leafy,leafy.txt,2309,1,6,3.588566,8286,1,1,61,952,1170,123,2,0
liver,liver.txt,2309,1,6,3.588566,8286,1,1,73,951,1138,142,4,0
mered,mered.txt,2309,2,6,3.588566,8286,0,0,58,974,1141,132,4,0
micos,micos.txt,2309,2,6,3.588566,8286,0,0,64,956,1160,124,5,0
neper,neper.txt,2309,2,6,3.588566,8286,0,0,61,962,1154,130,2,0
obied,obied.txt,2309,2,6,3.588566,8286,0,0,56,963,1168,119,3,0
podia,podia.txt,2309,2,6,3.588566,8286,0,0,71,966,1118,150,4,0
shady,shady.txt,2309,1,6,3.588566,8286,1,1,58,970,1144,133,3,0
toshy,toshy.txt,2309,2,6,3.588566,8286,0,0,55,977,1142,133,2,0
trill,trill.txt,2309,2,6,3.588566,8286,0,0,46,995,1137,125,6,0
uteri,uteri.txt,2309,2,6,3.588566,8286,0,0,55,992,1116,140,6,0
wraps,wraps.txt,2309,2,6,3.588566,8286,0,0,51,975,1161,117,5,0
yulan,yulan.txt,2309,2,6,3.588566,8286,0,0,42,1006,1125,132,4,0
aiver,aiver.txt,2309,2,6,3.589,8287,0,0,66,960,1146,131,6,0
aller,aller.txt,2309,2,6,3.589,8287,0,0,47,997,1126,136,3,0
bardy,bardy.txt,2309,2,6,3.589,8287,0,0,69,933,1190,112,5,0
bling,bling.txt,2309,2,6,3.589,8287,0,0,55,966,1163,123,2,0
blogs,blogs.txt,2309,2,6,3.589,8287,0,0,49,982,1150,125,3,0
bulge,bulge.txt,2309,1,6,3.589,8287,1,1,66,952,1154,134,2,0
cloot,cloot.txt,2309,2,6,3.589,8287,0,0,53,993,1117,142,4,0
clump,clump.txt,2309,1,6,3.589,8287,1,1,63,951,1167,123,4,0
colby,colby.txt,2309,2,6,3.589,8287,0,0,56,962,1168,121,2,0
craze,craze.txt,2309,1,6,3.589,8287,1,1,51,985,1133,137,2,0
cuing,cuing.txt,2309,2,6,3.589,8287,0,0,54,979,1141,132,3,0
dhoni,dhoni.txt,2309,2,6,3.589,8287,0,0,53,994,1113,147,2,0
fiend,fiend.txt,2309,1,6,3.589,8287,1,1,57,982,1122,144,3,0
foyle,foyle.txt,2309,2,6,3.589,8287,0,0,54,964,1173,113,5,0
godly,godly.txt,2309,1,6,3.589,8287,1,1,72,940,1160,134,2,0
meres,meres.txt,2309,2,6,3.589,8287,0,0,56,979,1138,130,6,0
opery,opery.txt,2309,2,6,3.589,8287,0,0,58,969,1151,126,5,0
ostia,ostia.txt,2309,2,6,3.589,8287,0,0,61,973,1134,136,5,0
pawed,pawed.txt,2309,2,6,3.589,8287,0,0,57,966,1157,127,2,0
pogue,pogue.txt,2309,2,6,3.589,8287,0,0,55,993,1109,150,2,0
pondy,pondy.txt,2309,2,6,3.589,8287,0,0,58,959,1168,122,2,0
rebel,rebel.txt,2309,1,6,3.589,8287,1,1,60,973,1131,141,3,0
these,these.txt,2309,1,6,3.589,8287,1,1,66,966,1126,148,2,0
unleg,unleg.txt,2309,2,6,3.589,8287,0,0,62,950,1175,119,3,0
viper,viper.txt,2309,1,6,3.589,8287,1,1,61,961,1152,131,3,0
aleem,aleem.txt,2309,2,6,3.589433,8288,0,0,59,977,1130,139,4,0
amity,amity.txt,2309,1,6,3.589433,8288,1,1,55,972,1146,133,2,0
apods,apods.txt,2309,2,6,3.589433,8288,0,0,47,994,1132,132,4,0
bhels,bhels.txt,2309,2,6,3.589433,8288,0,0,61,959,1157,131,1,0
bound,bound.txt,2309,1,5,3.589433,8288,1,1,61,956,1158,133,0,0
bower,bower.txt,2309,2,6,3.589433,8288,0,0,56,964,1162,126,1,0
carta,carta.txt,2309,2,6,3.589433,8288,0,0,53,989,1123,141,3,0
dogly,dogly.txt,2309,2,6,3.589433,8288,0,0,69,946,1160,132,2,0
dyers,dyers.txt,2309,2,6,3.589433,8288,0,0,51,987,1138,125,8,0
eider,eider.txt,2309,2,6,3.589433,8288,0,0,57,979,1133,135,5,0
etuis,etuis.txt,2309,2,6,3.589433,8288,0,0,60,990,1104,148,7,0
fades,fades.txt,2309,2,6,3.589433,8288,0,0,53,960,1181,112,3,0
fides,fides.txt,2309,2,6,3.589433,8288,0,0,64,944,1181,116,4,0
garbs,garbs.txt,2309,2,6,3.589433,8288,0,0,56,958,1177,114,4,0
grece,grece.txt,2309,2,6,3.589433,8288,0,0,57,981,1128,139,4,0
guyle,guyle.txt,2309,2,6,3.589433,8288,0,0,62,961,1151,133,2,0
hardy,hardy.txt,2309,1,6,3.589433,8288,1,1,62,962,1146,135,3,0
iftar,iftar.txt,2309,2,6,3.589433,8288,0,0,59,953,1178,115,4,0
input,input.txt,2309,1,6,3.589433,8288,1,1,60,971,1133,142,2,0
laves,laves.txt,2309,2,6,3.589433,8288,0,0,64,955,1157,131,2,0
links,links.txt,2309,2,6,3.589433,8288,0,0,46,992,1136,134,1,0
lythe,lythe.txt,2309,2,6,3.589433,8288,0,0,50,982,1146,128,3,0
mangs,mangs.txt,2309,2,6,3.589433,8288,0,0,50,988,1135,132,4,0
moity,moity.txt,2309,2,6,3.589433,8288,0,0,57,975,1139,135,3,0
mutis,mutis.txt,2309,2,6,3.589433,8288,0,0,66,956,1154,126,7,0
nudge,nudge.txt,2309,1,6,3.589433,8288,1,1,62,961,1148,134,3,0
perks,perks.txt,2309,2,6,3.589433,8288,0,0,52,971,1163,119,4,0
rowme,rowme.txt,2309,2,6,3.589433,8288,0,0,52,981,1142,131,3,0
steik,steik.txt,2309,2,6,3.589433,8288,0,0,57,986,1120,140,6,0
torrs,torrs.txt,2309,2,6,3.589433,8288,0,0,49,992,1128,138,2,0
typed,typed.txt,2309,2,6,3.589433,8288,0,0,55,944,1205,104,1,0
vilde,vilde.txt,2309,2,6,3.589433,8288,0,0,70,945,1160,131,3,0
vrils,vrils.txt,2309,2,6,3.589433,8288,0,0,49,978,1157,122,3,0
aeger,aeger.txt,2309,2,6,3.589866,8289,0,0,50,991,1129,134,5,0
betel,betel.txt,2309,1,6,3.589866,8289,1,1,59,965,1151,127,6,0
campi,campi.txt,2309,2,6,3.589866,8289,0,0,54,980,1138,133,4,0
cowan,cowan.txt,2309,2,6,3.589866,8289,0,0,55,993,1113,140,8,0
derby,derby.txt,2309,1,6,3.589866,8289,1,1,61,944,1184,116,3,0
dosai,dosai.txt,2309,2,6,3.589866,8289,0,0,46,1007,1107,146,3,0
elide,elide.txt,2309,1,6,3.589866,8289,1,1,50,984,1139,130,5,0
flams,flams.txt,2309,2,6,3.589866,8289,0,0,57,950,1190,107,5,0
folds,folds.txt,2309,2,5,3.589866,8289,0,0,49,946,1217,97,0,0
gotch,gotch.txt,2309,2,6,3.589866,8289,0,0,47,988,1142,129,3,0
grebo,grebo.txt,2309,2,6,3.589866,8289,0,0,55,957,1180,114,3,0
gursh,gursh.txt,2309,2,6,3.589866,8289,0,0,60,990,1102,151,6,0
lepak,lepak.txt,2309,2,6,3.589866,8289,0,0,63,959,1153,130,4,0
liefs,liefs.txt,2309,2,6,3.589866,8289,0,0,64,958,1150,135,2,0
mersk,mersk.txt,2309,2,6,3.589866,8289,0,0,49,984,1145,127,4,0
monty,monty.txt,2309,2,6,3.589866,8289,0,0,65,958,1151,129,6,0
mower,mower.txt,2309,1,6,3.589866,8289,1,1,55,966,1158,126,3,0
norks,norks.txt,2309,2,6,3.589866,8289,0,0,45,974,1174,115,1,0
novel,novel.txt,2309,1,6,3.589866,8289,1,1,67,929,1195,115,2,0
pasmo,pasmo.txt,2309,2,6,3.589866,8289,0,0,65,962,1141,137,4,0
pilum,pilum.txt,2309,2,6,3.589866,8289,0,0,60,959,1160,128,2,0
reata,reata.txt,2309,2,6,3.589866,8289,0,0,61,973,1131,140,4,0
roshi,roshi.txt,2309,2,6,3.589866,8289,0,0,45,1006,1113,141,4,0
sidha,sidha.txt,2309,2,6,3.589866,8289,0,0,49,998,1118,139,5,0
swith,swith.txt,2309,2,6,3.589866,8289,0,0,72,943,1156,136,2,0
toter,toter.txt,2309,2,6,3.589866,8289,0,0,62,967,1137,142,1,0
ulmos,ulmos.txt,2309,2,6,3.589866,8289,0,0,52,986,1130,139,2,0
useta,useta.txt,2309,2,6,3.589866,8289,0,0,55,996,1107,143,8,0
vires,vires.txt,2309,2,6,3.589866,8289,0,0,61,975,1125,146,2,0
wrang,wrang.txt,2309,2,6,3.589866,8289,0,0,54,974,1149,129,3,0
yeads,yeads.txt,2309,2,6,3.589866,8289,0,0,53,963,1174,116,3,0
yonis,yonis.txt,2309,2,6,3.589866,8289,0,0,50,989,1132,134,4,0
ashed,ashed.txt,2309,2,6,3.590299,8290,0,0,51,970,1165,120,3,0
baths,baths.txt,2309,2,6,3.590299,8290,0,0,54,967,1162,123,3,0
clews,clews.txt,2309,2,6,3.590299,8290,0,0,56,956,1177,118,2,0
conks,conks.txt,2309,2,6,3.590299,8290,0,0,49,967,1175,117,1,0
coups,coups.txt,2309,2,6,3.590299,8290,0,0,60,966,1145,136,2,0
dreys,dreys.txt,2309,2,6,3.590299,8290,0,0,43,999,1135,125,7,0
ducts,ducts.txt,2309,2,6,3.590299,8290,0,0,54,975,1148,127,5,0
ghoul,ghoul.txt,2309,1,6,3.590299,8290,1,1,51,969,1163,122,3,0
goety,goety.txt,2309,2,6,3.590299,8290,0,0,55,981,1132,137,4,0
grody,grody.txt,2309,2,6,3.590299,8290,0,0,61,949,1177,119,3,0
gunas,gunas.txt,2309,2,6,3.590299,8290,0,0,65,969,1128,141,6,0
image,image.txt,2309,1,6,3.590299,8290,1,1,62,975,1124,138,9,0
inkle,inkle.txt,2309,2,6,3.590299,8290,0,0,48,990,1136,130,5,0
kolas,kolas.txt,2309,2,6,3.590299,8290,0,0,55,976,1143,130,5,0
lawny,lawny.txt,2309,2,6,3.590299,8290,0,0,46,979,1161,121,2,0
limpa,limpa.txt,2309,2,6,3.590299,8290,0,0,56,988,1117,142,6,0
lovie,lovie.txt,2309,2,6,3.590299,8290,0,0,77,943,1140,147,2,0
medic,medic.txt,2309,1,6,3.590299,8290,1,1,55,955,1177,120,1,0
nowls,nowls.txt,2309,2,6,3.590299,8290,0,0,48,973,1166,121,1,0
peles,peles.txt,2309,2,6,3.590299,8290,0,0,58,956,1171,122,2,0
pinga,pinga.txt,2309,2,6,3.590299,8290,0,0,61,977,1120,149,2,0
porgy,porgy.txt,2309,2,6,3.590299,8290,0,0,58,945,1194,109,3,0
sedum,sedum.txt,2309,2,6,3.590299,8290,0,0,63,960,1153,126,7,0
shonk,shonk.txt,2309,2,6,3.590299,8290,0,0,53,983,1135,133,5,0
thraw,thraw.txt,2309,2,6,3.590299,8290,0,0,66,951,1158,131,3,0
twerp,twerp.txt,2309,2,6,3.590299,8290,0,0,72,945,1151,139,2,0
twocs,twocs.txt,2309,2,6,3.590299,8290,0,0,51,981,1143,131,3,0
udons,udons.txt,2309,2,6,3.590299,8290,0,0,44,990,1150,118,7,0
whose,whose.txt,2309,1,6,3.590299,8290,1,1,65,958,1144,137,4,0
atimy,atimy.txt,2309,2,6,3.590732,8291,0,0,55,965,1162,124,3,0
begin,begin.txt,2309,1,6,3.590732,8291,1,1,67,943,1166,129,3,0
blush,blush.txt,2309,1,6,3.590732,8291,1,1,57,961,1162,123,5,0
deles,deles.txt,2309,2,6,3.590732,8291,0,0,52,980,1142,131,4,0
ervil,ervil.txt,2309,2,5,3.590732,8291,0,0,70,939,1166,134,0,0
inula,inula.txt,2309,2,6,3.590732,8291,0,0,55,997,1101,150,6,0
koras,koras.txt,2309,2,6,3.590732,8291,0,0,56,967,1155,128,3,0
lownd,lownd.txt,2309,2,5,3.590732,8291,0,0,62,945,1178,124,0,0
lungs,lungs.txt,2309,2,6,3.590732,8291,0,0,60,963,1151,132,3,0
lytic,lytic.txt,2309,2,6,3.590732,8291,0,0,52,985,1132,136,4,0
maare,maare.txt,2309,2,6,3.590732,8291,0,0,60,980,1117,149,3,0
mesyl,mesyl.txt,2309,2,6,3.590732,8291,0,0,49,969,1173,114,4,0
nashi,nashi.txt,2309,2,6,3.590732,8291,0,0,51,976,1153,125,4,0
nmoli,nmoli.txt,2309,2,6,3.590732,8291,0,0,51,979,1147,128,4,0
obits,obits.txt,2309,2,6,3.590732,8291,0,0,50,978,1151,127,3,0
shoud,shoud.txt,2309,2,6,3.590732,8291,0,0,57,974,1137,139,2,0
speer,speer.txt,2309,2,6,3.590732,8291,0,0,69,957,1139,138,6,0
troll,troll.txt,2309,1,6,3.590732,8291,1,1,38,1005,1131,129,5,0
unsod,unsod.txt,2309,2,6,3.590732,8291,0,0,58,974,1137,135,5,0
voles,voles.txt,2309,2,6,3.590732,8291,0,0,63,956,1158,127,5,0
yolps,yolps.txt,2309,2,6,3.590732,8291,0,0,53,958,1183,111,4,0
yurts,yurts.txt,2309,2,6,3.590732,8291,0,0,56,981,1135,126,11,0
arame,arame.txt,2309,2,6,3.591165,8292,0,0,58,990,1102,156,3,0
bitch,bitch.txt,2309,2,6,3.591165,8292,0,0,51,988,1128,138,4,0
chief,chief.txt,2309,1,6,3.591165,8292,1,1,57,968,1144,137,2,0
cubes,cubes.txt,2309,2,6,3.591165,8292,0,0,62,942,1186,116,3,0
deink,deink.txt,2309,2,6,3.591165,8292,0,0,52,987,1127,139,4,0
fouls,fouls.txt,2309,2,6,3.591165,8292,0,0,57,950,1184,116,2,0
ghusl,ghusl.txt,2309,2,6,3.591165,8292,0,0,52,987,1128,137,5,0
koels,koels.txt,2309,2,6,3.591165,8292,0,0,52,981,1136,139,1,0
lyric,lyric.txt,2309,1,6,3.591165,8292,1,1,50,963,1176,116,3,0
misch,misch.txt,2309,2,6,3.591165,8292,0,0,61,961,1149,137,1,0
mohrs,mohrs.txt,2309,2,6,3.591165,8292,0,0,57,978,1129,142,3,0
phony,phony.txt,2309,1,6,3.591165,8292,1,1,65,957,1145,136,5,0
platt,platt.txt,2309,2,6,3.591165,8292,0,0,55,971,1150,129,4,0
ratas,ratas.txt,2309,2,6,3.591165,8292,0,0,48,968,1175,116,2,0
sheng,sheng.txt,2309,2,6,3.591165,8292,0,0,46,989,1139,133,2,0
ulema,ulema.txt,2309,2,6,3.591165,8292,0,0,63,970,1129,142,5,0
valis,valis.txt,2309,2,6,3.591165,8292,0,0,66,945,1168,127,3,0
voars,voars.txt,2309,2,6,3.591165,8292,0,0,66,952,1155,132,4,0
volts,volts.txt,2309,2,6,3.591165,8292,0,0,59,956,1169,120,5,0
wites,wites.txt,2309,2,6,3.591165,8292,0,0,58,968,1145,136,2,0
aches,aches.txt,2309,2,6,3.591598,8293,0,0,48,981,1149,128,3,0
bowel,bowel.txt,2309,1,6,3.591598,8293,1,1,61,954,1159,132,2,0
champ,champ.txt,2309,1,5,3.591598,8293,1,1,62,944,1174,128,0,0
comps,comps.txt,2309,2,6,3.591598,8293,0,0,55,954,1183,113,4,0
cymol,cymol.txt,2309,2,6,3.591598,8293,0,0,55,952,1184,117,1,0
drees,drees.txt,2309,2,6,3.591598,8293,0,0,51,989,1128,134,7,0
fords,fords.txt,2309,2,6,3.591598,8293,0,0,50,968,1167,123,1,0
foyer,foyer.txt,2309,1,6,3.591598,8293,1,1,51,960,1178,116,3,0
genus,genus.txt,2309,2,6,3.591598,8293,0,0,62,964,1148,125,10,0
katis,katis.txt,2309,2,6,3.591598,8293,0,0,45,981,1157,124,2,0
lambs,lambs.txt,2309,2,6,3.591598,8293,0,0,53,972,1153,127,4,0
liked,liked.txt,2309,2,6,3.591598,8293,0,0,45,979,1162,120,3,0
lingy,lingy.txt,2309,2,5,3.591598,8293,0,0,66,947,1160,136,0,0
malik,malik.txt,2309,2,6,3.591598,8293,0,0,47,993,1130,134,5,0
nowts,nowts.txt,2309,2,6,3.591598,8293,0,0,51,968,1165,123,2,0
porks,porks.txt,2309,2,6,3.591598,8293,0,0,59,953,1172,122,3,0
puree,puree.txt,2309,1,6,3.591598,8293,1,1,56,983,1116,151,2,0
retem,retem.txt,2309,2,6,3.591598,8293,0,0,69,956,1137,143,4,0
rhody,rhody.txt,2309,2,6,3.591598,8293,0,0,59,963,1154,128,5,0
rupia,rupia.txt,2309,2,6,3.591598,8293,0,0,60,979,1116,152,2,0
scoup,scoup.txt,2309,2,6,3.591598,8293,0,0,63,959,1148,136,3,0
spawn,spawn.txt,2309,1,6,3.591598,8293,1,1,56,966,1153,128,5,0
syrup,syrup.txt,2309,1,6,3.591598,8293,1,1,62,962,1145,132,7,0
taira,taira.txt,2309,2,6,3.591598,8293,0,0,60,980,1116,149,4,0
yipes,yipes.txt,2309,2,6,3.591598,8293,0,0,54,966,1162,123,4,0
acker,acker.txt,2309,2,6,3.592031,8294,0,0,44,984,1154,124,3,0
aland,aland.txt,2309,2,6,3.592031,8294,0,0,60,963,1149,133,4,0
byres,byres.txt,2309,2,6,3.592031,8294,0,0,51,965,1172,117,4,0
caved,caved.txt,2309,2,5,3.592031,8294,0,0,53,965,1162,129,0,0
dalle,dalle.txt,2309,2,6,3.592031,8294,0,0,60,961,1156,125,7,0
dowie,dowie.txt,2309,2,6,3.592031,8294,0,0,58,978,1126,142,5,0
dowls,dowls.txt,2309,2,5,3.592031,8294,0,0,58,953,1171,127,0,0
drums,drums.txt,2309,2,6,3.592031,8294,0,0,46,986,1143,132,2,0
fonly,fonly.txt,2309,2,6,3.592031,8294,0,0,60,949,1178,117,5,0
fusil,fusil.txt,2309,2,6,3.592031,8294,0,0,64,958,1147,136,4,0
gebur,gebur.txt,2309,2,6,3.592031,8294,0,0,60,956,1160,132,1,0
glaum,glaum.txt,2309,2,6,3.592031,8294,0,0,65,952,1156,132,4,0
goura,goura.txt,2309,2,6,3.592031,8294,0,0,68,967,1116,155,3,0
ketas,ketas.txt,2309,2,6,3.592031,8294,0,0,44,970,1185,104,6,0
layup,layup.txt,2309,2,6,3.592031,8294,0,0,54,978,1134,142,1,0
leers,leers.txt,2309,2,6,3.592031,8294,0,0,53,988,1122,140,6,0
leets,leets.txt,2309,2,6,3.592031,8294,0,0,60,979,1120,143,7,0
lorel,lorel.txt,2309,2,6,3.592031,8294,0,0,48,1000,1112,144,5,0
mense,mense.txt,2309,2,6,3.592031,8294,0,0,51,970,1165,116,7,0
meous,meous.txt,2309,2,6,3.592031,8294,0,0,59,967,1148,127,8,0
muley,muley.txt,2309,2,6,3.592031,8294,0,0,62,960,1151,130,6,0
naiks,naiks.txt,2309,2,6,3.592031,8294,0,0,47,975,1164,119,4,0
noups,noups.txt,2309,2,6,3.592031,8294,0,0,46,987,1143,129,4,0
omlah,omlah.txt,2309,2,6,3.592031,8294,0,0,55,977,1136,137,4,0
optic,optic.txt,2309,1,6,3.592031,8294,1,1,54,974,1142,133,5,0
plock,plock.txt,2309,2,6,3.592031,8294,0,0,47,973,1168,117,4,0
plugs,plugs.txt,2309,2,6,3.592031,8294,0,0,53,976,1142,136,2,0
rasse,rasse.txt,2309,2,6,3.592031,8294,0,0,47,986,1141,132,3,0
rohus,rohus.txt,2309,2,6,3.592031,8294,0,0,60,970,1135,140,4,0
salol,salol.txt,2309,2,6,3.592031,8294,0,0,54,997,1102,149,7,0
shirk,shirk.txt,2309,1,6,3.592031,8294,1,1,51,998,1102,153,4,0
teugh,teugh.txt,2309,2,6,3.592031,8294,0,0,51,987,1129,137,5,0
treyf,treyf.txt,2309,2,6,3.592031,8294,0,0,45,983,1154,123,4,0
tulle,tulle.txt,2309,1,6,3.592031,8294,1,1,53,983,1128,138,6,0
uneth,uneth.txt,2309,2,6,3.592031,8294,0,0,50,991,1122,143,3,0
vraic,vraic.txt,2309,2,6,3.592031,8294,0,0,61,963,1146,135,4,0
whine,whine.txt,2309,1,6,3.592031,8294,1,1,68,946,1155,135,4,0
whorl,whorl.txt,2309,2,6,3.592031,8294,0,0,67,956,1140,144,2,0
wised,wised.txt,2309,2,6,3.592031,8294,0,0,55,971,1146,135,2,0
yerds,yerds.txt,2309,2,6,3.592031,8294,0,0,45,976,1169,114,5,0
alans,alans.txt,2309,2,6,3.592464,8295,0,0,53,978,1138,137,3,0
avise,avise.txt,2309,2,6,3.592464,8295,0,0,62,982,1107,151,7,0
bahts,bahts.txt,2309,2,6,3.592464,8295,0,0,53,962,1170,121,3,0
baker,baker.txt,2309,1,6,3.592464,8295,1,1,58,950,1174,124,2,0
bandy,bandy.txt,2309,2,6,3.592464,8295,0,0,63,939,1185,120,2,0
bloke,bloke.txt,2309,1,6,3.592464,8295,1,1,61,955,1155,135,2,0
bonus,bonus.txt,2309,1,6,3.592464,8295,1,1,55,962,1164,120,7,0
bosey,bosey.txt,2309,2,6,3.592464,8295,0,0,59,941,1194,112,3,0
chips,chips.txt,2309,2,6,3.592464,8295,0,0,54,975,1140,138,2,0
cupid,cupid.txt,2309,2,6,3.592464,8295,0,0,58,967,1144,138,2,0
curbs,curbs.txt,2309,2,6,3.592464,8295,0,0,62,956,1156,131,4,0
drows,drows.txt,2309,2,6,3.592464,8295,0,0,48,971,1168,118,4,0
flops,flops.txt,2309,2,6,3.592464,8295,0,0,50,955,1192,110,2,0
grufe,grufe.txt,2309,2,6,3.592464,8295,0,0,63,953,1158,132,3,0
gusto,gusto.txt,2309,1,6,3.592464,8295,1,1,56,963,1153,135,1,0
kines,kines.txt,2309,2,6,3.592464,8295,0,0,49,980,1148,127,5,0
kited,kited.txt,2309,2,6,3.592464,8295,0,0,54,968,1155,129,3,0
knits,knits.txt,2309,2,6,3.592464,8295,0,0,48,974,1159,127,1,0
lotte,lotte.txt,2309,2,6,3.592464,8295,0,0,62,938,1190,117,2,0
mucin,mucin.txt,2309,2,6,3.592464,8295,0,0,65,963,1135,140,6,0
oyers,oyers.txt,2309,2,6,3.592464,8295,0,0,44,1004,1116,139,6,0
paven,paven.txt,2309,2,6,3.592464,8295,0,0,60,969,1133,146,1,0
pilau,pilau.txt,2309,2,6,3.592464,8295,0,0,50,996,1116,139,8,0
proby,proby.txt,2309,2,6,3.592464,8295,0,0,52,957,1184,112,4,0
rawly,rawly.txt,2309,2,6,3.592464,8295,0,0,53,964,1166,123,3,0
sarky,sarky.txt,2309,2,6,3.592464,8295,0,0,50,979,1147,128,5,0
shelf,shelf.txt,2309,1,6,3.592464,8295,1,1,58,949,1177,121,3,0
swarm,swarm.txt,2309,1,6,3.592464,8295,1,1,56,958,1166,124,4,0
syped,syped.txt,2309,2,6,3.592464,8295,0,0,52,956,1185,113,3,0
tacks,tacks.txt,2309,2,6,3.592464,8295,0,0,42,971,1183,112,1,0
talas,talas.txt,2309,2,6,3.592464,8295,0,0,57,968,1148,131,5,0
voled,voled.txt,2309,2,6,3.592464,8295,0,0,64,948,1165,129,3,0
agony,agony.txt,2309,1,6,3.592897,8296,1,1,52,984,1128,137,7,0
anomy,anomy.txt,2309,2,6,3.592897,8296,0,0,60,989,1096,159,5,0
bemad,bemad.txt,2309,2,6,3.592897,8296,0,0,71,919,1199,119,1,0
beset,beset.txt,2309,1,6,3.592897,8296,1,1,57,950,1177,121,3,0
buena,buena.txt,2309,2,6,3.592897,8296,0,0,61,959,1151,135,3,0
bunas,bunas.txt,2309,2,6,3.592897,8296,0,0,60,960,1154,130,5,0
cakes,cakes.txt,2309,2,6,3.592897,8296,0,0,38,1003,1132,133,3,0
copha,copha.txt,2309,2,6,3.592897,8296,0,0,64,971,1120,149,5,0
cyber,cyber.txt,2309,1,6,3.592897,8296,1,1,57,950,1177,121,3,0
davit,davit.txt,2309,2,6,3.592897,8296,0,0,72,937,1163,133,4,0
deaws,deaws.txt,2309,2,6,3.592897,8296,0,0,52,955,1187,111,4,0
eagre,eagre.txt,2309,2,6,3.592897,8296,0,0,61,964,1144,134,6,0
faery,faery.txt,2309,2,6,3.592897,8296,0,0,67,947,1157,135,3,0
fagot,fagot.txt,2309,2,6,3.592897,8296,0,0,68,936,1176,126,3,0
farcy,farcy.txt,2309,2,6,3.592897,8296,0,0,62,937,1190,119,1,0
fouat,fouat.txt,2309,2,6,3.592897,8296,0,0,64,966,1129,146,4,0
fours,fours.txt,2309,2,6,3.592897,8296,0,0,56,957,1171,121,4,0
fraus,fraus.txt,2309,2,6,3.592897,8296,0,0,56,964,1157,128,4,0
glaik,glaik.txt,2309,2,6,3.592897,8296,0,0,50,976,1150,130,3,0
gudes,gudes.txt,2309,2,6,3.592897,8296,0,0,58,960,1160,126,5,0
gusli,gusli.txt,2309,2,6,3.592897,8296,0,0,56,965,1155,129,4,0
handy,handy.txt,2309,1,6,3.592897,8296,1,1,59,956,1159,131,3,0
hiker,hiker.txt,2309,2,6,3.592897,8296,0,0,46,991,1132,137,3,0
humor,humor.txt,2309,1,6,3.592897,8296,1,1,63,968,1125,147,5,0
lubra,lubra.txt,2309,2,6,3.592897,8296,0,0,67,941,1170,127,4,0
mayed,mayed.txt,2309,2,6,3.592897,8296,0,0,62,966,1133,146,2,0
mbars,mbars.txt,2309,2,6,3.592897,8296,0,0,54,968,1156,126,5,0
minty,minty.txt,2309,1,6,3.592897,8296,1,1,62,948,1169,123,6,0
naked,naked.txt,2309,2,6,3.592897,8296,0,0,50,963,1174,121,1,0
nivel,nivel.txt,2309,2,6,3.592897,8296,0,0,69,952,1142,142,4,0
nobly,nobly.txt,2309,1,6,3.592897,8296,1,1,54,950,1184,119,1,0
plebs,plebs.txt,2309,2,6,3.592897,8296,0,0,54,974,1143,134,4,0
pokal,pokal.txt,2309,2,6,3.592897,8296,0,0,58,964,1150,134,3,0
poort,poort.txt,2309,2,6,3.592897,8296,0,0,63,962,1140,140,4,0
powie,powie.txt,2309,2,6,3.592897,8296,0,0,53,980,1133,140,3,0
prore,prore.txt,2309,2,6,3.592897,8296,0,0,54,982,1127,142,4,0
redes,redes.txt,2309,2,6,3.592897,8296,0,0,49,978,1152,124,6,0
roton,roton.txt,2309,2,6,3.592897,8296,0,0,68,939,1171,127,4,0
spayd,spayd.txt,2309,2,6,3.592897,8296,0,0,55,953,1180,119,2,0
stock,stock.txt,2309,1,6,3.592897,8296,1,1,43,976,1169,115,5,0
syboe,syboe.txt,2309,2,6,3.592897,8296,0,0,49,953,1200,103,4,0
veldt,veldt.txt,2309,2,6,3.592897,8296,0,0,56,950,1183,118,2,0
ycled,ycled.txt,2309,2,6,3.592897,8296,0,0,47,959,1191,111,1,0
alumy,alumy.txt,2309,2,6,3.59333,8297,0,0,62,956,1155,131,5,0
brays,brays.txt,2309,2,6,3.59333,8297,0,0,50,968,1166,121,4,0
budes,budes.txt,2309,2,6,3.59333,8297,0,0,69,938,1169,129,4,0
decyl,decyl.txt,2309,2,6,3.59333,8297,0,0,51,962,1176,115,5,0
dutch,dutch.txt,2309,1,6,3.59333,8297,1,1,57,970,1137,140,4,0
gleba,gleba.txt,2309,2,6,3.59333,8297,0,0,59,950,1176,119,5,0
glibs,glibs.txt,2309,2,6,3.59333,8297,0,0,52,970,1157,125,5,0
guano,guano.txt,2309,2,6,3.59333,8297,0,0,61,972,1125,147,4,0
halfs,halfs.txt,2309,2,6,3.59333,8297,0,0,52,960,1176,117,4,0
hyper,hyper.txt,2309,1,6,3.59333,8297,1,1,60,941,1185,119,3,0
impot,impot.txt,2309,2,6,3.59333,8297,0,0,58,971,1136,140,4,0
kraft,kraft.txt,2309,2,6,3.59333,8297,0,0,56,950,1182,119,2,0
locum,locum.txt,2309,2,6,3.59333,8297,0,0,67,938,1174,127,3,0
maedi,maedi.txt,2309,2,6,3.59333,8297,0,0,50,974,1153,129,3,0
maker,maker.txt,2309,1,6,3.59333,8297,1,1,52,972,1148,132,4,0
moths,moths.txt,2309,2,6,3.59333,8297,0,0,58,958,1161,129,3,0
plums,plums.txt,2309,2,6,3.59333,8297,0,0,63,945,1170,130,1,0
pokit,pokit.txt,2309,2,6,3.59333,8297,0,0,57,964,1154,129,5,0
reran,reran.txt,2309,2,6,3.59333,8297,0,0,60,966,1139,141,3,0
rimus,rimus.txt,2309,2,6,3.59333,8297,0,0,60,951,1168,128,2,0
saola,saola.txt,2309,2,6,3.59333,8297,0,0,46,1005,1105,148,5,0
stogy,stogy.txt,2309,2,6,3.59333,8297,0,0,49,953,1197,108,2,0
tawny,tawny.txt,2309,1,6,3.59333,8297,1,1,55,948,1186,116,3,0
tonka,tonka.txt,2309,2,6,3.59333,8297,0,0,62,962,1144,135,6,0
truer,truer.txt,2309,1,6,3.59333,8297,1,1,53,977,1134,141,3,0
uncos,uncos.txt,2309,2,6,3.59333,8297,0,0,50,966,1170,119,4,0
vaunt,vaunt.txt,2309,1,6,3.59333,8297,1,1,55,957,1167,127,2,0
walds,walds.txt,2309,2,5,3.59333,8297,0,0,55,944,1195,115,0,0
ycond,ycond.txt,2309,2,6,3.59333,8297,0,0,51,955,1188,112,3,0
dreck,dreck.txt,2309,2,6,3.593764,8298,0,0,45,998,1120,142,4,0
elogy,elogy.txt,2309,2,6,3.593764,8298,0,0,59,951,1172,123,4,0
finca,finca.txt,2309,2,6,3.593764,8298,0,0,55,977,1133,139,5,0
foley,foley.txt,2309,2,6,3.593764,8298,0,0,58,950,1175,124,2,0
grown,grown.txt,2309,1,6,3.593764,8298,1,1,58,950,1171,127,2,0
grypt,grypt.txt,2309,2,6,3.593764,8298,0,0,51,947,1202,107,2,0
heres,heres.txt,2309,2,6,3.593764,8298,0,0,67,961,1126,153,2,0
hyles,hyles.txt,2309,2,6,3.593764,8298,0,0,54,961,1165,127,2,0
irked,irked.txt,2309,2,6,3.593764,8298,0,0,48,983,1141,133,4,0
mongs,mongs.txt,2309,2,6,3.593764,8298,0,0,55,966,1155,128,5,0
myons,myons.txt,2309,2,6,3.593764,8298,0,0,57,951,1180,115,6,0
nerks,nerks.txt,2309,2,6,3.593764,8298,0,0,43,978,1164,122,2,0
neums,neums.txt,2309,2,6,3.593764,8298,0,0,50,980,1140,136,3,0
nowed,nowed.txt,2309,2,6,3.593764,8298,0,0,65,941,1171,131,1,0
patte,patte.txt,2309,2,6,3.593764,8298,0,0,64,967,1125,149,4,0
pavie,pavie.txt,2309,2,6,3.593764,8298,0,0,64,972,1116,152,5,0
phuts,phuts.txt,2309,2,6,3.593764,8298,0,0,61,964,1140,140,4,0
reify,reify.txt,2309,2,6,3.593764,8298,0,0,56,952,1179,118,4,0
rewth,rewth.txt,2309,2,6,3.593764,8298,0,0,66,955,1143,141,4,0
schul,schul.txt,2309,2,6,3.593764,8298,0,0,52,973,1151,127,6,0
sheer,sheer.txt,2309,1,6,3.593764,8298,1,1,65,978,1095,167,3,0
skein,skein.txt,2309,2,6,3.593764,8298,0,0,52,995,1108,147,7,0
stint,stint.txt,2309,1,6,3.593764,8298,1,1,55,964,1154,131,4,0
tarts,tarts.txt,2309,2,6,3.593764,8298,0,0,57,961,1157,131,3,0
wades,wades.txt,2309,2,6,3.593764,8298,0,0,52,956,1182,116,3,0
aftos,aftos.txt,2309,2,6,3.594197,8299,0,0,57,957,1164,128,3,0
apart,apart.txt,2309,1,6,3.594197,8299,1,1,55,973,1134,143,3,0
bangs,bangs.txt,2309,2,6,3.594197,8299,0,0,52,975,1145,132,5,0
beaus,beaus.txt,2309,2,6,3.594197,8299,0,0,66,952,1147,141,3,0
cerge,cerge.txt,2309,2,6,3.594197,8299,0,0,55,972,1140,139,3,0
decoy,decoy.txt,2309,1,6,3.594197,8299,1,1,61,937,1188,119,3,0
denes,denes.txt,2309,2,6,3.594197,8299,0,0,49,967,1167,124,2,0
dormy,dormy.txt,2309,2,6,3.594197,8299,0,0,61,963,1142,138,5,0
emics,emics.txt,2309,2,6,3.594197,8299,0,0,67,958,1136,141,7,0
etape,etape.txt,2309,2,6,3.594197,8299,0,0,66,946,1162,129,6,0
feign,feign.txt,2309,1,6,3.594197,8299,1,1,64,952,1150,138,4,0
garre,garre.txt,2309,2,6,3.594197,8299,0,0,56,976,1131,141,5,0
gaths,gaths.txt,2309,2,6,3.594197,8299,0,0,48,964,1178,115,4,0
gnapi,gnapi.txt,2309,2,6,3.594197,8299,0,0,54,970,1148,133,4,0
kayle,kayle.txt,2309,2,6,3.594197,8299,0,0,56,953,1177,118,5,0
kisan,kisan.txt,2309,2,6,3.594197,8299,0,0,56,955,1173,120,5,0
mausy,mausy.txt,2309,2,6,3.594197,8299,0,0,61,960,1149,133,6,0
nacho,nacho.txt,2309,2,6,3.594197,8299,0,0,50,979,1142,134,4,0
omber,omber.txt,2309,2,6,3.594197,8299,0,0,60,933,1203,110,3,0
prahu,prahu.txt,2309,2,6,3.594197,8299,0,0,42,986,1150,129,2,0
raksi,raksi.txt,2309,2,6,3.594197,8299,0,0,47,972,1163,125,2,0
rebus,rebus.txt,2309,1,6,3.594197,8299,1,1,63,939,1180,121,5,0
recep,recep.txt,2309,2,6,3.594197,8299,0,0,56,957,1166,128,2,0
sowth,sowth.txt,2309,2,6,3.594197,8299,0,0,58,971,1131,148,1,0
tegus,tegus.txt,2309,2,6,3.594197,8299,0,0,61,953,1159,134,2,0
tenge,tenge.txt,2309,2,6,3.594197,8299,0,0,56,970,1142,137,4,0
terfe,terfe.txt,2309,2,6,3.594197,8299,0,0,60,960,1151,133,5,0
thilk,thilk.txt,2309,2,6,3.594197,8299,0,0,52,972,1148,135,2,0
titer,titer.txt,2309,2,6,3.594197,8299,0,0,62,967,1128,150,2,0
turks,turks.txt,2309,2,6,3.594197,8299,0,0,52,984,1126,143,4,0
unbar,unbar.txt,2309,2,6,3.594197,8299,0,0,60,942,1184,121,2,0
waney,waney.txt,2309,2,6,3.594197,8299,0,0,63,944,1170,131,1,0
alurk,alurk.txt,2309,2,6,3.59463,8300,0,0,61,942,1179,126,1,0
baldy,baldy.txt,2309,2,6,3.59463,8300,0,0,66,934,1182,124,3,0
chawl,chawl.txt,2309,2,6,3.59463,8300,0,0,59,964,1145,136,5,0
dingo,dingo.txt,2309,1,6,3.59463,8300,1,1,67,955,1135,146,5,0
flake,flake.txt,2309,1,6,3.59463,8300,1,1,67,947,1152,136,6,0
flyte,flyte.txt,2309,2,6,3.59463,8300,0,0,60,932,1204,110,3,0
gibes,gibes.txt,2309,2,6,3.59463,8300,0,0,57,951,1175,123,3,0
globs,globs.txt,2309,2,6,3.59463,8300,0,0,47,973,1161,125,3,0
gonch,gonch.txt,2309,2,6,3.59463,8300,0,0,55,973,1137,141,3,0
gorbs,gorbs.txt,2309,2,6,3.59463,8300,0,0,54,954,1178,120,3,0
gryde,gryde.txt,2309,2,5,3.59463,8300,0,0,50,955,1185,119,0,0
laufs,laufs.txt,2309,2,6,3.59463,8300,0,0,58,946,1184,116,5,0
mugil,mugil.txt,2309,2,6,3.59463,8300,0,0,61,959,1148,137,4,0
nodus,nodus.txt,2309,2,6,3.59463,8300,0,0,46,975,1164,117,7,0
noema,noema.txt,2309,2,6,3.59463,8300,0,0,62,966,1128,152,1,0
phobe,phobe.txt,2309,2,5,3.59463,8300,0,0,47,979,1146,137,0,0
pouis,pouis.txt,2309,2,6,3.59463,8300,0,0,54,988,1114,146,7,0
surgy,surgy.txt,2309,2,6,3.59463,8300,0,0,60,960,1151,132,6,0
vital,vital.txt,2309,1,6,3.59463,8300,1,1,69,940,1158,137,4,0
wauls,wauls.txt,2309,2,6,3.59463,8300,0,0,43,992,1137,132,5,0
amino,amino.txt,2309,2,6,3.595063,8301,0,0,63,970,1123,145,8,0
arvos,arvos.txt,2309,2,6,3.595063,8301,0,0,65,947,1159,134,4,0
atilt,atilt.txt,2309,2,6,3.595063,8301,0,0,61,972,1121,151,4,0
being,being.txt,2309,1,6,3.595063,8301,1,1,56,965,1146,137,4,0
bowne,bowne.txt,2309,2,6,3.595063,8301,0,0,53,962,1163,129,2,0
doups,doups.txt,2309,2,6,3.595063,8301,0,0,50,971,1156,128,4,0
downs,downs.txt,2309,2,6,3.595063,8301,0,0,60,943,1179,126,1,0
fands,fands.txt,2309,2,6,3.595063,8301,0,0,46,969,1170,122,2,0
ileum,ileum.txt,2309,2,6,3.595063,8301,0,0,65,938,1177,125,4,0
lacks,lacks.txt,2309,2,6,3.595063,8301,0,0,47,973,1159,128,2,0
loose,loose.txt,2309,1,6,3.595063,8301,1,1,53,987,1113,149,6,0
munge,munge.txt,2309,2,6,3.595063,8301,0,0,65,961,1134,142,7,0
night,night.txt,2309,1,6,3.595063,8301,1,1,49,971,1157,125,6,0
oaker,oaker.txt,2309,2,6,3.595063,8301,0,0,42,987,1148,128,4,0
orval,orval.txt,2309,2,6,3.595063,8301,0,0,68,927,1192,116,6,0
pilaw,pilaw.txt,2309,2,6,3.595063,8301,0,0,54,963,1161,126,5,0
pyric,pyric.txt,2309,2,6,3.595063,8301,0,0,55,967,1148,136,3,0
serir,serir.txt,2309,2,6,3.595063,8301,0,0,50,975,1148,132,4,0
smowt,smowt.txt,2309,2,6,3.595063,8301,0,0,45,982,1148,131,3,0
vents,vents.txt,2309,2,6,3.595063,8301,0,0,50,969,1157,132,1,0
warps,warps.txt,2309,2,6,3.595063,8301,0,0,57,942,1191,117,2,0
bayts,bayts.txt,2309,2,6,3.595496,8302,0,0,51,951,1191,113,3,0
bemas,bemas.txt,2309,2,6,3.595496,8302,0,0,60,938,1191,116,4,0
benga,benga.txt,2309,2,6,3.595496,8302,0,0,64,945,1163,135,2,0
darer,darer.txt,2309,2,6,3.595496,8302,0,0,56,947,1182,123,1,0
diebs,diebs.txt,2309,2,6,3.595496,8302,0,0,53,963,1159,133,1,0
direr,direr.txt,2309,2,6,3.595496,8302,0,0,58,961,1152,133,5,0
drubs,drubs.txt,2309,2,6,3.595496,8302,0,0,52,953,1183,119,2,0
drugs,drugs.txt,2309,2,6,3.595496,8302,0,0,54,963,1158,131,3,0
furth,furth.txt,2309,2,6,3.595496,8302,0,0,66,955,1140,143,5,0
genua,genua.txt,2309,2,6,3.595496,8302,0,0,67,945,1154,141,2,0
ginch,ginch.txt,2309,2,6,3.595496,8302,0,0,52,969,1151,135,2,0
hiply,hiply.txt,2309,2,6,3.595496,8302,0,0,63,937,1182,125,2,0
laved,laved.txt,2309,2,6,3.595496,8302,0,0,61,932,1199,114,3,0
mandy,mandy.txt,2309,2,6,3.595496,8302,0,0,59,946,1177,124,3,0
medle,medle.txt,2309,2,6,3.595496,8302,0,0,63,946,1164,134,2,0
mesel,mesel.txt,2309,2,6,3.595496,8302,0,0,56,959,1162,127,5,0
musth,musth.txt,2309,2,6,3.595496,8302,0,0,69,944,1152,140,4,0
pelfs,pelfs.txt,2309,2,6,3.595496,8302,0,0,49,943,1212,103,2,0
pened,pened.txt,2309,2,6,3.595496,8302,0,0,55,967,1145,141,1,0
piyut,piyut.txt,2309,2,6,3.595496,8302,0,0,52,973,1143,139,2,0
pyets,pyets.txt,2309,2,6,3.595496,8302,0,0,55,963,1156,131,4,0
raita,raita.txt,2309,2,6,3.595496,8302,0,0,54,986,1114,150,5,0
redub,redub.txt,2309,2,6,3.595496,8302,0,0,65,939,1172,131,2,0
sheen,sheen.txt,2309,1,6,3.595496,8302,1,1,64,955,1145,136,8,0
sotol,sotol.txt,2309,2,6,3.595496,8302,0,0,56,967,1142,143,1,0
tikes,tikes.txt,2309,2,6,3.595496,8302,0,0,42,980,1161,122,4,0
unais,unais.txt,2309,2,6,3.595496,8302,0,0,59,974,1126,142,8,0
upend,upend.txt,2309,2,6,3.595496,8302,0,0,57,959,1159,129,5,0
votes,votes.txt,2309,2,6,3.595496,8302,0,0,58,963,1145,141,2,0
wilco,wilco.txt,2309,2,6,3.595496,8302,0,0,52,957,1175,123,2,0
wrong,wrong.txt,2309,1,6,3.595496,8302,1,1,54,954,1171,127,2,0
chops,chops.txt,2309,2,6,3.595929,8303,0,0,59,951,1165,132,2,0
cokes,cokes.txt,2309,2,6,3.595929,8303,0,0,49,984,1131,141,4,0
delfs,delfs.txt,2309,2,6,3.595929,8303,0,0,52,955,1178,122,2,0
demoi,demoi.txt,2309,2,6,3.595929,8303,0,0,54,960,1165,125,5,0
fugle,fugle.txt,2309,2,6,3.595929,8303,0,0,62,956,1149,137,5,0
goban,goban.txt,2309,2,6,3.595929,8303,0,0,65,954,1145,139,6,0
hiems,hiems.txt,2309,2,6,3.595929,8303,0,0,62,973,1116,152,6,0
hoing,hoing.txt,2309,2,6,3.595929,8303,0,0,54,973,1138,140,4,0
karsy,karsy.txt,2309,2,6,3.595929,8303,0,0,46,974,1161,123,5,0
kebar,kebar.txt,2309,2,6,3.595929,8303,0,0,65,939,1172,130,3,0
knots,knots.txt,2309,2,5,3.595929,8303,0,0,41,986,1147,135,0,0
lifey,lifey.txt,2309,2,6,3.595929,8303,0,0,63,927,1202,114,3,0
mence,mence.txt,2309,2,6,3.595929,8303,0,0,52,972,1146,135,4,0
micht,micht.txt,2309,2,6,3.595929,8303,0,0,60,962,1142,141,4,0
neifs,neifs.txt,2309,2,6,3.595929,8303,0,0,61,964,1137,141,6,0
notum,notum.txt,2309,2,6,3.595929,8303,0,0,68,949,1143,146,3,0
ortet,ortet.txt,2309,2,6,3.595929,8303,0,0,62,968,1124,151,4,0
pahos,pahos.txt,2309,2,6,3.595929,8303,0,0,54,985,1116,148,6,0
raser,raser.txt,2309,2,6,3.595929,8303,0,0,53,971,1145,136,4,0
redug,redug.txt,2309,2,6,3.595929,8303,0,0,63,957,1143,142,4,0
remen,remen.txt,2309,2,6,3.595929,8303,0,0,67,955,1139,140,8,0
rives,rives.txt,2309,2,6,3.595929,8303,0,0,63,960,1137,145,4,0
sahib,sahib.txt,2309,2,6,3.595929,8303,0,0,45,989,1134,136,5,0
sauve,sauve.txt,2309,2,6,3.595929,8303,0,0,53,978,1136,133,9,0
spahi,spahi.txt,2309,2,6,3.595929,8303,0,0,49,985,1131,138,6,0
tophi,tophi.txt,2309,2,6,3.595929,8303,0,0,50,985,1124,148,2,0
valid,valid.txt,2309,1,6,3.595929,8303,1,1,69,939,1156,141,3,0
vaper,vaper.txt,2309,2,6,3.595929,8303,0,0,69,934,1170,133,3,0
yages,yages.txt,2309,2,6,3.595929,8303,0,0,53,962,1161,131,2,0
arena,arena.txt,2309,1,6,3.596362,8304,1,1,55,979,1119,150,5,0
bayed,bayed.txt,2309,2,6,3.596362,8304,0,0,65,924,1200,118,2,0
blawn,blawn.txt,2309,2,6,3.596362,8304,0,0,48,963,1174,121,3,0
fadge,fadge.txt,2309,2,6,3.596362,8304,0,0,52,939,1211,103,4,0
flags,flags.txt,2309,2,6,3.596362,8304,0,0,52,950,1187,118,2,0
fleam,fleam.txt,2309,2,6,3.596362,8304,0,0,74,917,1188,127,3,0
fluid,fluid.txt,2309,1,6,3.596362,8304,1,1,63,936,1179,127,3,0
gandy,gandy.txt,2309,2,6,3.596362,8304,0,0,57,951,1171,127,3,0
mesne,mesne.txt,2309,2,6,3.596362,8304,0,0,51,961,1172,119,6,0
mysie,mysie.txt,2309,2,6,3.596362,8304,0,0,55,961,1159,129,5,0
olive,olive.txt,2309,1,5,3.596362,8304,1,1,54,970,1135,149,0,0
owned,owned.txt,2309,2,6,3.596362,8304,0,0,65,932,1183,128,1,0
pigly,pigly.txt,2309,2,5,3.596362,8304,0,0,59,941,1182,127,0,0
punty,punty.txt,2309,2,6,3.596362,8304,0,0,63,940,1176,126,4,0
semie,semie.txt,2309,2,6,3.596362,8304,0,0,51,972,1151,128,7,0
shawn,shawn.txt,2309,2,6,3.596362,8304,0,0,63,953,1149,141,3,0
spack,spack.txt,2309,2,6,3.596362,8304,0,0,57,958,1159,130,5,0
tiara,tiara.txt,2309,1,6,3.596362,8304,1,1,57,973,1125,148,5,0
unlay,unlay.txt,2309,2,6,3.596362,8304,0,0,47,975,1154,129,4,0
wards,wards.txt,2309,2,6,3.596362,8304,0,0,57,933,1205,113,1,0
bayes,bayes.txt,2309,2,6,3.596795,8305,0,0,60,936,1189,123,1,0
comus,comus.txt,2309,2,6,3.596795,8305,0,0,59,961,1143,144,2,0
darks,darks.txt,2309,2,6,3.596795,8305,0,0,46,969,1165,128,1,0
dawts,dawts.txt,2309,2,6,3.596795,8305,0,0,47,952,1197,111,2,0
elope,elope.txt,2309,1,6,3.596795,8305,1,1,52,954,1177,120,5,0
elvan,elvan.txt,2309,2,6,3.596795,8305,0,0,71,935,1162,136,5,0
farms,farms.txt,2309,2,6,3.596795,8305,0,0,52,948,1191,115,3,0
fitly,fitly.txt,2309,2,6,3.596795,8305,0,0,68,925,1189,124,3,0
gamut,gamut.txt,2309,1,6,3.596795,8305,1,1,63,939,1172,131,3,0
germy,germy.txt,2309,2,6,3.596795,8305,0,0,59,946,1175,125,4,0
hence,hence.txt,2309,1,6,3.596795,8305,1,1,52,975,1132,147,2,0
kilos,kilos.txt,2309,2,6,3.596795,8305,0,0,49,977,1145,132,6,0
lewis,lewis.txt,2309,2,6,3.596795,8305,0,0,45,983,1142,136,3,0
lymes,lymes.txt,2309,2,6,3.596795,8305,0,0,52,960,1167,127,3,0
minus,minus.txt,2309,1,6,3.596795,8305,1,1,55,949,1179,119,6,0
namus,namus.txt,2309,2,6,3.596795,8305,0,0,51,964,1164,125,5,0
pirks,pirks.txt,2309,2,6,3.596795,8305,0,0,56,961,1157,128,7,0
plung,plung.txt,2309,2,6,3.596795,8305,0,0,49,969,1160,126,5,0
pogey,pogey.txt,2309,2,6,3.596795,8305,0,0,56,944,1185,123,1,0
proot,proot.txt,2309,2,6,3.596795,8305,0,0,61,951,1160,132,5,0
prows,prows.txt,2309,2,6,3.596795,8305,0,0,48,961,1177,120,3,0
semen,semen.txt,2309,1,6,3.596795,8305,1,1,55,954,1168,126,5,0
spelk,spelk.txt,2309,2,6,3.596795,8305,0,0,68,944,1150,145,2,0
sulfa,sulfa.txt,2309,2,6,3.596795,8305,0,0,59,948,1172,125,5,0
toros,toros.txt,2309,2,6,3.596795,8305,0,0,54,980,1125,143,7,0
vocal,vocal.txt,2309,1,6,3.596795,8305,1,1,68,943,1153,137,7,0
wands,wands.txt,2309,2,6,3.596795,8305,0,0,48,963,1172,124,2,0
abrim,abrim.txt,2309,2,6,3.597228,8306,0,0,55,951,1174,127,2,0
ahing,ahing.txt,2309,2,6,3.597228,8306,0,0,55,985,1111,151,7,0
alkos,alkos.txt,2309,2,6,3.597228,8306,0,0,55,963,1152,135,4,0
anear,anear.txt,2309,2,6,3.597228,8306,0,0,63,953,1149,139,5,0
atomy,atomy.txt,2309,2,6,3.597228,8306,0,0,61,955,1153,133,7,0
avers,avers.txt,2309,2,6,3.597228,8306,0,0,49,971,1153,133,3,0
beady,beady.txt,2309,1,6,3.597228,8306,1,1,65,918,1205,119,1,0
bhais,bhais.txt,2309,2,6,3.597228,8306,0,0,56,954,1168,126,5,0
brogh,brogh.txt,2309,2,6,3.597228,8306,0,0,50,962,1170,122,5,0
dogey,dogey.txt,2309,2,6,3.597228,8306,0,0,65,930,1188,122,4,0
dosha,dosha.txt,2309,2,6,3.597228,8306,0,0,47,986,1131,140,5,0
fauns,fauns.txt,2309,2,6,3.597228,8306,0,0,52,960,1169,122,6,0
feods,feods.txt,2309,2,6,3.597228,8306,0,0,48,943,1210,107,1,0
flips,flips.txt,2309,2,6,3.597228,8306,0,0,52,952,1183,118,4,0
flyer,flyer.txt,2309,1,6,3.597228,8306,1,1,63,932,1187,121,5,0
folia,folia.txt,2309,2,6,3.597228,8306,0,0,61,955,1152,135,6,0
futon,futon.txt,2309,2,6,3.597228,8306,0,0,61,947,1165,133,3,0
gavel,gavel.txt,2309,1,6,3.597228,8306,1,1,68,931,1171,136,2,0
gitch,gitch.txt,2309,2,6,3.597228,8306,0,0,47,966,1169,124,3,0
kiers,kiers.txt,2309,2,6,3.597228,8306,0,0,52,980,1131,138,8,0
owsen,owsen.txt,2309,2,6,3.597228,8306,0,0,66,931,1182,127,3,0
roupy,roupy.txt,2309,2,6,3.597228,8306,0,0,61,955,1151,137,5,0
snoot,snoot.txt,2309,2,6,3.597228,8306,0,0,55,967,1143,141,3,0
spink,spink.txt,2309,2,6,3.597228,8306,0,0,59,953,1161,131,5,0
talls,talls.txt,2309,2,6,3.597228,8306,0,0,50,969,1158,125,7,0
tegua,tegua.txt,2309,2,6,3.597228,8306,0,0,63,959,1139,141,7,0
tirrs,tirrs.txt,2309,2,5,3.597228,8306,0,0,47,971,1156,135,0,0
toked,toked.txt,2309,2,6,3.597228,8306,0,0,43,973,1168,121,4,0
ysame,ysame.txt,2309,2,6,3.597228,8306,0,0,57,940,1190,120,2,0
abuts,abuts.txt,2309,2,6,3.597661,8307,0,0,60,944,1177,121,7,0
amids,amids.txt,2309,2,6,3.597661,8307,0,0,58,962,1143,143,3,0
amyls,amyls.txt,2309,2,6,3.597661,8307,0,0,57,936,1200,111,5,0
beths,beths.txt,2309,2,6,3.597661,8307,0,0,55,955,1169,124,6,0
bowet,bowet.txt,2309,2,6,3.597661,8307,0,0,63,943,1165,136,2,0
boyed,boyed.txt,2309,2,6,3.597661,8307,0,0,60,925,1210,112,2,0
brown,brown.txt,2309,1,6,3.597661,8307,1,1,59,936,1188,122,3,0
chark,chark.txt,2309,2,6,3.597661,8307,0,0,61,970,1116,161,1,0
damps,damps.txt,2309,2,6,3.597661,8307,0,0,43,967,1178,118,3,0
devil,devil.txt,2309,1,6,3.597661,8307,1,1,70,935,1158,141,4,0
fiery,fiery.txt,2309,1,6,3.597661,8307,1,1,61,944,1168,130,5,0
grove,grove.txt,2309,1,6,3.597661,8307,1,1,65,946,1148,148,1,0
gwine,gwine.txt,2309,2,6,3.597661,8307,0,0,63,955,1141,148,2,0
hosey,hosey.txt,2309,2,6,3.597661,8307,0,0,55,979,1121,148,6,0
hudna,hudna.txt,2309,2,6,3.597661,8307,0,0,53,984,1117,149,6,0
items,items.txt,2309,2,6,3.597661,8307,0,0,60,954,1154,137,4,0
mudra,mudra.txt,2309,2,6,3.597661,8307,0,0,55,968,1140,143,3,0
musca,musca.txt,2309,2,6,3.597661,8307,0,0,63,957,1142,140,7,0
newts,newts.txt,2309,2,6,3.597661,8307,0,0,46,969,1165,126,3,0
panks,panks.txt,2309,2,6,3.597661,8307,0,0,48,973,1153,130,5,0
pousy,pousy.txt,2309,2,6,3.597661,8307,0,0,60,969,1125,150,5,0
wanty,wanty.txt,2309,2,6,3.597661,8307,0,0,57,947,1175,128,2,0
yours,yours.txt,2309,2,6,3.597661,8307,0,0,49,985,1128,140,7,0
dictu,dictu.txt,2309,2,6,3.598094,8308,0,0,48,969,1158,131,3,0
doole,doole.txt,2309,2,6,3.598094,8308,0,0,62,957,1142,143,5,0
ender,ender.txt,2309,2,6,3.598094,8308,0,0,66,931,1179,131,2,0
fasci,fasci.txt,2309,2,6,3.598094,8308,0,0,53,949,1183,121,3,0
flong,flong.txt,2309,2,6,3.598094,8308,0,0,52,945,1195,113,4,0
fonds,fonds.txt,2309,2,6,3.598094,8308,0,0,47,945,1209,105,3,0
growl,growl.txt,2309,1,6,3.598094,8308,1,1,57,946,1174,127,4,0
heady,heady.txt,2309,1,6,3.598094,8308,1,1,57,949,1168,130,4,0
lough,lough.txt,2309,2,6,3.598094,8308,0,0,53,957,1169,125,5,0
mouth,mouth.txt,2309,1,6,3.598094,8308,1,1,70,932,1164,137,5,0
pombe,pombe.txt,2309,2,6,3.598094,8308,0,0,50,960,1171,124,4,0
reney,reney.txt,2309,2,6,3.598094,8308,0,0,58,945,1175,129,2,0
rhyta,rhyta.txt,2309,2,6,3.598094,8308,0,0,54,964,1150,138,3,0
rough,rough.txt,2309,1,6,3.598094,8308,1,1,55,973,1126,150,4,0
sigma,sigma.txt,2309,1,6,3.598094,8308,1,1,53,956,1167,127,5,0
skelp,skelp.txt,2309,2,6,3.598094,8308,0,0,62,954,1145,146,2,0
typos,typos.txt,2309,2,6,3.598094,8308,0,0,55,948,1182,118,6,0
value,value.txt,2309,1,6,3.598094,8308,1,1,60,951,1156,136,5,0
viral,viral.txt,2309,1,6,3.598094,8308,1,1,76,923,1164,140,5,0
wadts,wadts.txt,2309,2,6,3.598094,8308,0,0,52,944,1195,116,2,0
yangs,yangs.txt,2309,2,6,3.598094,8308,0,0,49,962,1172,120,6,0
aspic,aspic.txt,2309,2,6,3.598528,8309,0,0,52,969,1146,138,4,0
chalk,chalk.txt,2309,1,6,3.598528,8309,1,1,56,964,1140,144,4,0
coves,coves.txt,2309,2,6,3.598528,8309,0,0,57,942,1182,127,1,0
doven,doven.txt,2309,2,6,3.598528,8309,0,0,68,930,1175,133,3,0
fleet,fleet.txt,2309,1,6,3.598528,8309,1,1,72,931,1161,137,7,0
fuels,fuels.txt,2309,2,6,3.598528,8309,0,0,62,948,1160,133,6,0
garum,garum.txt,2309,2,6,3.598528,8309,0,0,68,938,1161,137,5,0
goths,goths.txt,2309,2,6,3.598528,8309,0,0,47,972,1154,133,3,0
heapy,heapy.txt,2309,2,6,3.598528,8309,0,0,58,957,1153,136,5,0
homas,homas.txt,2309,2,6,3.598528,8309,0,0,51,968,1150,137,3,0
inker,inker.txt,2309,2,6,3.598528,8309,0,0,46,969,1164,126,4,0
leger,leger.txt,2309,2,6,3.598528,8309,0,0,58,960,1144,145,2,0
nomic,nomic.txt,2309,2,6,3.598528,8309,0,0,67,929,1180,130,3,0
pluke,pluke.txt,2309,2,6,3.598528,8309,0,0,66,949,1144,146,4,0
pudge,pudge.txt,2309,2,6,3.598528,8309,0,0,58,953,1162,130,6,0
remou,remou.txt,2309,2,6,3.598528,8309,0,0,51,971,1147,134,6,0
saeta,saeta.txt,2309,2,6,3.598528,8309,0,0,41,1013,1095,152,8,0
subah,subah.txt,2309,2,6,3.598528,8309,0,0,62,959,1138,144,6,0
teats,teats.txt,2309,2,6,3.598528,8309,0,0,58,967,1135,142,7,0
tikas,tikas.txt,2309,2,6,3.598528,8309,0,0,44,974,1160,127,4,0
ungot,ungot.txt,2309,2,6,3.598528,8309,0,0,53,965,1152,134,5,0
viand,viand.txt,2309,2,6,3.598528,8309,0,0,60,949,1161,136,3,0
vinal,vinal.txt,2309,2,6,3.598528,8309,0,0,76,926,1160,143,4,0
anvil,anvil.txt,2309,1,6,3.598961,8310,1,1,74,923,1170,134,7,0
baken,baken.txt,2309,2,6,3.598961,8310,0,0,50,981,1126,149,3,0
beres,beres.txt,2309,2,6,3.598961,8310,0,0,58,957,1150,141,3,0
bluds,bluds.txt,2309,2,6,3.598961,8310,0,0,65,940,1163,138,3,0
bogan,bogan.txt,2309,2,6,3.598961,8310,0,0,69,940,1154,140,6,0
boyla,boyla.txt,2309,2,6,3.598961,8310,0,0,59,961,1144,137,8,0
carrs,carrs.txt,2309,2,6,3.598961,8310,0,0,60,945,1168,133,3,0
dight,dight.txt,2309,2,6,3.598961,8310,0,0,56,935,1199,117,2,0
edile,edile.txt,2309,2,6,3.598961,8310,0,0,56,951,1169,129,4,0
frigs,frigs.txt,2309,2,6,3.598961,8310,0,0,56,938,1194,118,3,0
hurty,hurty.txt,2309,2,6,3.598961,8310,0,0,66,957,1131,147,8,0
ichor,ichor.txt,2309,2,6,3.598961,8310,0,0,49,964,1162,132,2,0
kaies,kaies.txt,2309,2,6,3.598961,8310,0,0,48,977,1143,135,6,0
kasme,kasme.txt,2309,2,6,3.598961,8310,0,0,57,940,1189,118,5,0
owled,owled.txt,2309,2,6,3.598961,8310,0,0,68,928,1178,132,3,0
pight,pight.txt,2309,2,6,3.598961,8310,0,0,53,956,1166,132,2,0
riata,riata.txt,2309,2,6,3.598961,8310,0,0,58,968,1130,148,5,0
selfy,selfy.txt,2309,2,6,3.598961,8310,0,0,54,956,1164,132,3,0
shtik,shtik.txt,2309,2,6,3.598961,8310,0,0,48,979,1135,145,2,0
still,still.txt,2309,1,6,3.598961,8310,1,1,50,965,1156,132,5,0
suave,suave.txt,2309,1,6,3.598961,8310,1,1,52,979,1128,138,11,0
throw,throw.txt,2309,1,6,3.598961,8310,1,1,63,947,1155,136,7,0
tonne,tonne.txt,2309,2,6,3.598961,8310,0,0,50,965,1157,135,2,0
vireo,vireo.txt,2309,2,6,3.598961,8310,0,0,66,964,1117,154,8,0
winos,winos.txt,2309,2,6,3.598961,8310,0,0,55,966,1145,136,7,0
zorse,zorse.txt,2309,2,6,3.598961,8310,0,0,40,984,1151,130,4,0
buyer,buyer.txt,2309,1,6,3.599394,8311,1,1,62,926,1196,120,4,0
clunk,clunk.txt,2309,2,6,3.599394,8311,0,0,62,950,1152,141,4,0
cobia,cobia.txt,2309,2,6,3.599394,8311,0,0,65,954,1136,149,5,0
coifs,coifs.txt,2309,2,5,3.599394,8311,0,0,54,945,1182,128,0,0
cooer,cooer.txt,2309,2,6,3.599394,8311,0,0,57,980,1108,159,5,0
datal,datal.txt,2309,2,6,3.599394,8311,0,0,57,949,1170,128,5,0
drear,drear.txt,2309,2,6,3.599394,8311,0,0,54,957,1159,138,1,0
enure,enure.txt,2309,2,6,3.599394,8311,0,0,60,952,1154,139,4,0
funts,funts.txt,2309,2,6,3.599394,8311,0,0,56,933,1201,118,1,0
getup,getup.txt,2309,2,6,3.599394,8311,0,0,50,980,1127,149,3,0
hydel,hydel.txt,2309,2,6,3.599394,8311,0,0,50,959,1168,130,2,0
insee,insee.txt,2309,2,6,3.599394,8311,0,0,57,963,1141,144,4,0
lirks,lirks.txt,2309,2,6,3.599394,8311,0,0,50,961,1165,130,3,0
machs,machs.txt,2309,2,6,3.599394,8311,0,0,53,954,1169,131,2,0
mbila,mbila.txt,2309,2,6,3.599394,8311,0,0,57,961,1145,142,4,0
mengs,mengs.txt,2309,2,6,3.599394,8311,0,0,53,947,1189,112,8,0
natal,natal.txt,2309,1,6,3.599394,8311,1,1,54,967,1138,145,4,0
nolle,nolle.txt,2309,2,6,3.599394,8311,0,0,51,953,1179,122,4,0
peels,peels.txt,2309,2,6,3.599394,8311,0,0,62,942,1166,137,2,0
reard,reard.txt,2309,2,6,3.599394,8311,0,0,60,952,1152,143,2,0
regie,regie.txt,2309,2,6,3.599394,8311,0,0,60,960,1141,141,7,0
sagum,sagum.txt,2309,2,6,3.599394,8311,0,0,62,949,1156,136,6,0
sprug,sprug.txt,2309,2,6,3.599394,8311,0,0,66,935,1167,140,1,0
tanas,tanas.txt,2309,2,6,3.599394,8311,0,0,48,969,1156,132,4,0
tapet,tapet.txt,2309,2,6,3.599394,8311,0,0,66,939,1160,142,2,0
think,think.txt,2309,1,6,3.599394,8311,1,1,60,935,1183,127,3,0
tombs,tombs.txt,2309,2,6,3.599394,8311,0,0,52,940,1200,115,2,0
torts,torts.txt,2309,2,6,3.599394,8311,0,0,57,964,1140,143,5,0
volta,volta.txt,2309,2,6,3.599394,8311,0,0,72,920,1184,127,6,0
yurta,yurta.txt,2309,2,6,3.599394,8311,0,0,56,974,1126,145,8,0
bawls,bawls.txt,2309,2,6,3.599827,8312,0,0,45,961,1177,125,1,0
befit,befit.txt,2309,1,6,3.599827,8312,1,1,61,941,1170,130,6,0
black,black.txt,2309,1,6,3.599827,8312,1,1,60,950,1155,137,6,0
chave,chave.txt,2309,2,6,3.599827,8312,0,0,51,986,1116,148,8,0
clavi,clavi.txt,2309,2,6,3.599827,8312,0,0,56,942,1183,126,2,0
decaf,decaf.txt,2309,2,6,3.599827,8312,0,0,59,937,1183,129,1,0
flume,flume.txt,2309,1,6,3.599827,8312,1,1,62,940,1167,135,4,0
harks,harks.txt,2309,2,6,3.599827,8312,0,0,49,956,1175,128,1,0
kenos,kenos.txt,2309,2,6,3.599827,8312,0,0,41,979,1157,127,5,0
lawsy,lawsy.txt,2309,2,6,3.599827,8312,0,0,49,960,1170,126,4,0
ledum,ledum.txt,2309,2,6,3.599827,8312,0,0,71,908,1209,116,5,0
loves,loves.txt,2309,2,6,3.599827,8312,0,0,69,928,1175,132,5,0
mahis,mahis.txt,2309,2,6,3.599827,8312,0,0,58,951,1158,141,1,0
meloe,meloe.txt,2309,2,6,3.599827,8312,0,0,51,981,1124,147,6,0
moldy,moldy.txt,2309,1,6,3.599827,8312,1,1,60,929,1194,122,3,0
molys,molys.txt,2309,2,6,3.599827,8312,0,0,48,966,1161,130,4,0
nokes,nokes.txt,2309,2,6,3.599827,8312,0,0,41,957,1198,111,2,0
ovate,ovate.txt,2309,1,6,3.599827,8312,1,1,53,964,1146,141,4,0
pekan,pekan.txt,2309,2,6,3.599827,8312,0,0,59,941,1178,127,4,0
rears,rears.txt,2309,2,6,3.599827,8312,0,0,43,984,1139,140,3,0
rifty,rifty.txt,2309,2,6,3.599827,8312,0,0,59,929,1200,119,2,0
rores,rores.txt,2309,2,6,3.599827,8312,0,0,54,961,1151,141,2,0
saist,saist.txt,2309,2,6,3.599827,8312,0,0,52,980,1121,152,4,0
sambo,sambo.txt,2309,2,6,3.599827,8312,0,0,54,954,1167,130,4,0
scrow,scrow.txt,2309,2,6,3.599827,8312,0,0,50,960,1166,130,3,0
silva,silva.txt,2309,2,6,3.599827,8312,0,0,62,938,1174,132,3,0
sulfo,sulfo.txt,2309,2,6,3.599827,8312,0,0,49,958,1173,126,3,0
unica,unica.txt,2309,2,6,3.599827,8312,0,0,50,990,1111,150,8,0
viold,viold.txt,2309,2,6,3.599827,8312,0,0,66,920,1199,120,4,0
walty,walty.txt,2309,2,6,3.599827,8312,0,0,61,928,1196,122,2,0
welsh,welsh.txt,2309,1,6,3.599827,8312,1,1,57,955,1153,138,5,0
yerba,yerba.txt,2309,2,6,3.599827,8312,0,0,55,952,1167,132,3,0
agism,agism.txt,2309,2,6,3.60026,8313,0,0,62,948,1157,135,7,0
brack,brack.txt,2309,2,6,3.60026,8313,0,0,64,943,1158,140,4,0
fagin,fagin.txt,2309,2,6,3.60026,8313,0,0,64,947,1152,140,6,0
fancy,fancy.txt,2309,1,6,3.60026,8313,1,1,48,951,1184,123,2,0
fends,fends.txt,2309,2,6,3.60026,8313,0,0,52,949,1182,122,4,0
foram,foram.txt,2309,2,6,3.60026,8313,0,0,67,921,1192,126,3,0
glisk,glisk.txt,2309,2,6,3.60026,8313,0,0,49,963,1162,132,3,0
greys,greys.txt,2309,2,6,3.60026,8313,0,0,47,970,1158,127,7,0
havel,havel.txt,2309,2,6,3.60026,8313,0,0,59,944,1170,133,3,0
klaps,klaps.txt,2309,2,6,3.60026,8313,0,0,52,957,1164,134,2,0
koris,koris.txt,2309,2,6,3.60026,8313,0,0,42,980,1147,139,1,0
lived,lived.txt,2309,2,6,3.60026,8313,0,0,64,934,1173,137,1,0
marae,marae.txt,2309,2,6,3.60026,8313,0,0,63,956,1134,153,3,0
palki,palki.txt,2309,2,6,3.60026,8313,0,0,55,953,1167,128,6,0
podus,podus.txt,2309,2,6,3.60026,8313,0,0,47,964,1168,125,5,0
rared,rared.txt,2309,2,6,3.60026,8313,0,0,54,940,1191,123,1,0
rasta,rasta.txt,2309,2,6,3.60026,8313,0,0,54,947,1179,126,3,0
refly,refly.txt,2309,2,6,3.60026,8313,0,0,65,921,1200,118,5,0
resue,resue.txt,2309,2,6,3.60026,8313,0,0,56,975,1122,148,8,0
rowth,rowth.txt,2309,2,6,3.60026,8313,0,0,61,956,1140,149,3,0
swayl,swayl.txt,2309,2,6,3.60026,8313,0,0,47,956,1183,119,4,0
terts,terts.txt,2309,2,6,3.60026,8313,0,0,60,966,1128,147,8,0
tranq,tranq.txt,2309,2,6,3.60026,8313,0,0,33,1005,1128,138,5,0
unhat,unhat.txt,2309,2,6,3.60026,8313,0,0,50,960,1164,133,2,0
usage,usage.txt,2309,1,6,3.60026,8313,1,1,51,963,1156,131,7,0
virge,virge.txt,2309,2,6,3.60026,8313,0,0,70,936,1156,141,6,0
yelps,yelps.txt,2309,2,6,3.60026,8313,0,0,52,940,1197,119,1,0
blimp,blimp.txt,2309,1,6,3.600693,8314,1,1,60,927,1194,126,1,0
bomas,bomas.txt,2309,2,6,3.600693,8314,0,0,62,930,1189,124,4,0
croon,croon.txt,2309,2,6,3.600693,8314,0,0,61,945,1161,139,3,0
danks,danks.txt,2309,2,6,3.600693,8314,0,0,43,969,1169,123,5,0
domic,domic.txt,2309,2,6,3.600693,8314,0,0,61,938,1174,134,2,0
famed,famed.txt,2309,2,5,3.600693,8314,0,0,55,925,1216,113,0,0
ferms,ferms.txt,2309,2,6,3.600693,8314,0,0,50,958,1169,128,4,0
frogs,frogs.txt,2309,2,6,3.600693,8314,0,0,49,954,1180,122,4,0
hafts,hafts.txt,2309,2,6,3.600693,8314,0,0,57,926,1209,116,1,0
kcals,kcals.txt,2309,2,6,3.600693,8314,0,0,51,953,1176,125,4,0
kites,kites.txt,2309,2,6,3.600693,8314,0,0,46,967,1163,129,4,0
livor,livor.txt,2309,2,6,3.600693,8314,0,0,74,928,1156,148,3,0
naved,naved.txt,2309,2,5,3.600693,8314,0,0,61,932,1184,132,0,0
oaken,oaken.txt,2309,1,6,3.600693,8314,1,1,47,961,1167,130,3,0
plows,plows.txt,2309,2,6,3.600693,8314,0,0,49,949,1189,119,3,0
pokie,pokie.txt,2309,2,6,3.600693,8314,0,0,59,953,1151,143,3,0
pouch,pouch.txt,2309,1,6,3.600693,8314,1,1,60,960,1131,153,4,0
pwned,pwned.txt,2309,2,5,3.600693,8314,0,0,64,922,1195,128,0,0
ranas,ranas.txt,2309,2,6,3.600693,8314,0,0,51,961,1161,131,5,0
rares,rares.txt,2309,2,6,3.600693,8314,0,0,51,960,1161,134,3,0
rival,rival.txt,2309,1,6,3.600693,8314,1,1,70,930,1162,141,5,0
solon,solon.txt,2309,2,6,3.600693,8314,0,0,52,958,1162,134,3,0
stoor,stoor.txt,2309,2,6,3.600693,8314,0,0,59,946,1167,132,5,0
trass,trass.txt,2309,2,6,3.600693,8314,0,0,40,981,1154,129,5,0
tying,tying.txt,2309,1,6,3.600693,8314,1,1,50,959,1162,134,3,0
vints,vints.txt,2309,2,6,3.600693,8314,0,0,54,932,1206,116,1,0
yirds,yirds.txt,2309,2,6,3.600693,8314,0,0,48,968,1154,136,3,0
allot,allot.txt,2309,1,6,3.601126,8315,1,1,58,953,1152,139,6,0
balmy,balmy.txt,2309,1,6,3.601126,8315,1,1,68,917,1191,129,3,0
break,break.txt,2309,1,6,3.601126,8315,1,1,62,957,1131,153,5,0
breed,breed.txt,2309,1,6,3.601126,8315,1,1,56,942,1176,132,2,0
curdy,curdy.txt,2309,2,6,3.601126,8315,0,0,59,942,1174,129,5,0
dowts,dowts.txt,2309,2,6,3.601126,8315,0,0,48,957,1174,128,2,0
felty,felty.txt,2309,2,6,3.601126,8315,0,0,67,909,1217,110,6,0
grimy,grimy.txt,2309,1,6,3.601126,8315,1,1,59,932,1190,122,5,0
haver,haver.txt,2309,2,6,3.601126,8315,0,0,68,938,1155,143,5,0
hiver,hiver.txt,2309,2,6,3.601126,8315,0,0,62,959,1130,154,4,0
ihram,ihram.txt,2309,2,6,3.601126,8315,0,0,57,975,1115,156,6,0
mouly,mouly.txt,2309,2,6,3.601126,8315,0,0,58,961,1140,144,6,0
muiry,muiry.txt,2309,2,6,3.601126,8315,0,0,56,960,1148,139,6,0
neant,neant.txt,2309,2,6,3.601126,8315,0,0,51,961,1157,138,2,0
novae,novae.txt,2309,2,6,3.601126,8315,0,0,66,948,1140,151,4,0
omuls,omuls.txt,2309,2,6,3.601126,8315,0,0,51,965,1151,138,4,0
parer,parer.txt,2309,1,6,3.601126,8315,1,1,57,955,1150,141,5,0
pawns,pawns.txt,2309,2,6,3.601126,8315,0,0,46,962,1173,123,5,0
pingo,pingo.txt,2309,2,6,3.601126,8315,0,0,60,952,1149,145,3,0
pouty,pouty.txt,2309,1,6,3.601126,8315,1,1,53,957,1156,139,3,0
racer,racer.txt,2309,1,6,3.601126,8315,1,1,57,935,1187,127,2,0
roufs,roufs.txt,2309,2,6,3.601126,8315,0,0,52,944,1190,119,4,0
slaes,slaes.txt,2309,2,6,3.601126,8315,0,0,47,974,1144,141,3,0
sneck,sneck.txt,2309,2,6,3.601126,8315,0,0,45,976,1146,139,3,0
talky,talky.txt,2309,2,6,3.601126,8315,0,0,55,942,1183,127,2,0
tough,tough.txt,2309,1,6,3.601126,8315,1,1,57,958,1141,150,2,0
unbed,unbed.txt,2309,2,6,3.601126,8315,0,0,60,934,1185,127,3,0
undos,undos.txt,2309,2,6,3.601126,8315,0,0,47,966,1162,129,5,0
veins,veins.txt,2309,2,6,3.601126,8315,0,0,61,955,1140,150,3,0
vicar,vicar.txt,2309,1,6,3.601126,8315,1,1,72,908,1195,132,1,0
wides,wides.txt,2309,2,6,3.601126,8315,0,0,55,951,1165,136,2,0
agree,agree.txt,2309,1,6,3.601559,8316,1,1,49,966,1153,133,7,0
ancho,ancho.txt,2309,2,6,3.601559,8316,0,0,49,982,1125,146,7,0
asdic,asdic.txt,2309,2,6,3.601559,8316,0,0,51,950,1179,126,3,0
begad,begad.txt,2309,2,6,3.601559,8316,0,0,71,910,1199,126,3,0
boeps,boeps.txt,2309,2,6,3.601559,8316,0,0,53,936,1202,114,4,0
brick,brick.txt,2309,1,6,3.601559,8316,1,1,54,954,1158,139,3,0
brink,brink.txt,2309,1,6,3.601559,8316,1,1,61,933,1178,134,2,0
brisk,brisk.txt,2309,1,6,3.601559,8316,1,1,57,951,1154,144,2,0
campy,campy.txt,2309,2,6,3.601559,8316,0,0,57,943,1175,131,3,0
coala,coala.txt,2309,2,6,3.601559,8316,0,0,50,972,1141,140,6,0
coked,coked.txt,2309,2,6,3.601559,8316,0,0,48,957,1172,131,1,0
coost,coost.txt,2309,2,6,3.601559,8316,0,0,51,969,1142,143,4,0
crool,crool.txt,2309,2,6,3.601559,8316,0,0,46,966,1164,128,5,0
furos,furos.txt,2309,2,6,3.601559,8316,0,0,58,948,1167,128,8,0
geest,geest.txt,2309,2,6,3.601559,8316,0,0,60,952,1147,148,2,0
hayed,hayed.txt,2309,2,6,3.601559,8316,0,0,59,935,1185,127,3,0
hings,hings.txt,2309,2,6,3.601559,8316,0,0,51,954,1172,128,4,0
limbs,limbs.txt,2309,2,5,3.601559,8316,0,0,50,946,1187,126,0,0
lives,lives.txt,2309,2,6,3.601559,8316,0,0,57,959,1145,143,5,0
loved,loved.txt,2309,2,6,3.601559,8316,0,0,62,946,1155,142,4,0
mango,mango.txt,2309,1,6,3.601559,8316,1,1,63,931,1176,136,2,0
mauri,mauri.txt,2309,2,6,3.601559,8316,0,0,50,984,1116,154,5,0
neeld,neeld.txt,2309,2,6,3.601559,8316,0,0,58,960,1138,150,3,0
nsima,nsima.txt,2309,2,6,3.601559,8316,0,0,56,957,1153,137,6,0
polka,polka.txt,2309,1,6,3.601559,8316,1,1,58,950,1155,141,4,0
rupee,rupee.txt,2309,1,6,3.601559,8316,1,1,61,943,1157,146,1,0
scall,scall.txt,2309,2,6,3.601559,8316,0,0,48,960,1168,130,3,0
shtum,shtum.txt,2309,2,6,3.601559,8316,0,0,65,936,1166,138,4,0
slats,slats.txt,2309,2,6,3.601559,8316,0,0,50,954,1176,124,5,0
barmy,barmy.txt,2309,2,6,3.601992,8317,0,0,63,923,1197,122,4,0
belie,belie.txt,2309,1,6,3.601992,8317,1,1,59,948,1155,142,4,0
chays,chays.txt,2309,2,6,3.601992,8317,0,0,47,974,1143,141,4,0
chedi,chedi.txt,2309,2,6,3.601992,8317,0,0,53,969,1133,152,2,0
gambe,gambe.txt,2309,2,6,3.601992,8317,0,0,58,942,1173,133,3,0
geres,geres.txt,2309,2,6,3.601992,8317,0,0,56,963,1139,146,5,0
geste,geste.txt,2309,2,6,3.601992,8317,0,0,53,957,1159,136,4,0
goldy,goldy.txt,2309,2,6,3.601992,8317,0,0,67,932,1165,143,2,0
imped,imped.txt,2309,2,6,3.601992,8317,0,0,51,948,1181,127,2,0
inver,inver.txt,2309,2,6,3.601992,8317,0,0,64,942,1155,145,3,0
metho,metho.txt,2309,2,6,3.601992,8317,0,0,64,929,1181,132,3,0
mopey,mopey.txt,2309,2,6,3.601992,8317,0,0,60,937,1178,130,4,0
nidus,nidus.txt,2309,2,6,3.601992,8317,0,0,48,956,1174,129,2,0
oncus,oncus.txt,2309,2,6,3.601992,8317,0,0,52,947,1182,124,4,0
ovist,ovist.txt,2309,2,6,3.601992,8317,0,0,57,951,1161,134,6,0
phang,phang.txt,2309,2,6,3.601992,8317,0,0,53,959,1154,140,3,0
photy,photy.txt,2309,2,6,3.601992,8317,0,0,63,937,1169,136,4,0
rorts,rorts.txt,2309,2,6,3.601992,8317,0,0,48,967,1154,136,4,0
salad,salad.txt,2309,1,6,3.601992,8317,1,1,58,935,1184,127,4,0
sheaf,sheaf.txt,2309,2,6,3.601992,8317,0,0,53,969,1134,150,3,0
softy,softy.txt,2309,2,6,3.601992,8317,0,0,54,936,1199,115,5,0
soupy,soupy.txt,2309,2,6,3.601992,8317,0,0,56,965,1134,150,4,0
thowl,thowl.txt,2309,2,6,3.601992,8317,0,0,63,927,1191,122,6,0
vaute,vaute.txt,2309,2,6,3.601992,8317,0,0,59,948,1157,143,2,0
absey,absey.txt,2309,2,6,3.602425,8318,0,0,60,920,1209,118,2,0
aglee,aglee.txt,2309,2,6,3.602425,8318,0,0,57,951,1160,135,6,0
areca,areca.txt,2309,2,6,3.602425,8318,0,0,51,978,1123,152,5,0
arnas,arnas.txt,2309,2,6,3.602425,8318,0,0,50,963,1155,137,4,0
barfs,barfs.txt,2309,2,6,3.602425,8318,0,0,55,935,1195,121,3,0
blype,blype.txt,2309,2,6,3.602425,8318,0,0,51,943,1190,123,2,0
calls,calls.txt,2309,2,6,3.602425,8318,0,0,50,962,1157,136,4,0
ching,ching.txt,2309,2,6,3.602425,8318,0,0,51,957,1162,137,2,0
crwth,crwth.txt,2309,2,6,3.602425,8318,0,0,51,969,1140,145,4,0
felch,felch.txt,2309,2,6,3.602425,8318,0,0,64,950,1137,156,2,0
fumer,fumer.txt,2309,2,6,3.602425,8318,0,0,58,944,1170,132,5,0
fumet,fumet.txt,2309,2,6,3.602425,8318,0,0,57,948,1164,136,4,0
lethe,lethe.txt,2309,2,6,3.602425,8318,0,0,55,955,1155,141,3,0
merde,merde.txt,2309,2,6,3.602425,8318,0,0,59,950,1155,140,5,0
minke,minke.txt,2309,2,6,3.602425,8318,0,0,52,964,1151,134,8,0
moker,moker.txt,2309,2,6,3.602425,8318,0,0,50,967,1147,141,4,0
murly,murly.txt,2309,2,6,3.602425,8318,0,0,61,933,1186,121,8,0
prana,prana.txt,2309,2,6,3.602425,8318,0,0,56,930,1202,118,3,0
punch,punch.txt,2309,1,6,3.602425,8318,1,1,57,950,1155,143,3,0
roneo,roneo.txt,2309,2,6,3.602425,8318,0,0,56,958,1147,144,4,0
tacet,tacet.txt,2309,2,6,3.602425,8318,0,0,60,952,1148,144,5,0
thyme,thyme.txt,2309,1,6,3.602425,8318,1,1,47,951,1183,124,3,0
titar,titar.txt,2309,2,6,3.602425,8318,0,0,64,942,1156,142,5,0
twyer,twyer.txt,2309,2,6,3.602425,8318,0,0,57,935,1188,127,2,0
umras,umras.txt,2309,2,6,3.602425,8318,0,0,60,927,1197,121,4,0
unios,unios.txt,2309,2,6,3.602425,8318,0,0,54,969,1133,147,6,0
urdee,urdee.txt,2309,2,6,3.602425,8318,0,0,60,953,1144,149,3,0
venas,venas.txt,2309,2,6,3.602425,8318,0,0,50,947,1184,127,1,0
zante,zante.txt,2309,2,6,3.602425,8318,0,0,42,972,1163,126,6,0
about,about.txt,2309,1,6,3.602858,8319,1,1,67,940,1146,150,5,0
agued,agued.txt,2309,2,6,3.602858,8319,0,0,57,942,1174,133,3,0
barre,barre.txt,2309,2,6,3.602858,8319,0,0,60,929,1191,126,3,0
biker,biker.txt,2309,2,6,3.602858,8319,0,0,52,958,1157,139,3,0
blive,blive.txt,2309,2,6,3.602858,8319,0,0,56,944,1173,133,3,0
bowat,bowat.txt,2309,2,6,3.602858,8319,0,0,62,942,1160,141,4,0
bowse,bowse.txt,2309,2,6,3.602858,8319,0,0,51,945,1185,126,2,0
croze,croze.txt,2309,2,6,3.602858,8319,0,0,44,985,1131,142,7,0
docus,docus.txt,2309,2,6,3.602858,8319,0,0,52,958,1159,135,5,0
feare,feare.txt,2309,2,6,3.602858,8319,0,0,64,951,1136,154,4,0
fogie,fogie.txt,2309,2,6,3.602858,8319,0,0,59,944,1165,137,4,0
hutia,hutia.txt,2309,2,6,3.602858,8319,0,0,60,976,1102,163,8,0
ladle,ladle.txt,2309,1,6,3.602858,8319,1,1,47,959,1170,125,7,0
lobus,lobus.txt,2309,2,6,3.602858,8319,0,0,58,928,1201,117,5,0
louma,louma.txt,2309,2,6,3.602858,8319,0,0,61,947,1153,144,4,0
mulch,mulch.txt,2309,1,6,3.602858,8319,1,1,60,951,1145,147,5,0
penes,penes.txt,2309,2,6,3.602858,8319,0,0,51,966,1148,137,7,0
scatt,scatt.txt,2309,2,6,3.602858,8319,0,0,49,957,1172,124,7,0
shrug,shrug.txt,2309,1,6,3.602858,8319,1,1,53,972,1125,152,6,0
slits,slits.txt,2309,2,6,3.602858,8319,0,0,47,959,1172,126,5,0
tacan,tacan.txt,2309,2,6,3.602858,8319,0,0,52,957,1159,138,3,0
trots,trots.txt,2309,2,6,3.602858,8319,0,0,57,959,1141,148,4,0
trust,trust.txt,2309,1,6,3.602858,8319,1,1,58,955,1143,147,5,0
tufas,tufas.txt,2309,2,6,3.602858,8319,0,0,47,954,1180,125,3,0
waldo,waldo.txt,2309,2,6,3.602858,8319,0,0,55,950,1164,137,3,0
wheat,wheat.txt,2309,1,6,3.602858,8319,1,1,72,942,1127,162,5,0
wring,wring.txt,2309,1,6,3.602858,8319,1,1,56,944,1171,132,5,0
cundy,cundy.txt,2309,2,6,3.603291,8320,0,0,53,946,1178,128,4,0
dorks,dorks.txt,2309,2,6,3.603291,8320,0,0,41,954,1200,108,6,0
drunk,drunk.txt,2309,1,6,3.603291,8320,1,1,51,964,1148,137,8,0
fames,fames.txt,2309,2,6,3.603291,8320,0,0,51,930,1214,112,2,0
fremd,fremd.txt,2309,2,6,3.603291,8320,0,0,55,944,1174,134,2,0
girlf,girlf.txt,2309,2,6,3.603291,8320,0,0,66,912,1205,124,2,0
guyse,guyse.txt,2309,2,6,3.603291,8320,0,0,55,937,1189,125,3,0
larky,larky.txt,2309,2,6,3.603291,8320,0,0,52,950,1173,130,4,0
mopsy,mopsy.txt,2309,2,6,3.603291,8320,0,0,59,943,1168,133,6,0
mynas,mynas.txt,2309,2,6,3.603291,8320,0,0,51,941,1196,115,6,0
roots,roots.txt,2309,2,6,3.603291,8320,0,0,55,956,1154,138,6,0
rorie,rorie.txt,2309,2,6,3.603291,8320,0,0,48,982,1124,148,7,0
sales,sales.txt,2309,2,6,3.603291,8320,0,0,55,954,1155,142,3,0
scrub,scrub.txt,2309,1,6,3.603291,8320,1,1,52,951,1167,134,4,0
smoke,smoke.txt,2309,1,6,3.603291,8320,1,1,56,951,1159,134,8,0
techy,techy.txt,2309,2,6,3.603291,8320,0,0,53,962,1145,146,3,0
timbo,timbo.txt,2309,2,6,3.603291,8320,0,0,68,921,1181,137,2,0
virls,virls.txt,2309,2,6,3.603291,8320,0,0,57,945,1165,141,1,0
women,women.txt,2309,1,6,3.603291,8320,1,1,58,938,1176,131,5,0
aedes,aedes.txt,2309,2,6,3.603725,8321,0,0,45,963,1167,130,4,0
chank,chank.txt,2309,2,6,3.603725,8321,0,0,52,969,1132,154,2,0
cheer,cheer.txt,2309,1,6,3.603725,8321,1,1,57,970,1113,164,4,0
deers,deers.txt,2309,2,6,3.603725,8321,0,0,48,974,1138,143,6,0
ducti,ducti.txt,2309,2,6,3.603725,8321,0,0,58,948,1157,143,3,0
erhus,erhus.txt,2309,2,6,3.603725,8321,0,0,56,954,1151,145,3,0
ficta,ficta.txt,2309,2,6,3.603725,8321,0,0,62,937,1168,138,4,0
genie,genie.txt,2309,1,6,3.603725,8321,1,1,57,953,1147,147,4,0
gyros,gyros.txt,2309,2,6,3.603725,8321,0,0,50,942,1193,121,3,0
heder,heder.txt,2309,2,6,3.603725,8321,0,0,60,940,1168,137,4,0
hurds,hurds.txt,2309,2,6,3.603725,8321,0,0,59,957,1136,154,3,0
klieg,klieg.txt,2309,2,6,3.603725,8321,0,0,47,963,1159,138,2,0
ledes,ledes.txt,2309,2,6,3.603725,8321,0,0,53,956,1157,139,4,0
levas,levas.txt,2309,2,6,3.603725,8321,0,0,65,943,1144,156,1,0
lisle,lisle.txt,2309,2,6,3.603725,8321,0,0,46,978,1136,143,6,0
mauds,mauds.txt,2309,2,6,3.603725,8321,0,0,56,937,1187,124,5,0
mings,mings.txt,2309,2,6,3.603725,8321,0,0,55,947,1169,134,4,0
misdo,misdo.txt,2309,2,6,3.603725,8321,0,0,62,932,1175,139,1,0
palar,palar.txt,2309,2,6,3.603725,8321,0,0,65,934,1164,143,3,0
peers,peers.txt,2309,2,6,3.603725,8321,0,0,58,957,1144,142,8,0
pioys,pioys.txt,2309,2,6,3.603725,8321,0,0,48,969,1144,146,2,0
porer,porer.txt,2309,2,6,3.603725,8321,0,0,53,961,1147,144,4,0
razet,razet.txt,2309,2,6,3.603725,8321,0,0,45,967,1157,138,2,0
saser,saser.txt,2309,2,6,3.603725,8321,0,0,51,969,1140,142,7,0
swift,swift.txt,2309,1,6,3.603725,8321,1,1,63,904,1226,112,3,0
tools,tools.txt,2309,2,6,3.603725,8321,0,0,59,935,1178,136,1,0
aread,aread.txt,2309,2,6,3.604158,8322,0,0,58,957,1142,145,7,0
awdls,awdls.txt,2309,2,6,3.604158,8322,0,0,51,935,1202,119,2,0
caves,caves.txt,2309,2,6,3.604158,8322,0,0,53,932,1201,122,1,0
coved,coved.txt,2309,2,6,3.604158,8322,0,0,58,937,1177,135,2,0
dashi,dashi.txt,2309,2,6,3.604158,8322,0,0,47,974,1137,148,3,0
deshi,deshi.txt,2309,2,6,3.604158,8322,0,0,52,964,1145,142,6,0
eupad,eupad.txt,2309,2,6,3.604158,8322,0,0,60,958,1132,154,5,0
foyne,foyne.txt,2309,2,6,3.604158,8322,0,0,49,946,1187,124,3,0
guiro,guiro.txt,2309,2,6,3.604158,8322,0,0,59,959,1133,153,5,0
hauds,hauds.txt,2309,2,6,3.604158,8322,0,0,54,951,1161,141,2,0
hylas,hylas.txt,2309,2,6,3.604158,8322,0,0,56,936,1188,124,5,0
inspo,inspo.txt,2309,2,6,3.604158,8322,0,0,63,940,1162,136,8,0
kinas,kinas.txt,2309,2,6,3.604158,8322,0,0,45,958,1177,124,5,0
mogas,mogas.txt,2309,2,6,3.604158,8322,0,0,63,930,1175,140,1,0
mogul,mogul.txt,2309,1,6,3.604158,8322,1,1,57,940,1171,137,3,0
mutic,mutic.txt,2309,2,6,3.604158,8322,0,0,60,952,1145,146,6,0
oleum,oleum.txt,2309,2,6,3.604158,8322,0,0,60,946,1153,148,2,0
peaks,peaks.txt,2309,2,6,3.604158,8322,0,0,62,939,1164,139,5,0
pongy,pongy.txt,2309,2,6,3.604158,8322,0,0,55,940,1179,134,1,0
ricks,ricks.txt,2309,2,6,3.604158,8322,0,0,46,967,1157,133,6,0
rigmo,rigmo.txt,2309,2,6,3.604158,8322,0,0,69,924,1171,142,3,0
rocks,rocks.txt,2309,2,6,3.604158,8322,0,0,44,954,1185,124,2,0
ronne,ronne.txt,2309,2,6,3.604158,8322,0,0,49,966,1149,140,5,0
sough,sough.txt,2309,2,6,3.604158,8322,0,0,55,973,1117,159,5,0
stede,stede.txt,2309,2,6,3.604158,8322,0,0,56,931,1199,117,6,0
thagi,thagi.txt,2309,2,6,3.604158,8322,0,0,54,961,1142,149,3,0
thuds,thuds.txt,2309,2,6,3.604158,8322,0,0,54,947,1168,139,1,0
vitro,vitro.txt,2309,2,6,3.604158,8322,0,0,63,945,1149,147,5,0
watch,watch.txt,2309,1,6,3.604158,8322,1,1,58,938,1171,139,2,0
winge,winge.txt,2309,2,6,3.604158,8322,0,0,59,949,1150,149,2,0
wiped,wiped.txt,2309,2,6,3.604158,8322,0,0,52,946,1176,134,1,0
wolds,wolds.txt,2309,2,5,3.604158,8322,0,0,59,920,1206,124,0,0
abele,abele.txt,2309,2,6,3.604591,8323,0,0,49,961,1156,140,3,0
atter,atter.txt,2309,2,6,3.604591,8323,0,0,60,938,1169,139,3,0
brede,brede.txt,2309,2,6,3.604591,8323,0,0,59,940,1172,131,7,0
diwan,diwan.txt,2309,2,6,3.604591,8323,0,0,56,942,1172,137,2,0
duply,duply.txt,2309,2,6,3.604591,8323,0,0,58,950,1153,143,5,0
fetch,fetch.txt,2309,1,6,3.604591,8323,1,1,55,932,1193,124,4,0
flims,flims.txt,2309,2,6,3.604591,8323,0,0,60,920,1205,121,3,0
fonda,fonda.txt,2309,2,6,3.604591,8323,0,0,51,962,1149,143,4,0
frush,frush.txt,2309,2,6,3.604591,8323,0,0,56,936,1184,131,2,0
hanks,hanks.txt,2309,2,6,3.604591,8323,0,0,40,959,1186,122,2,0
hapus,hapus.txt,2309,2,6,3.604591,8323,0,0,47,982,1122,153,5,0
liwas,liwas.txt,2309,2,6,3.604591,8323,0,0,40,970,1165,131,3,0
meles,meles.txt,2309,2,6,3.604591,8323,0,0,48,954,1175,127,5,0
mogue,mogue.txt,2309,2,6,3.604591,8323,0,0,60,952,1140,155,2,0
nimps,nimps.txt,2309,2,6,3.604591,8323,0,0,43,963,1170,130,3,0
pilow,pilow.txt,2309,2,6,3.604591,8323,0,0,46,954,1180,125,4,0
ploot,ploot.txt,2309,2,6,3.604591,8323,0,0,58,947,1158,142,4,0
puker,puker.txt,2309,2,6,3.604591,8323,0,0,49,972,1135,149,4,0
recue,recue.txt,2309,2,6,3.604591,8323,0,0,55,957,1148,144,5,0
steed,steed.txt,2309,1,6,3.604591,8323,1,1,53,941,1180,131,3,0
steep,steep.txt,2309,1,6,3.604591,8323,1,1,56,937,1180,131,4,0
tofus,tofus.txt,2309,2,6,3.604591,8323,0,0,55,935,1191,124,4,0
toons,toons.txt,2309,2,6,3.604591,8323,0,0,55,942,1176,133,3,0
vapor,vapor.txt,2309,1,6,3.604591,8323,1,1,61,917,1203,125,2,0
vatos,vatos.txt,2309,2,6,3.604591,8323,0,0,60,929,1187,130,3,0
vined,vined.txt,2309,2,6,3.604591,8323,0,0,62,933,1174,136,4,0
visor,visor.txt,2309,1,6,3.604591,8323,1,1,61,938,1163,142,4,0
withe,withe.txt,2309,2,6,3.604591,8323,0,0,66,922,1183,135,3,0
ansae,ansae.txt,2309,2,6,3.605024,8324,0,0,56,959,1143,143,8,0
chems,chems.txt,2309,2,6,3.605024,8324,0,0,55,968,1123,160,3,0
eathe,eathe.txt,2309,2,6,3.605024,8324,0,0,56,944,1168,138,3,0
frank,frank.txt,2309,1,6,3.605024,8324,1,1,59,927,1188,132,2,0
hangi,hangi.txt,2309,2,6,3.605024,8324,0,0,47,978,1130,148,6,0
hurly,hurly.txt,2309,2,6,3.605024,8324,0,0,52,957,1158,135,7,0
ickle,ickle.txt,2309,2,6,3.605024,8324,0,0,45,937,1213,113,1,0
leugh,leugh.txt,2309,2,6,3.605024,8324,0,0,55,944,1171,136,3,0
liege,liege.txt,2309,1,6,3.605024,8324,1,1,51,950,1170,131,6,0
lying,lying.txt,2309,1,5,3.605024,8324,1,1,56,935,1179,138,0,0
mohur,mohur.txt,2309,2,6,3.605024,8324,0,0,65,944,1143,152,5,0
nante,nante.txt,2309,2,6,3.605024,8324,0,0,46,968,1152,138,5,0
pious,pious.txt,2309,2,6,3.605024,8324,0,0,49,967,1146,141,6,0
plavs,plavs.txt,2309,2,6,3.605024,8324,0,0,53,944,1176,134,2,0
preem,preem.txt,2309,2,6,3.605024,8324,0,0,59,956,1140,146,8,0
thack,thack.txt,2309,2,6,3.605024,8324,0,0,61,939,1167,135,7,0
unity,unity.txt,2309,1,6,3.605024,8324,1,1,53,952,1161,135,7,0
whirl,whirl.txt,2309,1,6,3.605024,8324,1,1,50,961,1149,144,4,0
words,words.txt,2309,2,6,3.605024,8324,0,0,57,930,1193,126,3,0
yelms,yelms.txt,2309,2,6,3.605024,8324,0,0,46,955,1177,127,4,0
acedy,acedy.txt,2309,2,6,3.605457,8325,0,0,55,943,1171,138,2,0
besom,besom.txt,2309,2,6,3.605457,8325,0,0,58,923,1205,118,5,0
bohea,bohea.txt,2309,2,6,3.605457,8325,0,0,50,958,1155,145,1,0
bongs,bongs.txt,2309,2,6,3.605457,8325,0,0,49,943,1190,124,3,0
bunco,bunco.txt,2309,2,6,3.605457,8325,0,0,56,941,1174,134,4,0
ethos,ethos.txt,2309,1,6,3.605457,8325,1,1,44,970,1149,140,5,0
filch,filch.txt,2309,2,6,3.605457,8325,0,0,59,932,1180,137,1,0
gamey,gamey.txt,2309,2,6,3.605457,8325,0,0,67,917,1190,130,5,0
giver,giver.txt,2309,1,6,3.605457,8325,1,1,66,937,1151,147,7,0
gulps,gulps.txt,2309,2,6,3.605457,8325,0,0,56,944,1166,141,2,0
heled,heled.txt,2309,2,5,3.605457,8325,0,0,55,946,1163,145,0,0
hover,hover.txt,2309,1,6,3.605457,8325,1,1,60,935,1169,141,3,0
kimet,kimet.txt,2309,2,6,3.605457,8325,0,0,58,964,1121,163,3,0
lanky,lanky.txt,2309,1,6,3.605457,8325,1,1,47,955,1168,135,3,0
lurve,lurve.txt,2309,2,6,3.605457,8325,0,0,58,941,1167,140,3,0
lweis,lweis.txt,2309,2,6,3.605457,8325,0,0,55,949,1162,138,5,0
mincy,mincy.txt,2309,2,6,3.605457,8325,0,0,55,938,1184,127,5,0
mulai,mulai.txt,2309,2,6,3.605457,8325,0,0,56,954,1151,141,7,0
paiks,paiks.txt,2309,2,6,3.605457,8325,0,0,49,955,1171,126,8,0
pleck,pleck.txt,2309,2,6,3.605457,8325,0,0,64,940,1150,153,2,0
scudo,scudo.txt,2309,2,6,3.605457,8325,0,0,53,949,1168,134,5,0
sears,sears.txt,2309,2,6,3.605457,8325,0,0,39,989,1132,142,7,0
seyen,seyen.txt,2309,2,6,3.605457,8325,0,0,53,954,1158,139,5,0
silky,silky.txt,2309,1,6,3.605457,8325,1,1,53,948,1165,138,4,0
smirk,smirk.txt,2309,1,6,3.605457,8325,1,1,61,937,1162,145,3,0
sores,sores.txt,2309,2,6,3.605457,8325,0,0,46,967,1151,142,3,0
tanky,tanky.txt,2309,2,6,3.605457,8325,0,0,55,933,1192,126,3,0
umpie,umpie.txt,2309,2,6,3.605457,8325,0,0,60,922,1200,123,4,0
unply,unply.txt,2309,2,6,3.605457,8325,0,0,49,940,1194,125,1,0
unsay,unsay.txt,2309,2,6,3.605457,8325,0,0,63,927,1182,132,5,0
vines,vines.txt,2309,2,6,3.605457,8325,0,0,55,944,1170,137,3,0
warms,warms.txt,2309,2,6,3.605457,8325,0,0,50,947,1179,130,3,0
amply,amply.txt,2309,1,6,3.60589,8326,1,1,55,925,1203,122,3,0
boing,boing.txt,2309,2,6,3.60589,8326,0,0,58,936,1176,136,3,0
cheet,cheet.txt,2309,2,6,3.60589,8326,0,0,56,952,1150,148,3,0
dikes,dikes.txt,2309,2,6,3.60589,8326,0,0,39,975,1155,137,3,0
furls,furls.txt,2309,2,6,3.60589,8326,0,0,58,940,1170,136,5,0
fused,fused.txt,2309,2,6,3.60589,8326,0,0,44,944,1202,116,3,0
ganof,ganof.txt,2309,2,6,3.60589,8326,0,0,59,942,1162,142,4,0
gilpy,gilpy.txt,2309,2,5,3.60589,8326,0,0,66,911,1199,133,0,0
horks,horks.txt,2309,2,6,3.60589,8326,0,0,53,940,1182,132,2,0
hoyed,hoyed.txt,2309,2,6,3.60589,8326,0,0,59,935,1174,139,2,0
iched,iched.txt,2309,2,6,3.60589,8326,0,0,44,955,1179,129,2,0
lanas,lanas.txt,2309,2,6,3.60589,8326,0,0,59,946,1154,146,4,0
nougs,nougs.txt,2309,2,6,3.60589,8326,0,0,51,940,1190,124,4,0
recks,recks.txt,2309,2,6,3.60589,8326,0,0,43,956,1181,126,3,0
ronuk,ronuk.txt,2309,2,6,3.60589,8326,0,0,46,964,1159,134,6,0
voted,voted.txt,2309,2,6,3.60589,8326,0,0,61,922,1195,128,3,0
yclad,yclad.txt,2309,2,6,3.60589,8326,0,0,50,942,1188,126,3,0
agues,agues.txt,2309,2,6,3.606323,8327,0,0,53,940,1180,135,1,0
airer,airer.txt,2309,2,6,3.606323,8327,0,0,52,948,1173,129,7,0
algum,algum.txt,2309,2,6,3.606323,8327,0,0,65,934,1160,145,5,0
almug,almug.txt,2309,2,6,3.606323,8327,0,0,58,947,1155,144,5,0
brees,brees.txt,2309,2,6,3.606323,8327,0,0,56,944,1167,137,5,0
dirks,dirks.txt,2309,2,6,3.606323,8327,0,0,42,955,1185,124,3,0
diyas,diyas.txt,2309,2,6,3.606323,8327,0,0,46,957,1170,132,4,0
duing,duing.txt,2309,2,6,3.606323,8327,0,0,59,951,1144,150,5,0
efits,efits.txt,2309,2,6,3.606323,8327,0,0,56,950,1156,141,6,0
ester,ester.txt,2309,1,6,3.606323,8327,1,1,63,929,1171,141,4,0
forms,forms.txt,2309,2,5,3.606323,8327,0,0,48,932,1210,119,0,0
gaspy,gaspy.txt,2309,2,6,3.606323,8327,0,0,61,913,1213,118,4,0
kinos,kinos.txt,2309,2,6,3.606323,8327,0,0,44,964,1162,135,4,0
krang,krang.txt,2309,2,6,3.606323,8327,0,0,42,972,1150,143,2,0
lehua,lehua.txt,2309,2,6,3.606323,8327,0,0,46,976,1132,151,4,0
malae,malae.txt,2309,2,6,3.606323,8327,0,0,56,956,1143,149,5,0
mbari,mbari.txt,2309,2,6,3.606323,8327,0,0,43,969,1153,142,2,0
mebos,mebos.txt,2309,2,6,3.606323,8327,0,0,54,930,1201,119,5,0
metif,metif.txt,2309,2,6,3.606323,8327,0,0,60,916,1208,123,2,0
nyams,nyams.txt,2309,2,6,3.606323,8327,0,0,53,939,1187,124,6,0
pithy,pithy.txt,2309,1,5,3.606323,8327,1,1,58,940,1160,150,0,0
polks,polks.txt,2309,2,6,3.606323,8327,0,0,50,943,1186,126,4,0
pubes,pubes.txt,2309,2,6,3.606323,8327,0,0,57,932,1185,133,2,0
punim,punim.txt,2309,2,6,3.606323,8327,0,0,60,924,1192,131,2,0
reird,reird.txt,2309,2,6,3.606323,8327,0,0,59,950,1147,147,6,0
salts,salts.txt,2309,2,6,3.606323,8327,0,0,54,945,1174,128,8,0
sanes,sanes.txt,2309,2,6,3.606323,8327,0,0,44,966,1157,139,3,0
seals,seals.txt,2309,2,6,3.606323,8327,0,0,50,972,1128,155,4,0
shack,shack.txt,2309,1,6,3.606323,8327,1,1,53,963,1132,157,3,0
shrow,shrow.txt,2309,2,5,3.606323,8327,0,0,60,945,1148,156,0,0
siege,siege.txt,2309,1,6,3.606323,8327,1,1,51,958,1152,140,7,0
stoat,stoat.txt,2309,2,6,3.606323,8327,0,0,49,975,1128,150,7,0
ukase,ukase.txt,2309,2,6,3.606323,8327,0,0,38,977,1157,130,7,0
wilds,wilds.txt,2309,2,5,3.606323,8327,0,0,53,927,1205,124,0,0
aglus,aglus.txt,2309,2,6,3.606756,8328,0,0,49,952,1170,134,4,0
aksed,aksed.txt,2309,2,6,3.606756,8328,0,0,46,957,1170,131,5,0
amene,amene.txt,2309,2,6,3.606756,8328,0,0,57,940,1169,140,3,0
amnio,amnio.txt,2309,2,6,3.606756,8328,0,0,62,956,1129,152,10,0
ampul,ampul.txt,2309,2,6,3.606756,8328,0,0,63,933,1165,145,3,0
aorta,aorta.txt,2309,1,6,3.606756,8328,1,1,60,951,1138,152,7,0
brock,brock.txt,2309,2,6,3.606756,8328,0,0,53,939,1185,127,5,0
celeb,celeb.txt,2309,2,6,3.606756,8328,0,0,55,927,1200,125,2,0
chemo,chemo.txt,2309,2,6,3.606756,8328,0,0,59,952,1139,156,3,0
color,color.txt,2309,1,6,3.606756,8328,1,1,52,932,1196,125,3,0
crumb,crumb.txt,2309,1,6,3.606756,8328,1,1,56,924,1200,125,3,0
doums,doums.txt,2309,2,6,3.606756,8328,0,0,49,953,1170,131,6,0
fluey,fluey.txt,2309,2,6,3.606756,8328,0,0,57,933,1184,131,4,0
genae,genae.txt,2309,2,6,3.606756,8328,0,0,58,953,1140,155,3,0
gormy,gormy.txt,2309,2,6,3.606756,8328,0,0,64,931,1168,141,5,0
gutsy,gutsy.txt,2309,2,6,3.606756,8328,0,0,55,934,1186,132,2,0
imbar,imbar.txt,2309,2,6,3.606756,8328,0,0,55,932,1191,128,3,0
kiley,kiley.txt,2309,2,6,3.606756,8328,0,0,55,933,1190,127,4,0
kitul,kitul.txt,2309,2,6,3.606756,8328,0,0,42,966,1163,134,4,0
kulan,kulan.txt,2309,2,6,3.606756,8328,0,0,52,957,1153,141,6,0
losel,losel.txt,2309,2,6,3.606756,8328,0,0,49,953,1168,135,4,0
mutch,mutch.txt,2309,2,6,3.606756,8328,0,0,63,931,1169,143,3,0
naves,naves.txt,2309,2,6,3.606756,8328,0,0,58,926,1193,130,2,0
ngram,ngram.txt,2309,2,6,3.606756,8328,0,0,53,940,1181,132,3,0
nurdy,nurdy.txt,2309,2,6,3.606756,8328,0,0,54,947,1167,135,6,0
overt,overt.txt,2309,1,6,3.606756,8328,1,1,55,945,1163,140,5,0
roleo,roleo.txt,2309,2,6,3.606756,8328,0,0,53,953,1157,141,5,0
rompy,rompy.txt,2309,2,6,3.606756,8328,0,0,58,931,1184,133,3,0
sacra,sacra.txt,2309,2,6,3.606756,8328,0,0,50,949,1172,135,3,0
seely,seely.txt,2309,2,6,3.606756,8328,0,0,51,960,1148,146,4,0
sorex,sorex.txt,2309,2,6,3.606756,8328,0,0,42,968,1158,138,3,0
sorts,sorts.txt,2309,2,6,3.606756,8328,0,0,44,979,1135,143,8,0
stunk,stunk.txt,2309,1,6,3.606756,8328,1,1,57,934,1181,129,7,0
tocks,tocks.txt,2309,2,6,3.606756,8328,0,0,44,951,1187,123,4,0
vesta,vesta.txt,2309,2,6,3.606756,8328,0,0,57,932,1186,130,4,0
wetly,wetly.txt,2309,2,6,3.606756,8328,0,0,55,944,1167,140,3,0
yorga,yorga.txt,2309,2,6,3.606756,8328,0,0,53,950,1160,144,2,0
abhor,abhor.txt,2309,1,6,3.607189,8329,1,1,53,933,1189,131,2,0
bouge,bouge.txt,2309,2,6,3.607189,8329,0,0,69,932,1151,151,6,0
deens,deens.txt,2309,2,6,3.607189,8329,0,0,50,953,1164,138,4,0
deuce,deuce.txt,2309,1,6,3.607189,8329,1,1,52,946,1169,136,5,0
flogs,flogs.txt,2309,2,6,3.607189,8329,0,0,48,939,1199,118,5,0
flush,flush.txt,2309,1,6,3.607189,8329,1,1,53,953,1152,145,5,0
frabs,frabs.txt,2309,2,6,3.607189,8329,0,0,54,933,1190,130,2,0
hilum,hilum.txt,2309,2,6,3.607189,8329,0,0,51,940,1186,129,3,0
mirkn,mirkn.txt,2309,2,6,3.607189,8329,0,0,48,959,1159,138,5,0
naats,naats.txt,2309,2,6,3.607189,8329,0,0,41,959,1180,124,5,0
pygal,pygal.txt,2309,2,6,3.607189,8329,0,0,54,937,1182,134,2,0
ridgy,ridgy.txt,2309,2,6,3.607189,8329,0,0,63,913,1204,126,3,0
snaky,snaky.txt,2309,1,6,3.607189,8329,1,1,52,942,1175,136,3,0
tania,tania.txt,2309,2,6,3.607189,8329,0,0,66,938,1148,151,6,0
total,total.txt,2309,1,6,3.607189,8329,1,1,65,932,1160,144,7,0
yacht,yacht.txt,2309,1,6,3.607189,8329,1,1,45,955,1169,137,2,0
agios,agios.txt,2309,2,6,3.607622,8330,0,0,53,972,1120,156,8,0
aweto,aweto.txt,2309,2,6,3.607622,8330,0,0,67,927,1167,141,7,0
bytes,bytes.txt,2309,2,6,3.607622,8330,0,0,50,926,1216,114,3,0
cheba,cheba.txt,2309,2,6,3.607622,8330,0,0,54,939,1178,135,3,0
corno,corno.txt,2309,2,6,3.607622,8330,0,0,61,926,1183,136,3,0
daals,daals.txt,2309,2,6,3.607622,8330,0,0,49,951,1171,133,5,0
eskar,eskar.txt,2309,2,6,3.607622,8330,0,0,46,954,1172,134,3,0
fling,fling.txt,2309,1,6,3.607622,8330,1,1,59,924,1191,129,5,0
greed,greed.txt,2309,1,6,3.607622,8330,1,1,55,942,1168,137,6,0
hynde,hynde.txt,2309,2,6,3.607622,8330,0,0,54,925,1206,121,3,0
kithe,kithe.txt,2309,2,6,3.607622,8330,0,0,47,942,1191,128,1,0
mbira,mbira.txt,2309,2,6,3.607622,8330,0,0,54,948,1162,140,5,0
pekin,pekin.txt,2309,2,6,3.607622,8330,0,0,55,942,1170,138,4,0
piked,piked.txt,2309,2,6,3.607622,8330,0,0,50,937,1194,125,3,0
powns,powns.txt,2309,2,6,3.607622,8330,0,0,50,944,1178,136,1,0
shown,shown.txt,2309,1,6,3.607622,8330,1,1,64,945,1133,162,4,0
snool,snool.txt,2309,2,6,3.607622,8330,0,0,53,942,1175,136,3,0
sorra,sorra.txt,2309,2,6,3.607622,8330,0,0,52,963,1138,151,5,0
surer,surer.txt,2309,1,6,3.607622,8330,1,1,61,939,1155,148,5,0
tarry,tarry.txt,2309,2,6,3.607622,8330,0,0,55,929,1195,127,3,0
umble,umble.txt,2309,2,6,3.607622,8330,0,0,59,922,1197,128,3,0
unrig,unrig.txt,2309,2,6,3.607622,8330,0,0,52,954,1156,142,5,0
ustad,ustad.txt,2309,2,6,3.607622,8330,0,0,56,933,1183,135,2,0
wadge,wadge.txt,2309,2,6,3.607622,8330,0,0,54,930,1197,124,4,0
waurs,waurs.txt,2309,2,6,3.607622,8330,0,0,41,961,1173,131,3,0
weids,weids.txt,2309,2,6,3.607622,8330,0,0,57,928,1190,132,2,0
whats,whats.txt,2309,2,6,3.607622,8330,0,0,57,930,1189,128,5,0
woads,woads.txt,2309,2,6,3.607622,8330,0,0,53,939,1182,131,4,0
ameer,ameer.txt,2309,2,6,3.608055,8331,0,0,59,935,1169,144,2,0
bahut,bahut.txt,2309,2,6,3.608055,8331,0,0,60,929,1181,134,5,0
bisom,bisom.txt,2309,2,6,3.608055,8331,0,0,59,926,1188,133,3,0
blaws,blaws.txt,2309,2,6,3.608055,8331,0,0,52,934,1192,129,2,0
blown,blown.txt,2309,1,6,3.608055,8331,1,1,49,944,1178,134,3,0
botew,botew.txt,2309,2,6,3.608055,8331,0,0,59,927,1184,138,1,0
breys,breys.txt,2309,2,6,3.608055,8331,0,0,48,951,1173,132,5,0
dimps,dimps.txt,2309,2,6,3.608055,8331,0,0,48,939,1193,128,1,0
dusty,dusty.txt,2309,1,6,3.608055,8331,1,1,49,950,1166,140,3,0
films,films.txt,2309,2,6,3.608055,8331,0,0,56,917,1215,118,3,0
foray,foray.txt,2309,1,6,3.608055,8331,1,1,63,920,1185,136,4,0
glove,glove.txt,2309,1,6,3.608055,8331,1,1,63,921,1186,131,7,0
golfs,golfs.txt,2309,2,6,3.608055,8331,0,0,47,937,1203,118,4,0
gowls,gowls.txt,2309,2,6,3.608055,8331,0,0,46,949,1181,130,3,0
huias,huias.txt,2309,2,6,3.608055,8331,0,0,49,973,1126,156,5,0
hyena,hyena.txt,2309,1,6,3.608055,8331,1,1,55,961,1127,161,4,0
ictus,ictus.txt,2309,2,6,3.608055,8331,0,0,58,933,1177,138,3,0
mafts,mafts.txt,2309,2,6,3.608055,8331,0,0,54,916,1222,115,2,0
methi,methi.txt,2309,2,6,3.608055,8331,0,0,59,944,1155,145,6,0
myope,myope.txt,2309,2,6,3.608055,8331,0,0,58,917,1208,124,2,0
ouche,ouche.txt,2309,2,6,3.608055,8331,0,0,46,969,1141,150,3,0
oucht,oucht.txt,2309,2,6,3.608055,8331,0,0,53,947,1163,144,2,0
parki,parki.txt,2309,2,6,3.608055,8331,0,0,53,951,1159,140,6,0
paved,paved.txt,2309,2,5,3.608055,8331,0,0,57,930,1183,139,0,0
pechs,pechs.txt,2309,2,6,3.608055,8331,0,0,54,941,1173,138,3,0
ricer,ricer.txt,2309,2,6,3.608055,8331,0,0,60,938,1161,147,3,0
simba,simba.txt,2309,2,6,3.608055,8331,0,0,46,959,1163,136,5,0
study,study.txt,2309,1,6,3.608055,8331,1,1,51,939,1183,131,4,0
tuart,tuart.txt,2309,2,6,3.608055,8331,0,0,57,953,1144,148,7,0
twiny,twiny.txt,2309,2,6,3.608055,8331,0,0,55,926,1204,117,7,0
usnic,usnic.txt,2309,2,6,3.608055,8331,0,0,51,942,1183,127,6,0
would,would.txt,2309,1,6,3.608055,8331,1,1,63,926,1173,142,4,0
areas,areas.txt,2309,2,6,3.608489,8332,0,0,53,962,1139,146,9,0
avels,avels.txt,2309,2,6,3.608489,8332,0,0,48,966,1140,152,3,0
burds,burds.txt,2309,2,6,3.608489,8332,0,0,62,913,1205,125,4,0
choke,choke.txt,2309,1,6,3.608489,8332,1,1,48,950,1171,133,6,0
dreks,dreks.txt,2309,2,6,3.608489,8332,0,0,36,978,1155,134,6,0
dumas,dumas.txt,2309,2,6,3.608489,8332,0,0,63,917,1194,131,4,0
elchi,elchi.txt,2309,2,6,3.608489,8332,0,0,55,939,1174,137,4,0
hefts,hefts.txt,2309,2,6,3.608489,8332,0,0,53,939,1179,135,3,0
lofty,lofty.txt,2309,1,6,3.608489,8332,1,1,56,912,1220,117,3,0
mover,mover.txt,2309,1,6,3.608489,8332,1,1,55,933,1181,136,3,0
oubit,oubit.txt,2309,2,6,3.608489,8332,0,0,68,946,1123,166,6,0
pervs,pervs.txt,2309,2,6,3.608489,8332,0,0,54,936,1184,130,5,0
shive,shive.txt,2309,2,6,3.608489,8332,0,0,51,955,1152,149,2,0
steme,steme.txt,2309,2,6,3.608489,8332,0,0,53,947,1166,137,6,0
taits,taits.txt,2309,2,6,3.608489,8332,0,0,61,937,1160,147,4,0
tupek,tupek.txt,2309,2,6,3.608489,8332,0,0,56,962,1126,160,5,0
turfy,turfy.txt,2309,2,6,3.608489,8332,0,0,56,924,1202,122,5,0
wages,wages.txt,2309,2,6,3.608489,8332,0,0,51,946,1173,134,5,0
wisht,wisht.txt,2309,2,6,3.608489,8332,0,0,58,929,1184,135,3,0
adyts,adyts.txt,2309,2,6,3.608922,8333,0,0,43,934,1219,109,4,0
afion,afion.txt,2309,2,6,3.608922,8333,0,0,63,961,1112,162,11,0
album,album.txt,2309,1,6,3.608922,8333,1,1,68,901,1205,131,3,0
among,among.txt,2309,1,6,3.608922,8333,1,1,52,938,1181,132,5,0
bipod,bipod.txt,2309,2,6,3.608922,8333,0,0,62,912,1205,127,3,0
blees,blees.txt,2309,2,6,3.608922,8333,0,0,58,937,1169,140,5,0
burly,burly.txt,2309,1,6,3.608922,8333,1,1,64,918,1183,140,3,0
cymes,cymes.txt,2309,2,6,3.608922,8333,0,0,46,933,1211,116,3,0
defis,defis.txt,2309,2,6,3.608922,8333,0,0,56,931,1188,128,6,0
dwalm,dwalm.txt,2309,2,6,3.608922,8333,0,0,60,914,1207,125,3,0
human,human.txt,2309,1,6,3.608922,8333,1,1,57,932,1176,140,3,0
mangi,mangi.txt,2309,2,6,3.608922,8333,0,0,56,950,1145,157,1,0
marks,marks.txt,2309,2,6,3.608922,8333,0,0,52,930,1198,127,2,0
mayos,mayos.txt,2309,2,6,3.608922,8333,0,0,55,936,1179,135,4,0
mewls,mewls.txt,2309,2,6,3.608922,8333,0,0,45,935,1210,116,3,0
mucid,mucid.txt,2309,2,6,3.608922,8333,0,0,62,921,1188,134,4,0
plomb,plomb.txt,2309,2,6,3.608922,8333,0,0,54,921,1209,124,1,0
pumas,pumas.txt,2309,2,6,3.608922,8333,0,0,57,931,1186,128,7,0
sadhu,sadhu.txt,2309,2,6,3.608922,8333,0,0,40,962,1170,135,2,0
scala,scala.txt,2309,2,6,3.608922,8333,0,0,49,949,1170,138,3,0
sedgy,sedgy.txt,2309,2,6,3.608922,8333,0,0,53,943,1171,138,4,0
sefer,sefer.txt,2309,2,6,3.608922,8333,0,0,57,923,1199,126,4,0
skyre,skyre.txt,2309,2,6,3.608922,8333,0,0,36,974,1161,133,5,0
spick,spick.txt,2309,2,6,3.608922,8333,0,0,54,936,1181,135,3,0
tates,tates.txt,2309,2,6,3.608922,8333,0,0,50,950,1165,141,3,0
ticks,ticks.txt,2309,2,5,3.608922,8333,0,0,45,931,1215,118,0,0
twang,twang.txt,2309,1,6,3.608922,8333,1,1,54,921,1208,121,4,0
wames,wames.txt,2309,2,6,3.608922,8333,0,0,44,953,1179,128,5,0
algae,algae.txt,2309,1,6,3.609355,8334,1,1,59,931,1175,136,7,0
aught,aught.txt,2309,2,6,3.609355,8334,0,0,61,929,1171,147,1,0
barks,barks.txt,2309,2,6,3.609355,8334,0,0,56,933,1182,133,5,0
bowls,bowls.txt,2309,2,6,3.609355,8334,0,0,52,924,1208,124,1,0
butyl,butyl.txt,2309,2,6,3.609355,8334,0,0,51,928,1206,120,4,0
chiba,chiba.txt,2309,2,6,3.609355,8334,0,0,59,947,1144,155,4,0
chirk,chirk.txt,2309,2,6,3.609355,8334,0,0,60,952,1131,162,4,0
colon,colon.txt,2309,1,6,3.609355,8334,1,1,55,933,1180,136,4,0
eight,eight.txt,2309,1,6,3.609355,8334,1,1,55,955,1136,158,4,0
fiche,fiche.txt,2309,2,6,3.609355,8334,0,0,56,926,1192,134,1,0
firms,firms.txt,2309,2,6,3.609355,8334,0,0,57,932,1178,140,2,0
frays,frays.txt,2309,2,6,3.609355,8334,0,0,47,943,1189,125,5,0
gonys,gonys.txt,2309,2,6,3.609355,8334,0,0,47,945,1185,127,5,0
hovel,hovel.txt,2309,1,6,3.609355,8334,1,1,63,917,1188,136,4,0
hyens,hyens.txt,2309,2,6,3.609355,8334,0,0,52,948,1164,140,5,0
leaky,leaky.txt,2309,1,6,3.609355,8334,1,1,54,940,1169,141,4,0
licks,licks.txt,2309,2,6,3.609355,8334,0,0,52,938,1182,134,3,0
mouch,mouch.txt,2309,2,6,3.609355,8334,0,0,62,952,1127,162,6,0
noshi,noshi.txt,2309,2,6,3.609355,8334,0,0,48,971,1130,155,5,0
paals,paals.txt,2309,2,6,3.609355,8334,0,0,56,940,1169,138,6,0
phyla,phyla.txt,2309,2,6,3.609355,8334,0,0,54,960,1136,152,7,0
powan,powan.txt,2309,2,6,3.609355,8334,0,0,53,950,1156,146,4,0
rubli,rubli.txt,2309,2,6,3.609355,8334,0,0,62,913,1202,129,3,0
rumps,rumps.txt,2309,2,6,3.609355,8334,0,0,60,917,1198,133,1,0
sails,sails.txt,2309,2,6,3.609355,8334,0,0,49,962,1147,144,7,0
salpa,salpa.txt,2309,2,6,3.609355,8334,0,0,62,943,1145,153,6,0
sayee,sayee.txt,2309,2,6,3.609355,8334,0,0,40,957,1180,129,3,0
seats,seats.txt,2309,2,6,3.609355,8334,0,0,41,981,1134,145,8,0
unwet,unwet.txt,2309,2,6,3.609355,8334,0,0,52,939,1180,135,3,0
usher,usher.txt,2309,1,6,3.609355,8334,1,1,50,950,1160,145,3,0
ylems,ylems.txt,2309,2,6,3.609355,8334,0,0,46,960,1157,142,4,0
bimas,bimas.txt,2309,2,6,3.609788,8335,0,0,56,930,1185,135,3,0
bleak,bleak.txt,2309,1,6,3.609788,8335,1,1,58,931,1175,139,5,0
butoh,butoh.txt,2309,2,6,3.609788,8335,0,0,67,923,1167,148,4,0
caaed,caaed.txt,2309,2,6,3.609788,8335,0,0,44,957,1165,142,1,0
curfs,curfs.txt,2309,2,6,3.609788,8335,0,0,52,940,1178,135,4,0
drouk,drouk.txt,2309,2,6,3.609788,8335,0,0,43,948,1189,125,4,0
eager,eager.txt,2309,1,6,3.609788,8335,1,1,54,946,1158,144,6,0
fiere,fiere.txt,2309,2,6,3.609788,8335,0,0,54,956,1142,151,6,0
fitch,fitch.txt,2309,2,6,3.609788,8335,0,0,55,934,1180,137,3,0
foehn,foehn.txt,2309,2,6,3.609788,8335,0,0,53,944,1168,139,5,0
furca,furca.txt,2309,2,6,3.609788,8335,0,0,59,945,1145,158,2,0
gamic,gamic.txt,2309,2,6,3.609788,8335,0,0,58,925,1189,134,3,0
gauch,gauch.txt,2309,2,6,3.609788,8335,0,0,47,962,1148,149,3,0
gleys,gleys.txt,2309,2,6,3.609788,8335,0,0,48,955,1159,144,3,0
kades,kades.txt,2309,2,6,3.609788,8335,0,0,44,954,1174,133,4,0
korun,korun.txt,2309,2,6,3.609788,8335,0,0,50,956,1155,141,7,0
maven,maven.txt,2309,2,6,3.609788,8335,0,0,60,921,1189,138,1,0
mawns,mawns.txt,2309,2,6,3.609788,8335,0,0,40,966,1161,139,3,0
mousy,mousy.txt,2309,2,6,3.609788,8335,0,0,51,958,1147,147,6,0
oches,oches.txt,2309,2,6,3.609788,8335,0,0,47,944,1183,133,2,0
owers,owers.txt,2309,2,6,3.609788,8335,0,0,52,942,1172,141,2,0
purga,purga.txt,2309,2,6,3.609788,8335,0,0,57,951,1141,156,4,0
rabat,rabat.txt,2309,2,6,3.609788,8335,0,0,58,921,1198,128,4,0
rafee,rafee.txt,2309,2,6,3.609788,8335,0,0,50,944,1176,135,4,0
rotos,rotos.txt,2309,2,6,3.609788,8335,0,0,56,934,1178,137,4,0
scody,scody.txt,2309,2,6,3.609788,8335,0,0,47,941,1188,132,1,0
shiok,shiok.txt,2309,2,6,3.609788,8335,0,0,57,960,1125,161,6,0
thaws,thaws.txt,2309,2,6,3.609788,8335,0,0,55,928,1194,127,5,0
welch,welch.txt,2309,1,6,3.609788,8335,1,1,54,941,1164,147,2,0
balks,balks.txt,2309,2,6,3.610221,8336,0,0,55,934,1180,136,4,0
bauds,bauds.txt,2309,2,6,3.610221,8336,0,0,66,902,1210,128,3,0
bings,bings.txt,2309,2,6,3.610221,8336,0,0,48,942,1186,128,5,0
blimy,blimy.txt,2309,2,6,3.610221,8336,0,0,62,915,1194,137,1,0
braks,braks.txt,2309,2,6,3.610221,8336,0,0,58,936,1168,142,5,0
dhikr,dhikr.txt,2309,2,6,3.610221,8336,0,0,43,955,1173,135,3,0
fados,fados.txt,2309,2,6,3.610221,8336,0,0,50,927,1208,121,3,0
fidge,fidge.txt,2309,2,6,3.610221,8336,0,0,56,936,1175,136,6,0
fomes,fomes.txt,2309,2,6,3.610221,8336,0,0,50,919,1225,111,4,0
fulth,fulth.txt,2309,2,6,3.610221,8336,0,0,60,925,1181,141,2,0
gleed,gleed.txt,2309,2,6,3.610221,8336,0,0,58,922,1193,134,2,0
leben,leben.txt,2309,2,5,3.610221,8336,0,0,62,918,1187,142,0,0
makie,makie.txt,2309,2,6,3.610221,8336,0,0,47,972,1128,158,4,0
melik,melik.txt,2309,2,6,3.610221,8336,0,0,49,949,1169,137,5,0
morgy,morgy.txt,2309,2,6,3.610221,8336,0,0,60,929,1176,139,5,0
noose,noose.txt,2309,1,6,3.610221,8336,1,1,46,964,1142,153,3,0
octyl,octyl.txt,2309,2,6,3.610221,8336,0,0,45,931,1216,113,4,0
pokes,pokes.txt,2309,2,6,3.610221,8336,0,0,45,948,1183,128,5,0
pulmo,pulmo.txt,2309,2,6,3.610221,8336,0,0,59,933,1169,145,3,0
rhyme,rhyme.txt,2309,1,6,3.610221,8336,1,1,45,940,1191,131,1,0
rider,rider.txt,2309,1,6,3.610221,8336,1,1,64,923,1171,146,4,0
roral,roral.txt,2309,2,6,3.610221,8336,0,0,57,940,1163,144,5,0
rozet,rozet.txt,2309,2,6,3.610221,8336,0,0,46,961,1151,149,2,0
scurf,scurf.txt,2309,2,6,3.610221,8336,0,0,47,945,1179,137,1,0
towsy,towsy.txt,2309,2,6,3.610221,8336,0,0,51,932,1194,130,2,0
aizle,aizle.txt,2309,2,6,3.610654,8337,0,0,48,960,1148,149,4,0
bagsy,bagsy.txt,2309,2,6,3.610654,8337,0,0,53,933,1188,130,5,0
batik,batik.txt,2309,2,6,3.610654,8337,0,0,49,952,1160,145,3,0
beamy,beamy.txt,2309,2,6,3.610654,8337,0,0,61,932,1166,145,5,0
bihon,bihon.txt,2309,2,6,3.610654,8337,0,0,56,944,1157,147,5,0
chogs,chogs.txt,2309,2,6,3.610654,8337,0,0,52,937,1184,130,6,0
debag,debag.txt,2309,2,6,3.610654,8337,0,0,55,922,1202,127,3,0
devon,devon.txt,2309,2,6,3.610654,8337,0,0,66,916,1183,139,5,0
dhuti,dhuti.txt,2309,2,6,3.610654,8337,0,0,50,946,1170,139,4,0
egret,egret.txt,2309,1,6,3.610654,8337,1,1,59,919,1191,137,2,0
ehing,ehing.txt,2309,2,6,3.610654,8337,0,0,49,984,1101,167,8,0
empts,empts.txt,2309,2,6,3.610654,8337,0,0,56,933,1179,136,5,0
flabs,flabs.txt,2309,2,6,3.610654,8337,0,0,47,948,1174,137,3,0
flask,flask.txt,2309,1,6,3.610654,8337,1,1,59,934,1163,148,4,0
gaups,gaups.txt,2309,2,6,3.610654,8337,0,0,54,939,1172,140,4,0
glums,glums.txt,2309,2,6,3.610654,8337,0,0,55,937,1172,142,3,0
locks,locks.txt,2309,2,6,3.610654,8337,0,0,52,944,1168,141,4,0
merks,merks.txt,2309,2,6,3.610654,8337,0,0,48,945,1179,132,5,0
ouphe,ouphe.txt,2309,2,6,3.610654,8337,0,0,51,953,1155,144,6,0
pashm,pashm.txt,2309,2,6,3.610654,8337,0,0,59,920,1194,133,3,0
pavin,pavin.txt,2309,2,6,3.610654,8337,0,0,63,925,1175,140,6,0
pheer,pheer.txt,2309,2,6,3.610654,8337,0,0,62,950,1129,161,7,0
prill,prill.txt,2309,2,6,3.610654,8337,0,0,47,946,1178,135,3,0
speak,speak.txt,2309,1,6,3.610654,8337,1,1,58,942,1150,154,4,0
taxer,taxer.txt,2309,2,6,3.610654,8337,0,0,48,952,1164,141,4,0
wamed,wamed.txt,2309,2,6,3.610654,8337,0,0,56,914,1213,125,1,0
bawns,bawns.txt,2309,2,6,3.611087,8338,0,0,45,943,1189,129,3,0
borak,borak.txt,2309,2,6,3.611087,8338,0,0,64,921,1176,145,3,0
brier,brier.txt,2309,2,6,3.611087,8338,0,0,51,932,1193,130,3,0
carap,carap.txt,2309,2,6,3.611087,8338,0,0,62,918,1190,134,5,0
cives,cives.txt,2309,2,6,3.611087,8338,0,0,50,929,1201,127,2,0
elmen,elmen.txt,2309,2,6,3.611087,8338,0,0,56,932,1181,134,6,0
finds,finds.txt,2309,2,6,3.611087,8338,0,0,51,926,1204,126,2,0
fuero,fuero.txt,2309,2,6,3.611087,8338,0,0,58,940,1160,144,7,0
grees,grees.txt,2309,2,6,3.611087,8338,0,0,57,941,1159,147,5,0
gyeld,gyeld.txt,2309,2,6,3.611087,8338,0,0,56,918,1205,128,2,0
haven,haven.txt,2309,1,6,3.611087,8338,1,1,60,925,1174,148,1,0
heles,heles.txt,2309,2,6,3.611087,8338,0,0,50,960,1140,156,3,0
hyson,hyson.txt,2309,2,6,3.611087,8338,0,0,63,928,1165,150,3,0
ideas,ideas.txt,2309,2,6,3.611087,8338,0,0,57,925,1189,135,3,0
knurl,knurl.txt,2309,2,6,3.611087,8338,0,0,53,933,1184,137,2,0
lamby,lamby.txt,2309,2,6,3.611087,8338,0,0,56,917,1208,125,3,0
metes,metes.txt,2309,2,6,3.611087,8338,0,0,53,921,1210,121,4,0
milfs,milfs.txt,2309,2,6,3.611087,8338,0,0,50,922,1216,118,3,0
mobey,mobey.txt,2309,2,6,3.611087,8338,0,0,61,906,1215,124,3,0
mudge,mudge.txt,2309,2,6,3.611087,8338,0,0,62,922,1183,136,6,0
munds,munds.txt,2309,2,6,3.611087,8338,0,0,58,924,1190,132,5,0
pivot,pivot.txt,2309,1,6,3.611087,8338,1,1,53,943,1162,146,4,0
pseud,pseud.txt,2309,2,6,3.611087,8338,0,0,61,932,1166,144,6,0
psoai,psoai.txt,2309,2,6,3.611087,8338,0,0,47,958,1156,142,6,0
pudsy,pudsy.txt,2309,2,6,3.611087,8338,0,0,54,942,1165,144,4,0
purdy,purdy.txt,2309,2,6,3.611087,8338,0,0,57,937,1167,143,5,0
sates,sates.txt,2309,2,6,3.611087,8338,0,0,40,969,1152,145,3,0
snuck,snuck.txt,2309,1,6,3.611087,8338,1,1,49,955,1149,152,3,0
tills,tills.txt,2309,2,6,3.611087,8338,0,0,48,939,1189,129,4,0
umrah,umrah.txt,2309,2,6,3.611087,8338,0,0,56,941,1162,145,5,0
vealy,vealy.txt,2309,2,6,3.611087,8338,0,0,60,918,1195,132,4,0
wafer,wafer.txt,2309,1,6,3.611087,8338,1,1,57,917,1200,132,2,0
welds,welds.txt,2309,2,6,3.611087,8338,0,0,55,913,1219,119,3,0
yonic,yonic.txt,2309,2,6,3.611087,8338,0,0,48,952,1163,142,4,0
aphid,aphid.txt,2309,1,6,3.61152,8339,1,1,51,950,1153,150,4,0
cloze,cloze.txt,2309,2,6,3.61152,8339,0,0,44,945,1188,128,4,0
cools,cools.txt,2309,2,6,3.61152,8339,0,0,57,934,1171,143,4,0
deets,deets.txt,2309,2,6,3.61152,8339,0,0,50,939,1183,132,5,0
dovie,dovie.txt,2309,2,6,3.61152,8339,0,0,63,943,1139,156,8,0
egads,egads.txt,2309,2,6,3.61152,8339,0,0,57,915,1208,126,3,0
facey,facey.txt,2309,2,6,3.61152,8339,0,0,67,898,1211,131,2,0
fangs,fangs.txt,2309,2,6,3.61152,8339,0,0,46,945,1181,134,3,0
fermi,fermi.txt,2309,2,6,3.61152,8339,0,0,53,945,1159,150,2,0
gauds,gauds.txt,2309,2,6,3.61152,8339,0,0,59,916,1200,131,3,0
hetes,hetes.txt,2309,2,6,3.61152,8339,0,0,56,932,1175,145,1,0
infra,infra.txt,2309,2,6,3.61152,8339,0,0,60,928,1174,143,4,0
liana,liana.txt,2309,2,6,3.61152,8339,0,0,53,954,1144,153,5,0
lochy,lochy.txt,2309,2,6,3.61152,8339,0,0,55,934,1177,139,4,0
mille,mille.txt,2309,2,6,3.61152,8339,0,0,62,923,1179,140,5,0
mocus,mocus.txt,2309,2,6,3.61152,8339,0,0,59,928,1175,145,2,0
omdeh,omdeh.txt,2309,2,6,3.61152,8339,0,0,49,948,1164,147,1,0
pervo,pervo.txt,2309,2,6,3.61152,8339,0,0,59,943,1150,150,7,0
piums,piums.txt,2309,2,6,3.61152,8339,0,0,57,920,1198,131,3,0
rivas,rivas.txt,2309,2,6,3.61152,8339,0,0,61,917,1193,134,4,0
sanad,sanad.txt,2309,2,6,3.61152,8339,0,0,59,937,1161,146,6,0
skyte,skyte.txt,2309,2,6,3.61152,8339,0,0,39,939,1216,110,5,0
sonne,sonne.txt,2309,2,6,3.61152,8339,0,0,48,970,1126,161,4,0
sophy,sophy.txt,2309,2,6,3.61152,8339,0,0,60,930,1171,143,5,0
spall,spall.txt,2309,2,6,3.61152,8339,0,0,46,960,1153,145,5,0
stowp,stowp.txt,2309,2,6,3.61152,8339,0,0,52,925,1202,128,2,0
swang,swang.txt,2309,2,6,3.61152,8339,0,0,56,917,1208,124,4,0
umbre,umbre.txt,2309,2,6,3.61152,8339,0,0,52,943,1168,142,4,0
viers,viers.txt,2309,2,6,3.61152,8339,0,0,56,943,1156,150,4,0
vleis,vleis.txt,2309,2,6,3.61152,8339,0,0,58,938,1158,153,2,0
zaire,zaire.txt,2309,2,6,3.61152,8339,0,0,46,966,1143,147,7,0
zlote,zlote.txt,2309,2,6,3.61152,8339,0,0,40,947,1197,120,5,0
bafts,bafts.txt,2309,2,6,3.611953,8340,0,0,48,918,1229,110,4,0
baulk,baulk.txt,2309,2,6,3.611953,8340,0,0,58,925,1188,131,7,0
bendy,bendy.txt,2309,2,6,3.611953,8340,0,0,62,918,1185,142,2,0
bogue,bogue.txt,2309,2,6,3.611953,8340,0,0,68,920,1166,150,5,0
busti,busti.txt,2309,2,6,3.611953,8340,0,0,62,915,1193,135,4,0
fetus,fetus.txt,2309,1,6,3.611953,8340,1,1,58,918,1198,127,7,0
foids,foids.txt,2309,2,6,3.611953,8340,0,0,54,933,1182,135,5,0
gurly,gurly.txt,2309,2,6,3.611953,8340,0,0,65,911,1195,131,7,0
incus,incus.txt,2309,2,6,3.611953,8340,0,0,54,931,1187,131,6,0
ledgy,ledgy.txt,2309,2,6,3.611953,8340,0,0,64,911,1194,137,3,0
mangy,mangy.txt,2309,1,6,3.611953,8340,1,1,60,925,1176,142,5,0
muids,muids.txt,2309,2,6,3.611953,8340,0,0,63,912,1196,134,4,0
poked,poked.txt,2309,2,6,3.611953,8340,0,0,45,945,1185,129,5,0
pyoid,pyoid.txt,2309,2,6,3.611953,8340,0,0,51,935,1187,131,5,0
sapan,sapan.txt,2309,2,6,3.611953,8340,0,0,63,937,1150,151,8,0
sculk,sculk.txt,2309,2,6,3.611953,8340,0,0,60,920,1187,140,2,0
seils,seils.txt,2309,2,6,3.611953,8340,0,0,46,979,1116,161,7,0
shlub,shlub.txt,2309,2,6,3.611953,8340,0,0,53,933,1184,135,4,0
shove,shove.txt,2309,1,6,3.611953,8340,1,1,51,951,1151,150,5,0
sloes,sloes.txt,2309,2,6,3.611953,8340,0,0,52,943,1168,141,5,0
smack,smack.txt,2309,1,6,3.611953,8340,1,1,52,935,1180,136,5,0
smaik,smaik.txt,2309,2,6,3.611953,8340,0,0,58,945,1147,153,6,0
stump,stump.txt,2309,1,6,3.611953,8340,1,1,65,914,1182,143,4,0
synch,synch.txt,2309,2,6,3.611953,8340,0,0,51,959,1140,153,6,0
tilts,tilts.txt,2309,2,6,3.611953,8340,0,0,53,944,1162,146,4,0
tinct,tinct.txt,2309,2,6,3.611953,8340,0,0,52,963,1128,161,5,0
torta,torta.txt,2309,2,6,3.611953,8340,0,0,67,934,1142,160,6,0
towny,towny.txt,2309,2,6,3.611953,8340,0,0,51,935,1184,137,2,0
trets,trets.txt,2309,2,6,3.611953,8340,0,0,59,941,1153,149,7,0
apace,apace.txt,2309,2,6,3.612386,8341,0,0,48,966,1135,153,7,0
chomp,chomp.txt,2309,2,6,3.612386,8341,0,0,53,930,1187,137,2,0
debel,debel.txt,2309,2,6,3.612386,8341,0,0,58,927,1180,140,4,0
divot,divot.txt,2309,2,6,3.612386,8341,0,0,68,907,1189,142,3,0
dungs,dungs.txt,2309,2,6,3.612386,8341,0,0,56,918,1202,131,2,0
femur,femur.txt,2309,1,6,3.612386,8341,1,1,61,924,1174,144,5,0
flyin,flyin.txt,2309,2,6,3.612386,8341,0,0,56,927,1186,136,4,0
fohns,fohns.txt,2309,2,6,3.612386,8341,0,0,50,929,1199,128,3,0
khats,khats.txt,2309,2,6,3.612386,8341,0,0,43,955,1168,140,3,0
knaur,knaur.txt,2309,2,6,3.612386,8341,0,0,49,938,1185,133,4,0
loral,loral.txt,2309,2,6,3.612386,8341,0,0,57,944,1151,151,6,0
musty,musty.txt,2309,1,6,3.612386,8341,1,1,59,919,1189,137,4,0
naras,naras.txt,2309,2,6,3.612386,8341,0,0,51,948,1161,143,6,0
niefs,niefs.txt,2309,2,6,3.612386,8341,0,0,60,941,1147,156,5,0
ohias,ohias.txt,2309,2,6,3.612386,8341,0,0,42,987,1111,162,7,0
pyrus,pyrus.txt,2309,2,6,3.612386,8341,0,0,57,930,1180,135,7,0
selky,selky.txt,2309,2,6,3.612386,8341,0,0,46,950,1172,135,6,0
tells,tells.txt,2309,2,6,3.612386,8341,0,0,49,943,1176,136,5,0
troop,troop.txt,2309,1,6,3.612386,8341,1,1,55,932,1175,142,4,0
turnt,turnt.txt,2309,2,6,3.612386,8341,0,0,57,941,1158,146,7,0
untag,untag.txt,2309,2,6,3.612386,8341,0,0,56,938,1166,143,6,0
vised,vised.txt,2309,2,6,3.612386,8341,0,0,50,942,1176,135,6,0
acidy,acidy.txt,2309,2,6,3.612819,8342,0,0,47,944,1178,136,4,0
antra,antra.txt,2309,2,6,3.612819,8342,0,0,59,932,1165,150,3,0
bachs,bachs.txt,2309,2,5,3.612819,8342,0,0,50,935,1183,141,0,0
brung,brung.txt,2309,2,6,3.612819,8342,0,0,65,910,1192,138,4,0
covin,covin.txt,2309,2,6,3.612819,8342,0,0,67,923,1160,155,4,0
dampy,dampy.txt,2309,2,6,3.612819,8342,0,0,54,922,1199,132,2,0
daych,daych.txt,2309,2,6,3.612819,8342,0,0,47,947,1171,141,3,0
eased,eased.txt,2309,2,6,3.612819,8342,0,0,48,941,1180,137,3,0
ebony,ebony.txt,2309,1,6,3.612819,8342,1,1,58,928,1174,143,5,0
finch,finch.txt,2309,1,6,3.612819,8342,1,1,53,935,1175,140,5,0
grows,grows.txt,2309,2,6,3.612819,8342,0,0,48,942,1177,140,2,0
guaco,guaco.txt,2309,2,6,3.612819,8342,0,0,45,951,1170,139,4,0
iches,iches.txt,2309,2,6,3.612819,8342,0,0,46,942,1184,134,3,0
lowth,lowth.txt,2309,2,6,3.612819,8342,0,0,51,945,1167,139,7,0
mawed,mawed.txt,2309,2,6,3.612819,8342,0,0,52,918,1212,126,1,0
moyas,moyas.txt,2309,2,6,3.612819,8342,0,0,55,927,1188,135,4,0
oueds,oueds.txt,2309,2,6,3.612819,8342,0,0,49,936,1191,126,7,0
pahus,pahus.txt,2309,2,6,3.612819,8342,0,0,46,969,1132,157,5,0
plews,plews.txt,2309,2,6,3.612819,8342,0,0,54,931,1181,141,2,0
raias,raias.txt,2309,2,6,3.612819,8342,0,0,53,945,1161,143,7,0
rewet,rewet.txt,2309,2,6,3.612819,8342,0,0,61,919,1184,143,2,0
shrub,shrub.txt,2309,1,6,3.612819,8342,1,1,53,941,1163,146,5,0
stell,stell.txt,2309,2,6,3.612819,8342,0,0,49,953,1153,151,3,0
tumps,tumps.txt,2309,2,6,3.612819,8342,0,0,58,923,1188,135,5,0
venti,venti.txt,2309,2,6,3.612819,8342,0,0,50,926,1203,128,2,0
voces,voces.txt,2309,2,6,3.612819,8342,0,0,54,919,1204,131,1,0
wends,wends.txt,2309,2,6,3.612819,8342,0,0,60,933,1160,153,3,0
auloi,auloi.txt,2309,2,6,3.613252,8343,0,0,45,985,1104,168,7,0
bedel,bedel.txt,2309,2,6,3.613252,8343,0,0,63,916,1185,141,4,0
burke,burke.txt,2309,2,6,3.613252,8343,0,0,56,932,1174,143,4,0
chimo,chimo.txt,2309,2,6,3.613252,8343,0,0,57,955,1127,164,6,0
corso,corso.txt,2309,2,6,3.613252,8343,0,0,52,935,1180,138,4,0
duvet,duvet.txt,2309,1,6,3.613252,8343,1,1,60,931,1159,155,3,0
freak,freak.txt,2309,1,6,3.613252,8343,1,1,64,924,1163,152,5,0
fribs,fribs.txt,2309,2,6,3.613252,8343,0,0,57,912,1210,127,3,0
glede,glede.txt,2309,2,6,3.613252,8343,0,0,53,931,1185,136,4,0
graal,graal.txt,2309,2,6,3.613252,8343,0,0,57,917,1202,128,5,0
gulch,gulch.txt,2309,1,6,3.613252,8343,1,1,49,945,1164,147,3,0
lefty,lefty.txt,2309,1,6,3.613252,8343,1,1,61,893,1235,113,6,0
mawrs,mawrs.txt,2309,2,6,3.613252,8343,0,0,41,942,1199,123,4,0
nasal,nasal.txt,2309,1,6,3.613252,8343,1,1,59,928,1170,146,5,0
nival,nival.txt,2309,2,6,3.613252,8343,0,0,75,898,1185,147,4,0
pakul,pakul.txt,2309,2,6,3.613252,8343,0,0,52,949,1152,152,4,0
plaas,plaas.txt,2309,2,6,3.613252,8343,0,0,56,938,1163,147,5,0
raird,raird.txt,2309,2,6,3.613252,8343,0,0,58,929,1175,142,5,0
reely,reely.txt,2309,2,6,3.613252,8343,0,0,52,936,1179,137,5,0
rheum,rheum.txt,2309,2,6,3.613252,8343,0,0,56,944,1153,149,7,0
rynds,rynds.txt,2309,2,6,3.613252,8343,0,0,46,920,1226,115,2,0
shogi,shogi.txt,2309,2,6,3.613252,8343,0,0,48,958,1147,151,5,0
sklim,sklim.txt,2309,2,6,3.613252,8343,0,0,49,938,1184,133,5,0
tasca,tasca.txt,2309,2,6,3.613252,8343,0,0,45,937,1199,122,6,0
uncap,uncap.txt,2309,2,6,3.613252,8343,0,0,55,928,1184,139,3,0
volti,volti.txt,2309,2,6,3.613252,8343,0,0,57,914,1206,129,3,0
whirs,whirs.txt,2309,2,6,3.613252,8343,0,0,62,924,1171,149,3,0
ylike,ylike.txt,2309,2,6,3.613252,8343,0,0,42,958,1164,141,4,0
blatt,blatt.txt,2309,2,6,3.613686,8344,0,0,48,928,1204,126,3,0
bleys,bleys.txt,2309,2,6,3.613686,8344,0,0,43,938,1199,126,3,0
cedes,cedes.txt,2309,2,6,3.613686,8344,0,0,48,927,1207,123,4,0
cella,cella.txt,2309,2,6,3.613686,8344,0,0,49,961,1135,161,3,0
class,class.txt,2309,1,6,3.613686,8344,1,1,44,946,1176,139,3,0
dingy,dingy.txt,2309,1,6,3.613686,8344,1,1,65,912,1180,149,2,0
facty,facty.txt,2309,2,6,3.613686,8344,0,0,59,909,1208,131,2,0
forma,forma.txt,2309,2,6,3.613686,8344,0,0,60,917,1189,141,2,0
groks,groks.txt,2309,2,6,3.613686,8344,0,0,46,942,1181,138,2,0
gynos,gynos.txt,2309,2,6,3.613686,8344,0,0,48,940,1182,134,5,0
ikans,ikans.txt,2309,2,6,3.613686,8344,0,0,42,943,1193,127,4,0
lapel,lapel.txt,2309,1,6,3.613686,8344,1,1,54,929,1183,136,6,0
mirks,mirks.txt,2309,2,6,3.613686,8344,0,0,57,910,1213,126,3,0
motif,motif.txt,2309,1,6,3.613686,8344,1,1,49,942,1169,145,3,0
mowie,mowie.txt,2309,2,6,3.613686,8344,0,0,46,952,1163,144,4,0
riper,riper.txt,2309,1,6,3.613686,8344,1,1,52,937,1170,146,3,0
sella,sella.txt,2309,2,6,3.613686,8344,0,0,54,953,1138,159,5,0
sonse,sonse.txt,2309,2,6,3.613686,8344,0,0,47,965,1134,159,4,0
spoot,spoot.txt,2309,2,6,3.613686,8344,0,0,57,922,1189,138,3,0
stent,stent.txt,2309,2,6,3.613686,8344,0,0,54,949,1147,153,6,0
suede,suede.txt,2309,2,6,3.613686,8344,0,0,51,941,1171,141,5,0
sylph,sylph.txt,2309,2,6,3.613686,8344,0,0,60,921,1186,135,7,0
tolts,tolts.txt,2309,2,6,3.613686,8344,0,0,54,932,1178,142,3,0
vomer,vomer.txt,2309,2,6,3.613686,8344,0,0,60,913,1198,135,3,0
alcea,alcea.txt,2309,2,6,3.614119,8345,0,0,46,946,1173,141,3,0
aphis,aphis.txt,2309,2,6,3.614119,8345,0,0,45,964,1145,147,8,0
britt,britt.txt,2309,2,6,3.614119,8345,0,0,56,946,1145,157,5,0
byrls,byrls.txt,2309,2,6,3.614119,8345,0,0,52,926,1195,133,3,0
curer,curer.txt,2309,2,6,3.614119,8345,0,0,61,925,1170,150,3,0
dervs,dervs.txt,2309,2,6,3.614119,8345,0,0,49,936,1185,135,4,0
dinks,dinks.txt,2309,2,6,3.614119,8345,0,0,47,934,1192,135,1,0
drill,drill.txt,2309,1,6,3.614119,8345,1,1,48,956,1145,154,5,0
flank,flank.txt,2309,1,6,3.614119,8345,1,1,62,907,1199,137,3,0
found,found.txt,2309,1,6,3.614119,8345,1,1,55,914,1207,128,4,0
frisk,frisk.txt,2309,1,6,3.614119,8345,1,1,54,910,1215,128,1,0
gaums,gaums.txt,2309,2,6,3.614119,8345,0,0,62,915,1190,136,6,0
glees,glees.txt,2309,2,6,3.614119,8345,0,0,55,925,1189,136,4,0
knead,knead.txt,2309,1,6,3.614119,8345,1,1,54,929,1178,145,2,0
kurta,kurta.txt,2309,2,6,3.614119,8345,0,0,59,933,1162,150,5,0
macho,macho.txt,2309,1,6,3.614119,8345,1,1,56,935,1163,149,5,0
meted,meted.txt,2309,2,6,3.614119,8345,0,0,57,924,1186,137,5,0
munch,munch.txt,2309,1,6,3.614119,8345,1,1,61,925,1171,143,8,0
pinks,pinks.txt,2309,2,6,3.614119,8345,0,0,49,937,1184,134,5,0
sixte,sixte.txt,2309,2,6,3.614119,8345,0,0,41,965,1153,144,6,0
swoun,swoun.txt,2309,2,6,3.614119,8345,0,0,53,938,1169,145,4,0
taiko,taiko.txt,2309,2,6,3.614119,8345,0,0,51,951,1150,152,5,0
temed,temed.txt,2309,2,6,3.614119,8345,0,0,64,913,1187,140,5,0
tetra,tetra.txt,2309,2,6,3.614119,8345,0,0,59,945,1138,162,5,0
toaze,toaze.txt,2309,2,6,3.614119,8345,0,0,41,962,1156,147,3,0
umbel,umbel.txt,2309,2,6,3.614119,8345,0,0,61,909,1201,136,2,0
upsey,upsey.txt,2309,2,6,3.614119,8345,0,0,57,918,1197,133,4,0
wipes,wipes.txt,2309,2,6,3.614119,8345,0,0,50,940,1173,143,3,0
adieu,adieu.txt,2309,2,6,3.614552,8346,0,0,44,956,1163,138,8,0
allin,allin.txt,2309,2,6,3.614552,8346,0,0,50,959,1136,159,5,0
avens,avens.txt,2309,2,6,3.614552,8346,0,0,50,935,1184,135,5,0
axile,axile.txt,2309,2,6,3.614552,8346,0,0,54,929,1182,141,3,0
basho,basho.txt,2309,2,6,3.614552,8346,0,0,59,918,1191,136,5,0
bourg,bourg.txt,2309,2,6,3.614552,8346,0,0,68,908,1184,144,5,0
enows,enows.txt,2309,2,5,3.614552,8346,0,0,50,932,1185,142,0,0
fecht,fecht.txt,2309,2,6,3.614552,8346,0,0,57,907,1217,125,3,0
flamy,flamy.txt,2309,2,6,3.614552,8346,0,0,60,899,1223,125,2,0
funis,funis.txt,2309,2,6,3.614552,8346,0,0,62,917,1184,141,5,0
glatt,glatt.txt,2309,2,6,3.614552,8346,0,0,46,947,1171,141,4,0
gytes,gytes.txt,2309,2,6,3.614552,8346,0,0,48,923,1212,123,3,0
ikats,ikats.txt,2309,2,6,3.614552,8346,0,0,38,955,1179,133,4,0
klang,klang.txt,2309,2,6,3.614552,8346,0,0,51,933,1185,135,5,0
limbo,limbo.txt,2309,1,6,3.614552,8346,1,1,58,912,1198,139,1,0
magic,magic.txt,2309,1,6,3.614552,8346,1,1,57,917,1193,138,3,0
mecha,mecha.txt,2309,2,6,3.614552,8346,0,0,57,942,1149,156,5,0
miyas,miyas.txt,2309,2,6,3.614552,8346,0,0,51,934,1184,134,6,0
nance,nance.txt,2309,2,6,3.614552,8346,0,0,43,965,1146,149,6,0
odism,odism.txt,2309,2,6,3.614552,8346,0,0,57,916,1199,134,3,0
panko,panko.txt,2309,2,6,3.614552,8346,0,0,55,934,1172,142,6,0
reeds,reeds.txt,2309,2,6,3.614552,8346,0,0,53,936,1174,140,6,0
shall,shall.txt,2309,1,6,3.614552,8346,1,1,47,957,1144,156,4,0
skiey,skiey.txt,2309,2,6,3.614552,8346,0,0,47,950,1162,146,4,0
sokah,sokah.txt,2309,2,6,3.614552,8346,0,0,42,969,1139,155,4,0
tolls,tolls.txt,2309,2,6,3.614552,8346,0,0,48,931,1195,133,2,0
winds,winds.txt,2309,2,6,3.614552,8346,0,0,49,919,1216,123,2,0
blink,blink.txt,2309,1,6,3.614985,8347,1,1,56,912,1204,134,2,0
bruhs,bruhs.txt,2309,2,6,3.614985,8347,0,0,58,912,1204,131,4,0
carex,carex.txt,2309,2,6,3.614985,8347,0,0,49,943,1167,148,2,0
cepes,cepes.txt,2309,2,6,3.614985,8347,0,0,52,912,1223,117,5,0
chibs,chibs.txt,2309,2,6,3.614985,8347,0,0,50,936,1182,135,6,0
cymas,cymas.txt,2309,2,6,3.614985,8347,0,0,50,930,1194,129,6,0
downa,downa.txt,2309,2,6,3.614985,8347,0,0,60,940,1143,161,5,0
droll,droll.txt,2309,1,6,3.614985,8347,1,1,40,961,1158,143,6,0
eloge,eloge.txt,2309,2,6,3.614985,8347,0,0,51,944,1161,149,4,0
ephas,ephas.txt,2309,2,6,3.614985,8347,0,0,49,952,1153,149,6,0
fleer,fleer.txt,2309,2,6,3.614985,8347,0,0,68,908,1183,145,5,0
frown,frown.txt,2309,1,5,3.614985,8347,1,1,52,918,1202,136,0,0
ganev,ganev.txt,2309,2,6,3.614985,8347,0,0,56,931,1169,152,1,0
gipsy,gipsy.txt,2309,1,6,3.614985,8347,1,1,55,918,1199,130,6,0
goafs,goafs.txt,2309,2,6,3.614985,8347,0,0,53,924,1197,129,6,0
hemic,hemic.txt,2309,2,6,3.614985,8347,0,0,50,950,1150,157,2,0
hocus,hocus.txt,2309,2,6,3.614985,8347,0,0,58,942,1147,155,7,0
houri,houri.txt,2309,2,6,3.614985,8347,0,0,48,986,1092,173,10,0
loons,loons.txt,2309,2,6,3.614985,8347,0,0,49,928,1198,131,3,0
mihas,mihas.txt,2309,2,6,3.614985,8347,0,0,52,926,1194,133,4,0
mochs,mochs.txt,2309,2,6,3.614985,8347,0,0,54,935,1172,142,6,0
mulga,mulga.txt,2309,2,6,3.614985,8347,0,0,66,915,1175,148,5,0
ngaio,ngaio.txt,2309,2,6,3.614985,8347,0,0,57,937,1159,150,6,0
oarer,oarer.txt,2309,2,6,3.614985,8347,0,0,54,919,1202,130,4,0
palsa,palsa.txt,2309,2,6,3.614985,8347,0,0,63,928,1159,153,6,0
pikes,pikes.txt,2309,2,6,3.614985,8347,0,0,46,948,1169,141,5,0
poalo,poalo.txt,2309,2,6,3.614985,8347,0,0,49,936,1183,137,4,0
scoug,scoug.txt,2309,2,6,3.614985,8347,0,0,51,930,1193,127,8,0
snafu,snafu.txt,2309,2,6,3.614985,8347,0,0,48,933,1194,128,6,0
soles,soles.txt,2309,2,6,3.614985,8347,0,0,49,947,1161,148,4,0
stoit,stoit.txt,2309,2,6,3.614985,8347,0,0,57,948,1139,157,8,0
temes,temes.txt,2309,2,6,3.614985,8347,0,0,54,921,1200,128,6,0
terek,terek.txt,2309,2,6,3.614985,8347,0,0,52,955,1138,158,6,0
touks,touks.txt,2309,2,6,3.614985,8347,0,0,37,957,1177,134,4,0
wadis,wadis.txt,2309,2,6,3.614985,8347,0,0,47,943,1175,140,4,0
wench,wench.txt,2309,2,6,3.614985,8347,0,0,55,937,1161,154,2,0
bedim,bedim.txt,2309,2,6,3.615418,8348,0,0,62,909,1198,135,5,0
block,block.txt,2309,1,6,3.615418,8348,1,1,48,933,1186,138,3,0
braws,braws.txt,2309,2,6,3.615418,8348,0,0,50,929,1192,135,3,0
divan,divan.txt,2309,2,6,3.615418,8348,0,0,69,897,1201,137,5,0
doorn,doorn.txt,2309,2,6,3.615418,8348,0,0,62,950,1119,170,8,0
doves,doves.txt,2309,2,6,3.615418,8348,0,0,51,910,1227,118,3,0
emong,emong.txt,2309,2,6,3.615418,8348,0,0,50,939,1175,139,6,0
fouth,fouth.txt,2309,2,6,3.615418,8348,0,0,63,908,1195,140,3,0
hacek,hacek.txt,2309,2,6,3.615418,8348,0,0,45,962,1142,156,4,0
haick,haick.txt,2309,2,6,3.615418,8348,0,0,49,959,1139,155,7,0
imbed,imbed.txt,2309,2,6,3.615418,8348,0,0,51,919,1207,131,1,0
lumps,lumps.txt,2309,2,6,3.615418,8348,0,0,61,900,1216,130,2,0
meaks,meaks.txt,2309,2,6,3.615418,8348,0,0,51,921,1206,127,4,0
menes,menes.txt,2309,2,6,3.615418,8348,0,0,43,936,1201,124,5,0
migod,migod.txt,2309,2,6,3.615418,8348,0,0,67,907,1190,137,8,0
munia,munia.txt,2309,2,6,3.615418,8348,0,0,72,937,1112,183,5,0
negus,negus.txt,2309,2,6,3.615418,8348,0,0,58,918,1197,126,10,0
pudic,pudic.txt,2309,2,6,3.615418,8348,0,0,54,927,1183,143,2,0
reech,reech.txt,2309,2,6,3.615418,8348,0,0,52,957,1131,165,4,0
savey,savey.txt,2309,2,6,3.615418,8348,0,0,54,921,1196,135,3,0
waged,waged.txt,2309,2,6,3.615418,8348,0,0,57,908,1213,128,3,0
abeng,abeng.txt,2309,2,6,3.615851,8349,0,0,50,922,1203,133,1,0
arhat,arhat.txt,2309,2,6,3.615851,8349,0,0,49,938,1177,141,4,0
atoks,atoks.txt,2309,2,6,3.615851,8349,0,0,45,951,1167,138,8,0
bevor,bevor.txt,2309,2,6,3.615851,8349,0,0,55,914,1204,135,1,0
daubs,daubs.txt,2309,2,6,3.615851,8349,0,0,52,916,1211,127,3,0
donor,donor.txt,2309,1,6,3.615851,8349,1,1,60,922,1172,150,4,0
invar,invar.txt,2309,2,6,3.615851,8349,0,0,65,909,1187,144,4,0
knish,knish.txt,2309,2,6,3.615851,8349,0,0,45,955,1154,152,3,0
kogal,kogal.txt,2309,2,6,3.615851,8349,0,0,54,924,1190,137,4,0
kulas,kulas.txt,2309,2,6,3.615851,8349,0,0,50,918,1212,127,2,0
levis,levis.txt,2309,2,6,3.615851,8349,0,0,66,920,1163,155,5,0
nebel,nebel.txt,2309,2,6,3.615851,8349,0,0,56,927,1177,146,3,0
panne,panne.txt,2309,2,6,3.615851,8349,0,0,51,954,1142,155,7,0
phwat,phwat.txt,2309,2,6,3.615851,8349,0,0,58,928,1168,153,2,0
ponks,ponks.txt,2309,2,6,3.615851,8349,0,0,45,939,1187,134,4,0
puyas,puyas.txt,2309,2,6,3.615851,8349,0,0,52,930,1183,141,3,0
rakus,rakus.txt,2309,2,6,3.615851,8349,0,0,43,928,1215,119,4,0
ratoo,ratoo.txt,2309,2,6,3.615851,8349,0,0,63,916,1179,147,4,0
rumly,rumly.txt,2309,2,6,3.615851,8349,0,0,59,921,1184,138,7,0
snell,snell.txt,2309,2,6,3.615851,8349,0,0,40,966,1150,147,6,0
speug,speug.txt,2309,2,6,3.615851,8349,0,0,63,920,1172,149,5,0
talpa,talpa.txt,2309,2,6,3.615851,8349,0,0,68,900,1195,143,3,0
tamal,tamal.txt,2309,2,6,3.615851,8349,0,0,56,933,1167,148,5,0
tsubo,tsubo.txt,2309,2,6,3.615851,8349,0,0,52,925,1194,134,4,0
waift,waift.txt,2309,2,6,3.615851,8349,0,0,64,918,1172,151,4,0
wheal,wheal.txt,2309,2,6,3.615851,8349,0,0,63,936,1140,165,5,0
aleye,aleye.txt,2309,2,6,3.616284,8350,0,0,39,946,1193,124,7,0
ardor,ardor.txt,2309,1,6,3.616284,8350,1,1,52,939,1162,150,5,0
arias,arias.txt,2309,2,6,3.616284,8350,0,0,50,954,1145,152,8,0
bunty,bunty.txt,2309,2,6,3.616284,8350,0,0,61,914,1190,138,6,0
cauks,cauks.txt,2309,2,6,3.616284,8350,0,0,46,940,1178,144,1,0
flobs,flobs.txt,2309,2,6,3.616284,8350,0,0,50,918,1212,126,3,0
foams,foams.txt,2309,2,6,3.616284,8350,0,0,54,909,1219,123,4,0
frack,frack.txt,2309,2,6,3.616284,8350,0,0,65,905,1194,141,4,0
gismo,gismo.txt,2309,2,6,3.616284,8350,0,0,62,922,1169,152,4,0
hawed,hawed.txt,2309,2,6,3.616284,8350,0,0,55,922,1190,138,4,0
hundo,hundo.txt,2309,2,6,3.616284,8350,0,0,59,930,1161,156,3,0
mened,mened.txt,2309,2,6,3.616284,8350,0,0,55,926,1184,138,6,0
palea,palea.txt,2309,2,6,3.616284,8350,0,0,53,925,1190,137,4,0
pluck,pluck.txt,2309,1,6,3.616284,8350,1,1,61,916,1180,147,4,0
plunk,plunk.txt,2309,1,6,3.616284,8350,1,1,54,927,1178,146,3,0
sants,sants.txt,2309,2,6,3.616284,8350,0,0,40,946,1189,128,6,0
sirra,sirra.txt,2309,2,6,3.616284,8350,0,0,45,962,1141,156,5,0
sizel,sizel.txt,2309,2,6,3.616284,8350,0,0,40,966,1149,148,6,0
smerk,smerk.txt,2309,2,6,3.616284,8350,0,0,53,945,1150,157,4,0
tints,tints.txt,2309,2,6,3.616284,8350,0,0,51,926,1196,130,6,0
whipt,whipt.txt,2309,2,6,3.616284,8350,0,0,59,901,1218,129,2,0
aldea,aldea.txt,2309,2,6,3.616717,8351,0,0,53,916,1208,127,5,0
berko,berko.txt,2309,2,6,3.616717,8351,0,0,56,926,1178,145,4,0
bleed,bleed.txt,2309,1,6,3.616717,8351,1,1,61,911,1188,145,3,0
briks,briks.txt,2309,2,6,3.616717,8351,0,0,58,921,1180,148,2,0
burps,burps.txt,2309,2,6,3.616717,8351,0,0,59,910,1203,131,6,0
carvy,carvy.txt,2309,2,6,3.616717,8351,0,0,62,906,1200,137,4,0
dives,dives.txt,2309,2,6,3.616717,8351,0,0,48,933,1190,132,6,0
evict,evict.txt,2309,1,6,3.616717,8351,1,1,52,941,1153,161,1,0
flegs,flegs.txt,2309,2,6,3.616717,8351,0,0,53,911,1216,126,3,0
gamps,gamps.txt,2309,2,6,3.616717,8351,0,0,47,924,1208,127,3,0
hakes,hakes.txt,2309,2,5,3.616717,8351,0,0,40,951,1172,146,0,0
herby,herby.txt,2309,2,6,3.616717,8351,0,0,60,913,1194,136,6,0
lemed,lemed.txt,2309,2,6,3.616717,8351,0,0,54,929,1176,148,2,0
lowry,lowry.txt,2309,2,6,3.616717,8351,0,0,63,911,1191,136,8,0
lurgi,lurgi.txt,2309,2,6,3.616717,8351,0,0,55,934,1166,149,5,0
meers,meers.txt,2309,2,6,3.616717,8351,0,0,54,936,1167,145,7,0
music,music.txt,2309,1,6,3.616717,8351,1,1,53,913,1209,129,4,0
orful,orful.txt,2309,2,6,3.616717,8351,0,0,54,920,1195,137,3,0
peens,peens.txt,2309,2,6,3.616717,8351,0,0,57,936,1158,151,7,0
powin,powin.txt,2309,2,6,3.616717,8351,0,0,53,936,1165,153,2,0
pownd,pownd.txt,2309,2,6,3.616717,8351,0,0,56,909,1210,132,2,0
refel,refel.txt,2309,2,6,3.616717,8351,0,0,55,929,1177,142,6,0
roars,roars.txt,2309,2,6,3.616717,8351,0,0,53,936,1169,145,6,0
roons,roons.txt,2309,2,6,3.616717,8351,0,0,51,929,1187,138,4,0
rumpo,rumpo.txt,2309,2,6,3.616717,8351,0,0,54,928,1180,143,4,0
scoot,scoot.txt,2309,2,6,3.616717,8351,0,0,53,939,1162,150,5,0
stool,stool.txt,2309,1,6,3.616717,8351,1,1,55,929,1171,149,4,0
teeny,teeny.txt,2309,2,6,3.616717,8351,0,0,59,922,1176,149,3,0
umber,umber.txt,2309,2,6,3.616717,8351,0,0,58,914,1198,133,6,0
uplay,uplay.txt,2309,2,6,3.616717,8351,0,0,57,911,1202,138,1,0
vison,vison.txt,2309,2,6,3.616717,8351,0,0,69,907,1180,146,7,0
wangs,wangs.txt,2309,2,6,3.616717,8351,0,0,50,929,1190,136,4,0
wroke,wroke.txt,2309,2,6,3.616717,8351,0,0,58,918,1190,137,6,0
yeahs,yeahs.txt,2309,2,6,3.616717,8351,0,0,41,951,1176,134,7,0
amate,amate.txt,2309,2,6,3.61715,8352,0,0,58,942,1143,158,8,0
antas,antas.txt,2309,2,6,3.61715,8352,0,0,51,924,1196,134,4,0
armer,armer.txt,2309,2,6,3.61715,8352,0,0,59,916,1186,146,2,0
banks,banks.txt,2309,2,6,3.61715,8352,0,0,44,932,1201,128,4,0
devot,devot.txt,2309,2,6,3.61715,8352,0,0,61,908,1199,136,5,0
drool,drool.txt,2309,1,6,3.61715,8352,1,1,53,939,1159,150,7,0
ecigs,ecigs.txt,2309,2,6,3.61715,8352,0,0,49,931,1188,137,4,0
hoven,hoven.txt,2309,2,6,3.61715,8352,0,0,59,915,1189,143,3,0
merge,merge.txt,2309,1,6,3.61715,8352,1,1,53,932,1170,149,4,0
meuse,meuse.txt,2309,2,6,3.61715,8352,0,0,49,949,1155,149,7,0
molle,molle.txt,2309,2,6,3.61715,8352,0,0,55,937,1158,155,4,0
pegma,pegma.txt,2309,2,6,3.61715,8352,0,0,52,931,1178,145,3,0
phese,phese.txt,2309,2,6,3.61715,8352,0,0,61,916,1183,144,5,0
pungs,pungs.txt,2309,2,6,3.61715,8352,0,0,50,940,1170,142,7,0
reges,reges.txt,2309,2,6,3.61715,8352,0,0,57,917,1193,137,5,0
riser,riser.txt,2309,1,6,3.61715,8352,1,1,51,931,1178,144,4,0
rompu,rompu.txt,2309,2,6,3.61715,8352,0,0,44,940,1185,136,4,0
sials,sials.txt,2309,2,6,3.61715,8352,0,0,47,950,1157,150,5,0
silts,silts.txt,2309,2,6,3.61715,8352,0,0,47,938,1181,138,5,0
sloop,sloop.txt,2309,1,6,3.61715,8352,1,1,58,913,1194,138,5,0
sopor,sopor.txt,2309,2,6,3.61715,8352,0,0,56,920,1188,142,3,0
unfit,unfit.txt,2309,1,6,3.61715,8352,1,1,63,906,1193,141,5,0
voila,voila.txt,2309,1,6,3.61715,8352,1,1,62,921,1167,152,6,0
arses,arses.txt,2309,2,6,3.617583,8353,0,0,41,951,1172,140,5,0
bunds,bunds.txt,2309,2,6,3.617583,8353,0,0,55,922,1187,141,4,0
cohab,cohab.txt,2309,2,6,3.617583,8353,0,0,50,934,1177,145,3,0
combs,combs.txt,2309,2,6,3.617583,8353,0,0,47,919,1215,126,2,0
fence,fence.txt,2309,1,6,3.617583,8353,1,1,49,915,1215,125,4,0
gifts,gifts.txt,2309,2,6,3.617583,8353,0,0,56,904,1219,127,3,0
globy,globy.txt,2309,2,6,3.617583,8353,0,0,57,916,1193,139,4,0
hibas,hibas.txt,2309,2,6,3.617583,8353,0,0,47,931,1193,134,4,0
honks,honks.txt,2309,2,6,3.617583,8353,0,0,46,942,1175,141,5,0
knosp,knosp.txt,2309,2,6,3.617583,8353,0,0,44,943,1182,132,8,0
limba,limba.txt,2309,2,6,3.617583,8353,0,0,53,932,1174,145,5,0
loled,loled.txt,2309,2,6,3.617583,8353,0,0,50,941,1167,144,7,0
lungi,lungi.txt,2309,2,6,3.617583,8353,0,0,57,921,1184,142,5,0
manat,manat.txt,2309,2,6,3.617583,8353,0,0,59,903,1213,130,4,0
ocker,ocker.txt,2309,2,6,3.617583,8353,0,0,49,942,1164,151,3,0
ovine,ovine.txt,2309,1,6,3.617583,8353,1,1,61,930,1151,160,6,0
parvo,parvo.txt,2309,2,6,3.617583,8353,0,0,62,900,1211,131,5,0
paves,paves.txt,2309,2,5,3.617583,8353,0,0,45,937,1183,144,0,0
physa,physa.txt,2309,2,6,3.617583,8353,0,0,64,921,1166,150,8,0
prize,prize.txt,2309,1,6,3.617583,8353,1,1,48,948,1152,156,4,0
ravey,ravey.txt,2309,2,6,3.617583,8353,0,0,57,909,1205,136,2,0
rebuy,rebuy.txt,2309,2,6,3.617583,8353,0,0,58,908,1207,131,5,0
roaky,roaky.txt,2309,2,6,3.617583,8353,0,0,56,907,1211,134,1,0
siles,siles.txt,2309,2,6,3.617583,8353,0,0,49,942,1166,147,5,0
surfy,surfy.txt,2309,2,6,3.617583,8353,0,0,55,929,1175,144,6,0
taxor,taxor.txt,2309,2,6,3.617583,8353,0,0,53,919,1198,136,3,0
tsuba,tsuba.txt,2309,2,6,3.617583,8353,0,0,55,916,1202,129,7,0
unmad,unmad.txt,2309,2,6,3.617583,8353,0,0,61,915,1184,144,5,0
whits,whits.txt,2309,2,6,3.617583,8353,0,0,62,902,1204,139,2,0
worms,worms.txt,2309,2,6,3.617583,8353,0,0,46,931,1193,138,1,0
aarti,aarti.txt,2309,2,6,3.618016,8354,0,0,49,959,1131,165,5,0
alias,alias.txt,2309,2,6,3.618016,8354,0,0,47,941,1175,139,7,0
benes,benes.txt,2309,2,6,3.618016,8354,0,0,48,927,1196,135,3,0
berks,berks.txt,2309,2,6,3.618016,8354,0,0,49,939,1169,149,3,0
borks,borks.txt,2309,2,6,3.618016,8354,0,0,58,904,1212,132,3,0
chive,chive.txt,2309,2,6,3.618016,8354,0,0,50,950,1146,158,5,0
crewe,crewe.txt,2309,2,6,3.618016,8354,0,0,44,956,1154,148,7,0
elude,elude.txt,2309,1,6,3.618016,8354,1,1,52,910,1213,131,2,0
feres,feres.txt,2309,2,6,3.618016,8354,0,0,55,920,1190,140,4,0
flays,flays.txt,2309,2,6,3.618016,8354,0,0,47,933,1188,137,4,0
litie,litie.txt,2309,2,6,3.618016,8354,0,0,49,929,1187,143,1,0
loots,loots.txt,2309,2,6,3.618016,8354,0,0,61,911,1190,143,4,0
lowps,lowps.txt,2309,2,6,3.618016,8354,0,0,52,909,1218,129,1,0
matte,matte.txt,2309,2,6,3.618016,8354,0,0,60,933,1151,159,6,0
moups,moups.txt,2309,2,6,3.618016,8354,0,0,51,928,1186,140,4,0
nalas,nalas.txt,2309,2,6,3.618016,8354,0,0,53,924,1187,142,3,0
oping,oping.txt,2309,2,6,3.618016,8354,0,0,57,921,1182,145,4,0
padou,padou.txt,2309,2,6,3.618016,8354,0,0,40,970,1137,156,6,0
penks,penks.txt,2309,2,6,3.618016,8354,0,0,47,928,1200,128,6,0
puhas,puhas.txt,2309,2,6,3.618016,8354,0,0,50,952,1141,162,4,0
rouks,rouks.txt,2309,2,6,3.618016,8354,0,0,44,933,1197,131,4,0
skyer,skyer.txt,2309,2,6,3.618016,8354,0,0,42,946,1176,142,3,0
trout,trout.txt,2309,1,6,3.618016,8354,1,1,57,942,1139,163,7,0
yente,yente.txt,2309,2,5,3.618016,8354,0,0,48,921,1205,135,0,0
afoul,afoul.txt,2309,1,6,3.61845,8355,1,1,46,940,1172,146,4,0
debus,debus.txt,2309,2,6,3.61845,8355,0,0,56,920,1188,139,6,0
degus,degus.txt,2309,2,6,3.61845,8355,0,0,53,927,1181,144,4,0
etage,etage.txt,2309,2,6,3.61845,8355,0,0,46,936,1184,139,4,0
fease,fease.txt,2309,2,6,3.61845,8355,0,0,46,944,1171,141,7,0
fisty,fisty.txt,2309,2,6,3.61845,8355,0,0,55,901,1227,122,4,0
haiks,haiks.txt,2309,2,6,3.61845,8355,0,0,43,940,1184,139,3,0
icker,icker.txt,2309,2,6,3.61845,8355,0,0,41,958,1154,153,3,0
impro,impro.txt,2309,2,6,3.61845,8355,0,0,56,925,1176,148,4,0
kideo,kideo.txt,2309,2,6,3.61845,8355,0,0,50,922,1199,135,3,0
kilps,kilps.txt,2309,2,6,3.61845,8355,0,0,51,929,1181,146,2,0
kohen,kohen.txt,2309,2,6,3.61845,8355,0,0,48,944,1163,149,5,0
nrtta,nrtta.txt,2309,2,6,3.61845,8355,0,0,54,930,1174,145,6,0
proll,proll.txt,2309,2,6,3.61845,8355,0,0,40,949,1177,138,5,0
retro,retro.txt,2309,1,6,3.61845,8355,1,1,54,923,1184,141,6,0
skelm,skelm.txt,2309,2,6,3.61845,8355,0,0,57,932,1160,155,5,0
abeer,abeer.txt,2309,2,6,3.618883,8356,0,0,46,937,1180,143,3,0
amowt,amowt.txt,2309,2,6,3.618883,8356,0,0,49,933,1183,137,7,0
anent,anent.txt,2309,2,6,3.618883,8356,0,0,56,930,1166,152,5,0
bawrs,bawrs.txt,2309,2,6,3.618883,8356,0,0,44,930,1201,130,4,0
bhuts,bhuts.txt,2309,2,6,3.618883,8356,0,0,66,897,1199,145,2,0
biogs,biogs.txt,2309,2,6,3.618883,8356,0,0,55,933,1162,155,4,0
bolks,bolks.txt,2309,2,5,3.618883,8356,0,0,49,920,1202,138,0,0
brows,brows.txt,2309,2,6,3.618883,8356,0,0,50,919,1203,135,2,0
fango,fango.txt,2309,2,6,3.618883,8356,0,0,56,922,1181,146,4,0
fyles,fyles.txt,2309,2,6,3.618883,8356,0,0,51,906,1226,124,2,0
glows,glows.txt,2309,2,6,3.618883,8356,0,0,51,917,1206,131,4,0
kaput,kaput.txt,2309,2,6,3.618883,8356,0,0,46,928,1200,130,5,0
knout,knout.txt,2309,2,6,3.618883,8356,0,0,49,930,1187,138,5,0
korus,korus.txt,2309,2,6,3.618883,8356,0,0,41,944,1182,138,4,0
maran,maran.txt,2309,2,6,3.618883,8356,0,0,63,906,1194,140,6,0
milks,milks.txt,2309,2,6,3.618883,8356,0,0,51,921,1198,135,4,0
mowed,mowed.txt,2309,2,6,3.618883,8356,0,0,54,919,1191,143,2,0
packs,packs.txt,2309,2,6,3.618883,8356,0,0,46,925,1205,129,4,0
parky,parky.txt,2309,2,6,3.618883,8356,0,0,57,906,1212,128,6,0
pasar,pasar.txt,2309,2,6,3.618883,8356,0,0,59,901,1212,135,2,0
raper,raper.txt,2309,2,6,3.618883,8356,0,0,57,916,1191,140,5,0
ritts,ritts.txt,2309,2,6,3.618883,8356,0,0,52,937,1163,153,4,0
sicko,sicko.txt,2309,2,6,3.618883,8356,0,0,46,938,1179,142,4,0
sinky,sinky.txt,2309,2,6,3.618883,8356,0,0,52,919,1198,137,3,0
skobe,skobe.txt,2309,2,6,3.618883,8356,0,0,43,946,1173,142,5,0
steem,steem.txt,2309,2,6,3.618883,8356,0,0,56,912,1203,132,6,0
tents,tents.txt,2309,2,6,3.618883,8356,0,0,48,941,1166,151,3,0
toits,toits.txt,2309,2,6,3.618883,8356,0,0,50,928,1188,138,5,0
traga,traga.txt,2309,2,6,3.618883,8356,0,0,57,915,1190,145,2,0
typic,typic.txt,2309,2,6,3.618883,8356,0,0,50,921,1201,133,4,0
vaped,vaped.txt,2309,2,5,3.618883,8356,0,0,57,904,1210,138,0,0
vista,vista.txt,2309,1,6,3.618883,8356,1,1,55,902,1219,129,3,0
warbs,warbs.txt,2309,2,6,3.618883,8356,0,0,53,906,1221,126,3,0
zoist,zoist.txt,2309,2,6,3.618883,8356,0,0,38,957,1166,143,5,0
barer,barer.txt,2309,2,6,3.619316,8357,0,0,58,896,1225,127,3,0
bilks,bilks.txt,2309,2,6,3.619316,8357,0,0,53,916,1200,137,3,0
blows,blows.txt,2309,2,6,3.619316,8357,0,0,55,906,1214,131,3,0
bogey,bogey.txt,2309,2,6,3.619316,8357,0,0,63,883,1236,124,3,0
cadgy,cadgy.txt,2309,2,6,3.619316,8357,0,0,50,907,1227,122,3,0
coons,coons.txt,2309,2,6,3.619316,8357,0,0,53,924,1184,145,3,0
demob,demob.txt,2309,2,6,3.619316,8357,0,0,53,905,1223,124,4,0
hirer,hirer.txt,2309,2,6,3.619316,8357,0,0,51,942,1154,159,3,0
hoagy,hoagy.txt,2309,2,6,3.619316,8357,0,0,55,916,1195,139,4,0
hoyas,hoyas.txt,2309,2,6,3.619316,8357,0,0,55,919,1190,140,5,0
indew,indew.txt,2309,2,6,3.619316,8357,0,0,54,917,1195,140,3,0
kaids,kaids.txt,2309,2,6,3.619316,8357,0,0,43,930,1203,129,4,0
khans,khans.txt,2309,2,6,3.619316,8357,0,0,49,927,1189,142,2,0
kipes,kipes.txt,2309,2,6,3.619316,8357,0,0,50,933,1177,144,5,0
lemes,lemes.txt,2309,2,6,3.619316,8357,0,0,47,930,1193,133,6,0
mechs,mechs.txt,2309,2,6,3.619316,8357,0,0,49,923,1198,136,3,0
might,might.txt,2309,1,6,3.619316,8357,1,1,54,920,1187,142,5,0
pavon,pavon.txt,2309,2,6,3.619316,8357,0,0,58,924,1168,157,2,0
pshut,pshut.txt,2309,2,6,3.619316,8357,0,0,57,916,1189,143,4,0
rougy,rougy.txt,2309,2,6,3.619316,8357,0,0,54,923,1183,146,3,0
shako,shako.txt,2309,2,6,3.619316,8357,0,0,54,926,1181,141,7,0
sheik,sheik.txt,2309,1,6,3.619316,8357,1,1,47,963,1122,171,5,0
snowy,snowy.txt,2309,1,6,3.619316,8357,1,1,54,916,1193,142,3,0
soils,soils.txt,2309,2,6,3.619316,8357,0,0,47,949,1158,146,9,0
swing,swing.txt,2309,1,6,3.619316,8357,1,1,49,928,1185,142,4,0
tacit,tacit.txt,2309,1,6,3.619316,8357,1,1,56,941,1139,167,5,0
taunt,taunt.txt,2309,1,6,3.619316,8357,1,1,60,921,1167,155,5,0
whies,whies.txt,2309,2,6,3.619316,8357,0,0,65,905,1186,150,3,0
abyes,abyes.txt,2309,2,6,3.619749,8358,0,0,50,904,1231,122,2,0
arris,arris.txt,2309,2,6,3.619749,8358,0,0,42,953,1160,149,5,0
chaat,chaat.txt,2309,2,6,3.619749,8358,0,0,54,940,1151,158,6,0
cills,cills.txt,2309,2,6,3.619749,8358,0,0,41,943,1182,139,4,0
eigne,eigne.txt,2309,2,6,3.619749,8358,0,0,55,931,1165,153,5,0
leavy,leavy.txt,2309,2,6,3.619749,8358,0,0,66,886,1221,132,4,0
looie,looie.txt,2309,2,6,3.619749,8358,0,0,50,949,1146,157,7,0
loord,loord.txt,2309,2,6,3.619749,8358,0,0,58,928,1165,150,8,0
lunks,lunks.txt,2309,2,6,3.619749,8358,0,0,53,921,1189,143,3,0
methy,methy.txt,2309,2,6,3.619749,8358,0,0,60,911,1190,143,5,0
naira,naira.txt,2309,2,6,3.619749,8358,0,0,53,940,1153,158,5,0
narky,narky.txt,2309,2,6,3.619749,8358,0,0,46,928,1196,136,3,0
oculi,oculi.txt,2309,2,6,3.619749,8358,0,0,52,925,1183,147,2,0
paolo,paolo.txt,2309,2,6,3.619749,8358,0,0,41,946,1178,138,6,0
peage,peage.txt,2309,2,6,3.619749,8358,0,0,47,943,1163,153,3,0
silex,silex.txt,2309,2,6,3.619749,8358,0,0,49,935,1174,147,4,0
spill,spill.txt,2309,1,6,3.619749,8358,1,1,51,936,1161,157,3,0
stuck,stuck.txt,2309,1,6,3.619749,8358,1,1,56,897,1225,126,4,0
tarty,tarty.txt,2309,2,6,3.619749,8358,0,0,62,904,1198,140,5,0
urbia,urbia.txt,2309,2,6,3.619749,8358,0,0,59,921,1174,149,6,0
viced,viced.txt,2309,2,6,3.619749,8358,0,0,57,909,1203,135,5,0
vinas,vinas.txt,2309,2,6,3.619749,8358,0,0,55,919,1187,145,3,0
winey,winey.txt,2309,2,6,3.619749,8358,0,0,56,918,1186,146,3,0
adown,adown.txt,2309,2,6,3.620182,8359,0,0,57,914,1192,141,5,0
chimp,chimp.txt,2309,2,6,3.620182,8359,0,0,50,933,1174,148,4,0
dashy,dashy.txt,2309,2,6,3.620182,8359,0,0,52,910,1214,129,4,0
faker,faker.txt,2309,2,6,3.620182,8359,0,0,58,906,1205,135,5,0
ficos,ficos.txt,2309,2,6,3.620182,8359,0,0,54,909,1207,138,1,0
forbs,forbs.txt,2309,2,6,3.620182,8359,0,0,54,894,1242,113,6,0
kames,kames.txt,2309,2,6,3.620182,8359,0,0,42,924,1214,127,2,0
maybe,maybe.txt,2309,1,6,3.620182,8359,1,1,51,910,1211,134,2,0
ovals,ovals.txt,2309,2,6,3.620182,8359,0,0,49,923,1196,138,3,0
rotta,rotta.txt,2309,2,6,3.620182,8359,0,0,63,926,1152,161,7,0
rozit,rozit.txt,2309,2,6,3.620182,8359,0,0,46,939,1175,144,5,0
sairs,sairs.txt,2309,2,6,3.620182,8359,0,0,47,948,1157,149,8,0
thugs,thugs.txt,2309,2,6,3.620182,8359,0,0,56,918,1186,145,4,0
viola,viola.txt,2309,1,6,3.620182,8359,1,1,66,913,1164,159,6,0
alarm,alarm.txt,2309,1,6,3.620615,8360,1,1,57,917,1179,152,3,0
barfi,barfi.txt,2309,2,6,3.620615,8360,0,0,46,921,1210,127,5,0
betes,betes.txt,2309,2,6,3.620615,8360,0,0,52,912,1208,134,3,0
bight,bight.txt,2309,2,6,3.620615,8360,0,0,56,905,1209,137,2,0
bowed,bowed.txt,2309,2,6,3.620615,8360,0,0,55,903,1217,131,3,0
bowie,bowie.txt,2309,2,6,3.620615,8360,0,0,50,946,1146,164,3,0
coact,coact.txt,2309,2,6,3.620615,8360,0,0,53,932,1165,156,3,0
evils,evils.txt,2309,2,6,3.620615,8360,0,0,54,931,1165,155,4,0
fidos,fidos.txt,2309,2,6,3.620615,8360,0,0,55,910,1207,130,7,0
flisk,flisk.txt,2309,2,6,3.620615,8360,0,0,61,904,1198,142,4,0
ganks,ganks.txt,2309,2,6,3.620615,8360,0,0,36,943,1196,129,5,0
hikes,hikes.txt,2309,2,6,3.620615,8360,0,0,42,942,1177,146,2,0
manks,manks.txt,2309,2,6,3.620615,8360,0,0,38,943,1189,135,4,0
modus,modus.txt,2309,2,6,3.620615,8360,0,0,52,921,1193,137,6,0
obeli,obeli.txt,2309,2,6,3.620615,8360,0,0,43,922,1218,120,6,0
owies,owies.txt,2309,2,6,3.620615,8360,0,0,53,928,1175,148,5,0
plouk,plouk.txt,2309,2,6,3.620615,8360,0,0,48,930,1186,140,5,0
potro,potro.txt,2309,2,6,3.620615,8360,0,0,58,916,1184,146,5,0
shewn,shewn.txt,2309,2,6,3.620615,8360,0,0,60,917,1177,149,6,0
tropo,tropo.txt,2309,2,6,3.620615,8360,0,0,58,905,1205,137,4,0
tushy,tushy.txt,2309,2,6,3.620615,8360,0,0,54,926,1179,142,8,0
vades,vades.txt,2309,2,6,3.620615,8360,0,0,55,912,1199,140,3,0
vatic,vatic.txt,2309,2,6,3.620615,8360,0,0,59,915,1182,149,4,0
visna,visna.txt,2309,2,6,3.620615,8360,0,0,61,916,1175,152,5,0
agene,agene.txt,2309,2,6,3.621048,8361,0,0,52,936,1163,151,7,0
amido,amido.txt,2309,2,6,3.621048,8361,0,0,62,910,1186,143,8,0
atlas,atlas.txt,2309,2,6,3.621048,8361,0,0,58,912,1194,137,8,0
atoll,atoll.txt,2309,1,6,3.621048,8361,1,1,54,924,1178,144,8,0
bunia,bunia.txt,2309,2,6,3.621048,8361,0,0,66,920,1154,161,8,0
chink,chink.txt,2309,2,6,3.621048,8361,0,0,56,922,1176,151,4,0
dooce,dooce.txt,2309,2,6,3.621048,8361,0,0,52,923,1186,144,4,0
gavot,gavot.txt,2309,2,6,3.621048,8361,0,0,63,901,1199,140,6,0
howls,howls.txt,2309,2,6,3.621048,8361,0,0,50,925,1186,146,2,0
ledge,ledge.txt,2309,1,6,3.621048,8361,1,1,60,913,1177,155,3,0
leery,leery.txt,2309,1,6,3.621048,8361,1,1,53,923,1182,143,7,0
lurgy,lurgy.txt,2309,2,6,3.621048,8361,0,0,66,892,1209,135,7,0
misgo,misgo.txt,2309,2,6,3.621048,8361,0,0,63,917,1166,158,5,0
oorie,oorie.txt,2309,2,6,3.621048,8361,0,0,38,963,1150,152,6,0
rearm,rearm.txt,2309,1,6,3.621048,8361,1,1,58,909,1193,143,5,0
reems,reems.txt,2309,2,6,3.621048,8361,0,0,48,935,1176,144,6,0
roers,roers.txt,2309,2,6,3.621048,8361,0,0,48,942,1159,157,3,0
runer,runer.txt,2309,2,6,3.621048,8361,0,0,58,908,1197,143,3,0
saris,saris.txt,2309,2,6,3.621048,8361,0,0,47,936,1177,143,6,0
seans,seans.txt,2309,2,6,3.621048,8361,0,0,40,944,1182,137,6,0
slots,slots.txt,2309,2,6,3.621048,8361,0,0,48,935,1174,148,4,0
sorns,sorns.txt,2309,2,6,3.621048,8361,0,0,44,928,1200,133,4,0
theed,theed.txt,2309,2,6,3.621048,8361,0,0,61,903,1197,146,2,0
thees,thees.txt,2309,2,6,3.621048,8361,0,0,59,924,1161,163,2,0
tress,tress.txt,2309,2,6,3.621048,8361,0,0,43,953,1155,152,6,0
twigs,twigs.txt,2309,2,6,3.621048,8361,0,0,53,904,1220,129,3,0
vardo,vardo.txt,2309,2,6,3.621048,8361,0,0,65,892,1209,139,4,0
vices,vices.txt,2309,2,6,3.621048,8361,0,0,50,910,1216,131,2,0
aurae,aurae.txt,2309,2,6,3.621481,8362,0,0,43,969,1128,157,12,0
below,below.txt,2309,1,6,3.621481,8362,1,1,47,915,1211,132,3,0
cowry,cowry.txt,2309,2,6,3.621481,8362,0,0,58,909,1194,145,3,0
exalt,exalt.txt,2309,1,6,3.621481,8362,1,1,53,912,1201,137,5,0
guyot,guyot.txt,2309,2,6,3.621481,8362,0,0,48,941,1163,151,6,0
humas,humas.txt,2309,2,6,3.621481,8362,0,0,54,935,1157,157,6,0
kerma,kerma.txt,2309,2,6,3.621481,8362,0,0,54,925,1176,149,5,0
nocks,nocks.txt,2309,2,6,3.621481,8362,0,0,43,915,1225,125,1,0
paean,paean.txt,2309,2,6,3.621481,8362,0,0,57,915,1186,147,4,0
plumy,plumy.txt,2309,2,6,3.621481,8362,0,0,59,907,1198,139,6,0
roper,roper.txt,2309,2,6,3.621481,8362,0,0,53,919,1189,145,3,0
sebum,sebum.txt,2309,2,6,3.621481,8362,0,0,55,918,1189,140,7,0
sewel,sewel.txt,2309,2,6,3.621481,8362,0,0,48,925,1193,139,4,0
skerm,skerm.txt,2309,2,6,3.621481,8362,0,0,49,943,1154,159,4,0
tichy,tichy.txt,2309,2,6,3.621481,8362,0,0,48,936,1169,154,2,0
troth,troth.txt,2309,2,6,3.621481,8362,0,0,56,932,1154,164,3,0
ugali,ugali.txt,2309,2,6,3.621481,8362,0,0,48,929,1185,143,4,0
wagon,wagon.txt,2309,1,6,3.621481,8362,1,1,60,903,1200,138,7,0
achey,achey.txt,2309,2,6,3.621914,8363,0,0,47,932,1180,147,3,0
bapus,bapus.txt,2309,2,6,3.621914,8363,0,0,46,925,1201,130,7,0
beers,beers.txt,2309,2,6,3.621914,8363,0,0,55,928,1167,153,6,0
bigos,bigos.txt,2309,2,6,3.621914,8363,0,0,56,915,1187,148,3,0
borer,borer.txt,2309,2,6,3.621914,8363,0,0,57,910,1193,147,2,0
budge,budge.txt,2309,1,6,3.621914,8363,1,1,70,890,1193,150,5,0
bunch,bunch.txt,2309,1,6,3.621914,8363,1,1,54,929,1164,155,6,0
butch,butch.txt,2309,1,6,3.621914,8363,1,1,56,916,1182,150,4,0
colls,colls.txt,2309,2,6,3.621914,8363,0,0,45,929,1194,136,5,0
dwang,dwang.txt,2309,2,6,3.621914,8363,0,0,57,908,1197,145,2,0
festy,festy.txt,2309,2,6,3.621914,8363,0,0,56,897,1226,124,6,0
flawn,flawn.txt,2309,2,6,3.621914,8363,0,0,50,916,1205,133,5,0
frees,frees.txt,2309,2,6,3.621914,8363,0,0,53,914,1200,137,5,0
genes,genes.txt,2309,2,6,3.621914,8363,0,0,49,933,1172,152,3,0
gouty,gouty.txt,2309,2,6,3.621914,8363,0,0,52,933,1164,156,4,0
gowns,gowns.txt,2309,2,6,3.621914,8363,0,0,53,908,1210,135,3,0
joist,joist.txt,2309,1,6,3.621914,8363,1,1,41,932,1195,136,4,0
kendo,kendo.txt,2309,2,6,3.621914,8363,0,0,44,931,1192,138,4,0
makes,makes.txt,2309,2,6,3.621914,8363,0,0,42,922,1214,129,2,0
mavie,mavie.txt,2309,2,6,3.621914,8363,0,0,58,929,1153,166,3,0
mocha,mocha.txt,2309,1,6,3.621914,8363,1,1,60,925,1155,161,7,0
palas,palas.txt,2309,2,6,3.621914,8363,0,0,63,908,1183,149,6,0
paras,paras.txt,2309,2,6,3.621914,8363,0,0,60,894,1216,137,2,0
passe,passe.txt,2309,2,6,3.621914,8363,0,0,52,930,1172,149,6,0
ponor,ponor.txt,2309,2,6,3.621914,8363,0,0,52,911,1208,134,4,0
rebec,rebec.txt,2309,2,6,3.621914,8363,0,0,52,920,1191,141,5,0
rhomb,rhomb.txt,2309,2,6,3.621914,8363,0,0,49,917,1202,140,1,0
sweet,sweet.txt,2309,1,6,3.621914,8363,1,1,61,896,1209,136,6,0
syker,syker.txt,2309,2,6,3.621914,8363,0,0,36,949,1179,142,3,0
tases,tases.txt,2309,2,6,3.621914,8363,0,0,47,926,1192,141,3,0
titan,titan.txt,2309,1,6,3.621914,8363,1,1,59,926,1155,162,6,0
vinos,vinos.txt,2309,2,6,3.621914,8363,0,0,59,916,1180,147,7,0
vitas,vitas.txt,2309,2,6,3.621914,8363,0,0,54,902,1218,133,2,0
whaur,whaur.txt,2309,2,6,3.621914,8363,0,0,47,939,1167,152,4,0
banal,banal.txt,2309,1,6,3.622347,8364,1,1,58,904,1201,139,6,0
begun,begun.txt,2309,1,6,3.622347,8364,1,1,58,912,1187,143,8,0
birks,birks.txt,2309,2,6,3.622347,8364,0,0,57,907,1198,145,2,0
conne,conne.txt,2309,2,6,3.622347,8364,0,0,50,944,1152,154,9,0
devas,devas.txt,2309,2,6,3.622347,8364,0,0,53,903,1220,129,4,0
feuds,feuds.txt,2309,2,6,3.622347,8364,0,0,54,904,1216,130,5,0
gonif,gonif.txt,2309,2,6,3.622347,8364,0,0,58,924,1165,156,6,0
grata,grata.txt,2309,2,6,3.622347,8364,0,0,52,911,1205,139,2,0
kelim,kelim.txt,2309,2,6,3.622347,8364,0,0,50,922,1192,140,5,0
kyrie,kyrie.txt,2309,2,6,3.622347,8364,0,0,43,943,1171,147,5,0
lefte,lefte.txt,2309,2,6,3.622347,8364,0,0,59,891,1228,125,6,0
lilts,lilts.txt,2309,2,6,3.622347,8364,0,0,47,923,1199,135,5,0
llano,llano.txt,2309,2,6,3.622347,8364,0,0,48,948,1148,158,7,0
lynch,lynch.txt,2309,2,6,3.622347,8364,0,0,50,938,1159,158,4,0
maill,maill.txt,2309,2,6,3.622347,8364,0,0,52,940,1153,156,8,0
mvule,mvule.txt,2309,2,6,3.622347,8364,0,0,52,907,1216,129,5,0
ngapi,ngapi.txt,2309,2,6,3.622347,8364,0,0,47,920,1205,132,5,0
nodum,nodum.txt,2309,2,6,3.622347,8364,0,0,60,905,1198,139,7,0
phene,phene.txt,2309,2,6,3.622347,8364,0,0,57,913,1190,143,6,0
plebe,plebe.txt,2309,2,6,3.622347,8364,0,0,51,924,1184,146,4,0
pouke,pouke.txt,2309,2,6,3.622347,8364,0,0,49,931,1179,143,7,0
purre,purre.txt,2309,2,6,3.622347,8364,0,0,50,927,1178,153,1,0
sewer,sewer.txt,2309,1,6,3.622347,8364,1,1,58,898,1210,139,3,0
snits,snits.txt,2309,2,6,3.622347,8364,0,0,39,937,1194,135,4,0
unfed,unfed.txt,2309,1,6,3.622347,8364,1,1,53,899,1223,130,3,0
yawls,yawls.txt,2309,2,6,3.622347,8364,0,0,33,936,1215,120,5,0
alaps,alaps.txt,2309,2,6,3.62278,8365,0,0,55,915,1190,144,5,0
anlas,anlas.txt,2309,2,6,3.62278,8365,0,0,52,915,1199,138,5,0
azole,azole.txt,2309,2,6,3.62278,8365,0,0,41,944,1172,149,3,0
budas,budas.txt,2309,2,6,3.62278,8365,0,0,62,896,1205,143,3,0
dolor,dolor.txt,2309,2,6,3.62278,8365,0,0,62,900,1198,145,4,0
flown,flown.txt,2309,1,6,3.62278,8365,1,1,46,899,1246,111,6,0
fluty,fluty.txt,2309,2,6,3.62278,8365,0,0,56,901,1213,136,3,0
geums,geums.txt,2309,2,6,3.62278,8365,0,0,59,918,1170,159,3,0
gouch,gouch.txt,2309,2,6,3.62278,8365,0,0,46,953,1142,162,6,0
gravs,gravs.txt,2309,2,6,3.62278,8365,0,0,56,916,1184,149,4,0
homey,homey.txt,2309,2,6,3.62278,8365,0,0,53,919,1188,144,5,0
hongi,hongi.txt,2309,2,6,3.62278,8365,0,0,51,936,1158,161,3,0
kelps,kelps.txt,2309,2,6,3.62278,8365,0,0,49,911,1217,126,6,0
leche,leche.txt,2309,2,6,3.62278,8365,0,0,50,926,1180,151,2,0
lokey,lokey.txt,2309,2,6,3.62278,8365,0,0,50,910,1213,133,3,0
machi,machi.txt,2309,2,6,3.62278,8365,0,0,54,915,1193,142,5,0
nonet,nonet.txt,2309,2,6,3.62278,8365,0,0,50,934,1164,159,2,0
oinks,oinks.txt,2309,2,6,3.62278,8365,0,0,38,950,1170,147,4,0
opahs,opahs.txt,2309,2,6,3.62278,8365,0,0,41,951,1159,154,4,0
order,order.txt,2309,1,6,3.62278,8365,1,1,50,911,1209,133,5,0
prior,prior.txt,2309,1,6,3.62278,8365,1,1,49,933,1170,149,7,0
proto,proto.txt,2309,2,6,3.62278,8365,0,0,56,906,1205,137,5,0
scudi,scudi.txt,2309,2,6,3.62278,8365,0,0,49,922,1195,137,6,0
sents,sents.txt,2309,2,6,3.62278,8365,0,0,35,958,1161,153,2,0
shoot,shoot.txt,2309,1,6,3.62278,8365,1,1,54,939,1141,169,5,0
speed,speed.txt,2309,1,6,3.62278,8365,1,1,50,916,1201,134,7,0
terry,terry.txt,2309,2,6,3.62278,8365,0,0,51,926,1181,145,6,0
tryer,tryer.txt,2309,2,6,3.62278,8365,0,0,46,918,1207,137,1,0
uncia,uncia.txt,2309,2,6,3.62278,8365,0,0,58,937,1140,166,8,0
verse,verse.txt,2309,1,6,3.62278,8365,1,1,56,918,1177,152,5,0
wodge,wodge.txt,2309,2,6,3.62278,8365,0,0,61,906,1189,149,4,0
woman,woman.txt,2309,1,6,3.62278,8365,1,1,48,927,1186,139,8,0
yamun,yamun.txt,2309,2,6,3.62278,8365,0,0,55,918,1182,151,3,0
acral,acral.txt,2309,2,6,3.623214,8366,0,0,62,902,1194,146,5,0
agush,agush.txt,2309,2,6,3.623214,8366,0,0,49,937,1163,155,5,0
cuspy,cuspy.txt,2309,2,6,3.623214,8366,0,0,56,905,1204,141,3,0
durgy,durgy.txt,2309,2,6,3.623214,8366,0,0,58,909,1194,141,7,0
fluyt,fluyt.txt,2309,2,6,3.623214,8366,0,0,49,905,1227,123,5,0
gobis,gobis.txt,2309,2,6,3.623214,8366,0,0,53,911,1201,141,3,0
grews,grews.txt,2309,2,6,3.623214,8366,0,0,49,930,1175,152,3,0
holks,holks.txt,2309,2,6,3.623214,8366,0,0,49,921,1194,141,4,0
iller,iller.txt,2309,2,6,3.623214,8366,0,0,49,927,1184,143,6,0
knaps,knaps.txt,2309,2,6,3.623214,8366,0,0,52,909,1210,133,5,0
krabs,krabs.txt,2309,2,6,3.623214,8366,0,0,50,922,1190,142,5,0
latah,latah.txt,2309,2,6,3.623214,8366,0,0,51,921,1187,147,3,0
latex,latex.txt,2309,2,6,3.623214,8366,0,0,51,900,1228,128,2,0
mothy,mothy.txt,2309,2,6,3.623214,8366,0,0,56,905,1209,131,8,0
oller,oller.txt,2309,2,6,3.623214,8366,0,0,43,947,1161,153,5,0
ollie,ollie.txt,2309,2,6,3.623214,8366,0,0,42,962,1137,160,8,0
purer,purer.txt,2309,1,6,3.623214,8366,1,1,57,912,1182,155,2,0
salix,salix.txt,2309,2,6,3.623214,8366,0,0,47,936,1171,150,5,0
serve,serve.txt,2309,1,6,3.623214,8366,1,1,61,902,1193,147,5,0
unket,unket.txt,2309,2,6,3.623214,8366,0,0,53,918,1189,144,5,0
vertu,vertu.txt,2309,2,6,3.623214,8366,0,0,49,920,1195,142,3,0
vinca,vinca.txt,2309,2,6,3.623214,8366,0,0,62,912,1176,152,7,0
weest,weest.txt,2309,2,6,3.623214,8366,0,0,66,908,1172,156,7,0
beigy,beigy.txt,2309,2,6,3.623647,8367,0,0,57,909,1197,138,8,0
bhang,bhang.txt,2309,2,6,3.623647,8367,0,0,44,912,1223,129,1,0
bingo,bingo.txt,2309,1,6,3.623647,8367,1,1,63,902,1183,158,2,0
bousy,bousy.txt,2309,2,6,3.623647,8367,0,0,53,920,1189,137,10,0
chaws,chaws.txt,2309,2,6,3.623647,8367,0,0,53,921,1178,156,1,0
corky,corky.txt,2309,2,6,3.623647,8367,0,0,49,923,1188,146,3,0
crass,crass.txt,2309,1,6,3.623647,8367,1,1,37,944,1179,144,4,0
ethic,ethic.txt,2309,1,6,3.623647,8367,1,1,45,930,1183,146,4,0
fayed,fayed.txt,2309,2,6,3.623647,8367,0,0,53,900,1222,131,3,0
firma,firma.txt,2309,2,6,3.623647,8367,0,0,57,917,1175,158,2,0
gothy,gothy.txt,2309,2,6,3.623647,8367,0,0,49,924,1185,149,2,0
gusty,gusty.txt,2309,1,6,3.623647,8367,1,1,52,913,1194,147,2,0
guyed,guyed.txt,2309,2,6,3.623647,8367,0,0,53,908,1206,139,3,0
inbye,inbye.txt,2309,2,6,3.623647,8367,0,0,43,901,1250,112,3,0
kiang,kiang.txt,2309,2,6,3.623647,8367,0,0,45,934,1179,147,4,0
leech,leech.txt,2309,1,6,3.623647,8367,1,1,50,934,1160,160,4,0
maral,maral.txt,2309,2,6,3.623647,8367,0,0,62,902,1194,145,6,0
nicks,nicks.txt,2309,2,6,3.623647,8367,0,0,48,909,1218,132,2,0
oupas,oupas.txt,2309,2,6,3.623647,8367,0,0,50,929,1174,152,4,0
pulik,pulik.txt,2309,2,6,3.623647,8367,0,0,55,917,1185,146,6,0
rodeo,rodeo.txt,2309,1,6,3.623647,8367,1,1,58,910,1185,150,5,0
rokey,rokey.txt,2309,2,6,3.623647,8367,0,0,44,933,1184,144,4,0
rubio,rubio.txt,2309,2,6,3.623647,8367,0,0,66,915,1157,164,7,0
rushy,rushy.txt,2309,2,6,3.623647,8367,0,0,51,928,1174,151,5,0
sabal,sabal.txt,2309,2,6,3.623647,8367,0,0,52,924,1180,147,6,0
sagar,sagar.txt,2309,2,6,3.623647,8367,0,0,52,917,1197,134,9,0
salis,salis.txt,2309,2,6,3.623647,8367,0,0,49,937,1163,154,6,0
sires,sires.txt,2309,2,6,3.623647,8367,0,0,47,951,1141,164,6,0
sones,sones.txt,2309,2,6,3.623647,8367,0,0,46,937,1171,150,5,0
sooth,sooth.txt,2309,1,6,3.623647,8367,1,1,52,935,1154,161,6,0
testa,testa.txt,2309,2,6,3.623647,8367,0,0,59,908,1192,143,7,0
undam,undam.txt,2309,2,6,3.623647,8367,0,0,62,898,1201,143,5,0
unpeg,unpeg.txt,2309,2,6,3.623647,8367,0,0,48,924,1190,143,4,0
vairy,vairy.txt,2309,2,6,3.623647,8367,0,0,65,894,1201,143,6,0
besaw,besaw.txt,2309,2,6,3.62408,8368,0,0,54,907,1206,137,5,0
chynd,chynd.txt,2309,2,6,3.62408,8368,0,0,49,902,1228,128,2,0
cukes,cukes.txt,2309,2,6,3.62408,8368,0,0,46,914,1215,130,4,0
fedai,fedai.txt,2309,2,6,3.62408,8368,0,0,55,909,1197,145,3,0
idyls,idyls.txt,2309,2,6,3.62408,8368,0,0,45,926,1193,142,3,0
khors,khors.txt,2309,2,6,3.62408,8368,0,0,48,928,1179,152,2,0
koaps,koaps.txt,2309,2,6,3.62408,8368,0,0,45,928,1190,142,4,0
laevo,laevo.txt,2309,2,6,3.62408,8368,0,0,61,901,1195,149,3,0
lushy,lushy.txt,2309,2,6,3.62408,8368,0,0,57,913,1185,149,5,0
motor,motor.txt,2309,1,6,3.62408,8368,1,1,63,896,1197,147,5,0
odyls,odyls.txt,2309,2,6,3.62408,8368,0,0,49,923,1188,145,4,0
samfi,samfi.txt,2309,2,6,3.62408,8368,0,0,49,924,1189,140,7,0
speck,speck.txt,2309,1,6,3.62408,8368,1,1,50,929,1169,156,4,0
spool,spool.txt,2309,1,6,3.62408,8368,1,1,52,906,1210,135,5,0
tewel,tewel.txt,2309,2,6,3.62408,8368,0,0,55,907,1202,141,4,0
trull,trull.txt,2309,2,6,3.62408,8368,0,0,48,925,1189,141,6,0
veale,veale.txt,2309,2,6,3.62408,8368,0,0,60,920,1165,156,8,0
veily,veily.txt,2309,2,6,3.62408,8368,0,0,54,912,1195,144,4,0
berme,berme.txt,2309,2,6,3.624513,8369,0,0,51,919,1187,150,2,0
bowrs,bowrs.txt,2309,2,6,3.624513,8369,0,0,51,915,1196,144,3,0
bravo,bravo.txt,2309,1,6,3.624513,8369,1,1,53,896,1225,130,4,0
cakey,cakey.txt,2309,2,6,3.624513,8369,0,0,48,927,1180,152,2,0
cough,cough.txt,2309,1,6,3.624513,8369,1,1,48,939,1156,159,6,0
dishy,dishy.txt,2309,2,6,3.624513,8369,0,0,49,936,1161,159,4,0
dried,dried.txt,2309,1,6,3.624513,8369,1,1,59,918,1164,162,5,0
gaucy,gaucy.txt,2309,2,6,3.624513,8369,0,0,49,913,1207,136,4,0
grump,grump.txt,2309,2,6,3.624513,8369,0,0,62,908,1181,151,7,0
gulph,gulph.txt,2309,2,6,3.624513,8369,0,0,57,907,1196,144,5,0
heels,heels.txt,2309,2,6,3.624513,8369,0,0,53,934,1151,169,2,0
hydro,hydro.txt,2309,1,6,3.624513,8369,1,1,54,915,1186,147,6,0
kreng,kreng.txt,2309,2,6,3.624513,8369,0,0,35,942,1191,137,4,0
kunas,kunas.txt,2309,2,6,3.624513,8369,0,0,47,926,1189,141,6,0
kutas,kutas.txt,2309,2,6,3.624513,8369,0,0,43,924,1203,135,4,0
kylie,kylie.txt,2309,2,6,3.624513,8369,0,0,50,915,1201,138,5,0
local,local.txt,2309,1,6,3.624513,8369,1,1,57,921,1165,159,6,0
mopus,mopus.txt,2309,2,6,3.624513,8369,0,0,47,927,1185,146,4,0
okras,okras.txt,2309,2,6,3.624513,8369,0,0,42,933,1191,136,7,0
scuba,scuba.txt,2309,1,6,3.624513,8369,1,1,49,912,1204,140,3,0
shock,shock.txt,2309,1,6,3.624513,8369,1,1,49,936,1154,168,1,0
shuba,shuba.txt,2309,2,6,3.624513,8369,0,0,54,932,1157,159,7,0
sleek,sleek.txt,2309,1,6,3.624513,8369,1,1,50,935,1158,159,6,0
smick,smick.txt,2309,2,6,3.624513,8369,0,0,54,909,1198,146,2,0
tapas,tapas.txt,2309,2,6,3.624513,8369,0,0,53,899,1224,128,5,0
tirth,tirth.txt,2309,2,6,3.624513,8369,0,0,50,955,1121,178,5,0
totes,totes.txt,2309,2,6,3.624513,8369,0,0,49,928,1178,149,5,0
umped,umped.txt,2309,2,5,3.624513,8369,0,0,50,902,1222,135,0,0
vauts,vauts.txt,2309,2,6,3.624513,8369,0,0,50,919,1193,142,5,0
vulns,vulns.txt,2309,2,6,3.624513,8369,0,0,44,927,1194,140,4,0
yagis,yagis.txt,2309,2,6,3.624513,8369,0,0,44,934,1181,145,5,0
zoner,zoner.txt,2309,2,6,3.624513,8369,0,0,40,939,1182,144,4,0
arepa,arepa.txt,2309,2,6,3.624946,8370,0,0,58,923,1160,163,5,0
beaks,beaks.txt,2309,2,6,3.624946,8370,0,0,57,893,1220,137,2,0
derro,derro.txt,2309,2,6,3.624946,8370,0,0,60,903,1196,143,7,0
echos,echos.txt,2309,2,6,3.624946,8370,0,0,48,924,1184,152,1,0
eying,eying.txt,2309,1,6,3.624946,8370,1,1,51,927,1170,154,6,0
grana,grana.txt,2309,2,6,3.624946,8370,0,0,55,924,1169,154,7,0
kadis,kadis.txt,2309,2,6,3.624946,8370,0,0,42,921,1213,127,6,0
kerne,kerne.txt,2309,2,6,3.624946,8370,0,0,47,939,1164,151,8,0
leges,leges.txt,2309,2,6,3.624946,8370,0,0,58,894,1215,140,2,0
looed,looed.txt,2309,2,6,3.624946,8370,0,0,47,938,1165,152,7,0
nooit,nooit.txt,2309,2,6,3.624946,8370,0,0,57,917,1176,153,6,0
pekid,pekid.txt,2309,2,6,3.624946,8370,0,0,50,903,1223,129,4,0
punga,punga.txt,2309,2,6,3.624946,8370,0,0,56,924,1163,162,4,0
robug,robug.txt,2309,2,6,3.624946,8370,0,0,67,883,1213,141,5,0
roguy,roguy.txt,2309,2,6,3.624946,8370,0,0,60,902,1194,150,3,0
shott,shott.txt,2309,2,6,3.624946,8370,0,0,57,936,1137,174,5,0
ubacs,ubacs.txt,2309,2,6,3.624946,8370,0,0,52,894,1233,128,2,0
wound,wound.txt,2309,1,6,3.624946,8370,1,1,57,905,1194,148,4,0
yaups,yaups.txt,2309,2,6,3.624946,8370,0,0,48,911,1211,137,2,0
argan,argan.txt,2309,2,6,3.625379,8371,0,0,62,902,1189,151,5,0
bhuna,bhuna.txt,2309,2,6,3.625379,8371,0,0,56,926,1159,163,5,0
buhrs,buhrs.txt,2309,2,6,3.625379,8371,0,0,58,905,1197,142,7,0
cuifs,cuifs.txt,2309,2,6,3.625379,8371,0,0,59,903,1195,148,4,0
ephod,ephod.txt,2309,2,6,3.625379,8371,0,0,46,931,1176,154,2,0
freed,freed.txt,2309,1,6,3.625379,8371,1,1,55,911,1187,151,4,0
incog,incog.txt,2309,2,6,3.625379,8371,0,0,58,887,1229,132,3,0
mutha,mutha.txt,2309,2,6,3.625379,8371,0,0,64,914,1157,171,3,0
palls,palls.txt,2309,2,6,3.625379,8371,0,0,50,919,1192,142,6,0
parrs,parrs.txt,2309,2,6,3.625379,8371,0,0,53,892,1232,131,1,0
pavid,pavid.txt,2309,2,6,3.625379,8371,0,0,61,900,1195,149,4,0
petit,petit.txt,2309,2,6,3.625379,8371,0,0,65,905,1172,164,3,0
renew,renew.txt,2309,1,6,3.625379,8371,1,1,47,927,1180,149,5,0
spoor,spoor.txt,2309,2,6,3.625379,8371,0,0,59,898,1204,145,3,0
sturt,sturt.txt,2309,2,6,3.625379,8371,0,0,50,945,1140,168,6,0
sumph,sumph.txt,2309,2,6,3.625379,8371,0,0,60,923,1153,168,5,0
toted,toted.txt,2309,2,6,3.625379,8371,0,0,54,912,1190,151,2,0
ungod,ungod.txt,2309,2,6,3.625379,8371,0,0,55,922,1172,153,7,0
witch,witch.txt,2309,1,6,3.625379,8371,1,1,55,924,1161,164,4,0
bevan,bevan.txt,2309,2,6,3.625812,8372,0,0,60,909,1177,161,2,0
bigly,bigly.txt,2309,2,6,3.625812,8372,0,0,63,886,1215,142,3,0
bothy,bothy.txt,2309,2,6,3.625812,8372,0,0,55,906,1201,142,5,0
bowes,bowes.txt,2309,2,6,3.625812,8372,0,0,47,904,1226,130,2,0
charr,charr.txt,2309,2,6,3.625812,8372,0,0,50,926,1175,154,4,0
divna,divna.txt,2309,2,6,3.625812,8372,0,0,67,891,1197,147,7,0
fauch,fauch.txt,2309,2,6,3.625812,8372,0,0,54,916,1184,150,5,0
flype,flype.txt,2309,2,6,3.625812,8372,0,0,46,898,1242,120,3,0
gnarr,gnarr.txt,2309,2,6,3.625812,8372,0,0,41,916,1221,128,3,0
howes,howes.txt,2309,2,6,3.625812,8372,0,0,51,926,1171,158,3,0
kinda,kinda.txt,2309,2,6,3.625812,8372,0,0,52,917,1188,147,5,0
knurs,knurs.txt,2309,2,6,3.625812,8372,0,0,45,926,1191,142,5,0
leeps,leeps.txt,2309,2,6,3.625812,8372,0,0,58,900,1201,148,2,0
maiks,maiks.txt,2309,2,6,3.625812,8372,0,0,46,933,1177,145,8,0
meows,meows.txt,2309,2,6,3.625812,8372,0,0,44,907,1231,123,4,0
nighs,nighs.txt,2309,2,6,3.625812,8372,0,0,46,914,1212,132,5,0
obang,obang.txt,2309,2,6,3.625812,8372,0,0,51,907,1210,137,4,0
ohing,ohing.txt,2309,2,6,3.625812,8372,0,0,53,914,1188,152,2,0
omdas,omdas.txt,2309,2,5,3.625812,8372,0,0,52,900,1217,140,0,0
renin,renin.txt,2309,2,6,3.625812,8372,0,0,51,927,1171,155,5,0
roosa,roosa.txt,2309,2,6,3.625812,8372,0,0,49,935,1163,155,7,0
saics,saics.txt,2309,2,6,3.625812,8372,0,0,43,948,1153,160,5,0
small,small.txt,2309,1,6,3.625812,8372,1,1,47,917,1201,136,7,0
swamp,swamp.txt,2309,1,6,3.625812,8372,1,1,53,906,1203,141,5,0
terza,terza.txt,2309,2,6,3.625812,8372,0,0,51,922,1181,150,5,0
updos,updos.txt,2309,2,6,3.625812,8372,0,0,45,924,1195,140,5,0
vapes,vapes.txt,2309,2,5,3.625812,8372,0,0,48,910,1209,142,0,0
whets,whets.txt,2309,2,6,3.625812,8372,0,0,61,924,1149,168,7,0
winch,winch.txt,2309,1,6,3.625812,8372,1,1,56,907,1192,148,5,0
allis,allis.txt,2309,2,6,3.626245,8373,0,0,45,942,1159,157,6,0
boost,boost.txt,2309,1,6,3.626245,8373,1,1,58,896,1206,144,4,0
calpa,calpa.txt,2309,2,6,3.626245,8373,0,0,54,912,1188,153,2,0
chyme,chyme.txt,2309,2,6,3.626245,8373,0,0,42,939,1172,152,4,0
cooed,cooed.txt,2309,2,6,3.626245,8373,0,0,49,927,1173,158,2,0
diana,diana.txt,2309,2,6,3.626245,8373,0,0,52,924,1172,157,4,0
etens,etens.txt,2309,2,6,3.626245,8373,0,0,52,920,1183,147,7,0
flack,flack.txt,2309,1,6,3.626245,8373,1,1,61,888,1210,148,1,0
flimp,flimp.txt,2309,2,6,3.626245,8373,0,0,52,895,1229,130,3,0
funsy,funsy.txt,2309,2,6,3.626245,8373,0,0,51,914,1196,143,5,0
grubs,grubs.txt,2309,2,5,3.626245,8373,0,0,59,895,1205,150,0,0
hiked,hiked.txt,2309,2,6,3.626245,8373,0,0,39,936,1187,143,4,0
khirs,khirs.txt,2309,2,6,3.626245,8373,0,0,48,934,1164,159,4,0
lakhs,lakhs.txt,2309,2,6,3.626245,8373,0,0,43,927,1196,136,7,0
lotos,lotos.txt,2309,2,6,3.626245,8373,0,0,58,902,1196,151,2,0
senvy,senvy.txt,2309,2,6,3.626245,8373,0,0,58,905,1192,150,4,0
sexor,sexor.txt,2309,2,6,3.626245,8373,0,0,42,917,1216,130,4,0
werfs,werfs.txt,2309,2,6,3.626245,8373,0,0,53,894,1229,129,4,0
yauds,yauds.txt,2309,2,6,3.626245,8373,0,0,47,901,1234,122,5,0
yogin,yogin.txt,2309,2,6,3.626245,8373,0,0,49,923,1185,146,6,0
ambos,ambos.txt,2309,2,6,3.626678,8374,0,0,60,881,1235,127,6,0
asset,asset.txt,2309,1,6,3.626678,8374,1,1,41,931,1187,144,5,0
beted,beted.txt,2309,2,6,3.626678,8374,0,0,54,912,1189,150,4,0
bimah,bimah.txt,2309,2,6,3.626678,8374,0,0,51,934,1156,162,6,0
breme,breme.txt,2309,2,6,3.626678,8374,0,0,52,920,1178,156,3,0
brusk,brusk.txt,2309,2,6,3.626678,8374,0,0,52,911,1197,145,4,0
coots,coots.txt,2309,2,6,3.626678,8374,0,0,54,919,1176,155,5,0
dorje,dorje.txt,2309,2,6,3.626678,8374,0,0,47,921,1193,143,5,0
dying,dying.txt,2309,1,6,3.626678,8374,1,1,59,906,1181,159,3,0
fakir,fakir.txt,2309,2,6,3.626678,8374,0,0,56,889,1232,125,7,0
frock,frock.txt,2309,1,6,3.626678,8374,1,1,47,907,1215,136,3,0
grouf,grouf.txt,2309,2,6,3.626678,8374,0,0,63,896,1196,148,6,0
gurdy,gurdy.txt,2309,2,6,3.626678,8374,0,0,60,903,1192,147,7,0
kapur,kapur.txt,2309,2,6,3.626678,8374,0,0,51,904,1215,134,5,0
kinds,kinds.txt,2309,2,6,3.626678,8374,0,0,43,913,1217,135,1,0
kugel,kugel.txt,2309,2,6,3.626678,8374,0,0,50,927,1170,159,3,0
lauan,lauan.txt,2309,2,6,3.626678,8374,0,0,50,941,1147,163,8,0
murgh,murgh.txt,2309,2,6,3.626678,8374,0,0,57,910,1185,152,5,0
oktas,oktas.txt,2309,2,6,3.626678,8374,0,0,32,947,1185,141,4,0
ovule,ovule.txt,2309,2,6,3.626678,8374,0,0,52,922,1174,158,3,0
sedge,sedge.txt,2309,2,6,3.626678,8374,0,0,53,906,1207,136,7,0
swami,swami.txt,2309,1,6,3.626678,8374,1,1,48,914,1199,143,4,0
vrous,vrous.txt,2309,2,6,3.626678,8374,0,0,49,913,1200,145,2,0
wecht,wecht.txt,2309,2,6,3.626678,8374,0,0,51,910,1202,142,4,0
bitou,bitou.txt,2309,2,6,3.627111,8375,0,0,56,910,1188,149,6,0
brews,brews.txt,2309,2,6,3.627111,8375,0,0,42,910,1227,127,3,0
cells,cells.txt,2309,2,6,3.627111,8375,0,0,50,913,1195,150,1,0
conto,conto.txt,2309,2,6,3.627111,8375,0,0,61,892,1206,147,3,0
faver,faver.txt,2309,2,6,3.627111,8375,0,0,60,883,1226,138,2,0
gemel,gemel.txt,2309,2,6,3.627111,8375,0,0,49,917,1194,144,5,0
habus,habus.txt,2309,2,6,3.627111,8375,0,0,50,926,1174,153,6,0
hemps,hemps.txt,2309,2,6,3.627111,8375,0,0,47,917,1202,136,7,0
karee,karee.txt,2309,2,6,3.627111,8375,0,0,47,923,1188,146,5,0
mashy,mashy.txt,2309,2,6,3.627111,8375,0,0,51,916,1189,149,4,0
mowra,mowra.txt,2309,2,6,3.627111,8375,0,0,60,900,1192,155,2,0
pikul,pikul.txt,2309,2,6,3.627111,8375,0,0,48,924,1184,147,6,0
rahui,rahui.txt,2309,2,6,3.627111,8375,0,0,45,932,1175,153,4,0
satai,satai.txt,2309,2,6,3.627111,8375,0,0,46,931,1173,156,3,0
shirr,shirr.txt,2309,2,6,3.627111,8375,0,0,40,951,1153,160,5,0
tetri,tetri.txt,2309,2,6,3.627111,8375,0,0,57,913,1177,158,4,0
thick,thick.txt,2309,1,6,3.627111,8375,1,1,53,911,1188,153,3,0
thunk,thunk.txt,2309,2,6,3.627111,8375,0,0,56,910,1187,151,5,0
vimen,vimen.txt,2309,2,6,3.627111,8375,0,0,58,904,1192,151,4,0
visto,visto.txt,2309,2,6,3.627111,8375,0,0,54,900,1213,137,5,0
vomit,vomit.txt,2309,1,6,3.627111,8375,1,1,58,899,1198,149,4,0
bakes,bakes.txt,2309,2,6,3.627544,8376,0,0,46,899,1236,125,3,0
bonum,bonum.txt,2309,2,6,3.627544,8376,0,0,61,888,1216,138,6,0
casky,casky.txt,2309,2,6,3.627544,8376,0,0,41,921,1209,133,5,0
donne,donne.txt,2309,2,6,3.627544,8376,0,0,52,926,1165,162,4,0
emote,emote.txt,2309,2,6,3.627544,8376,0,0,48,919,1191,147,4,0
fiver,fiver.txt,2309,2,6,3.627544,8376,0,0,61,898,1195,150,5,0
gleby,gleby.txt,2309,2,6,3.627544,8376,0,0,55,890,1228,132,4,0
gulab,gulab.txt,2309,2,6,3.627544,8376,0,0,60,899,1194,153,3,0
hydra,hydra.txt,2309,2,6,3.627544,8376,0,0,46,943,1152,161,7,0
laxer,laxer.txt,2309,2,6,3.627544,8376,0,0,53,896,1221,136,3,0
malar,malar.txt,2309,2,6,3.627544,8376,0,0,60,911,1173,159,6,0
matra,matra.txt,2309,2,6,3.627544,8376,0,0,65,893,1193,153,5,0
meets,meets.txt,2309,2,6,3.627544,8376,0,0,51,912,1198,142,6,0
mokes,mokes.txt,2309,2,6,3.627544,8376,0,0,44,937,1171,149,8,0
necks,necks.txt,2309,2,6,3.627544,8376,0,0,39,918,1219,130,3,0
oumas,oumas.txt,2309,2,6,3.627544,8376,0,0,55,905,1196,151,2,0
robot,robot.txt,2309,1,6,3.627544,8376,1,1,65,892,1192,153,6,0
sains,sains.txt,2309,2,6,3.627544,8376,0,0,44,945,1157,153,10,0
scowp,scowp.txt,2309,2,6,3.627544,8376,0,0,51,890,1238,128,2,0
sizer,sizer.txt,2309,2,6,3.627544,8376,0,0,46,933,1169,157,4,0
soars,soars.txt,2309,2,6,3.627544,8376,0,0,49,939,1151,163,7,0
spunk,spunk.txt,2309,1,6,3.627544,8376,1,1,57,907,1185,154,5,0
syver,syver.txt,2309,2,6,3.627544,8376,0,0,48,896,1238,122,5,0
taxol,taxol.txt,2309,2,6,3.627544,8376,0,0,57,907,1189,151,5,0
tenon,tenon.txt,2309,2,6,3.627544,8376,0,0,46,922,1192,144,5,0
theow,theow.txt,2309,2,6,3.627544,8376,0,0,57,913,1176,159,4,0
unsee,unsee.txt,2309,2,6,3.627544,8376,0,0,54,914,1184,152,5,0
vadge,vadge.txt,2309,2,6,3.627544,8376,0,0,57,889,1225,133,5,0
yawns,yawns.txt,2309,2,6,3.627544,8376,0,0,40,925,1204,135,5,0
cloop,cloop.txt,2309,2,6,3.627977,8377,0,0,46,914,1205,141,3,0
favel,favel.txt,2309,2,6,3.627977,8377,0,0,59,877,1238,134,1,0
fugie,fugie.txt,2309,2,6,3.627977,8377,0,0,61,896,1196,153,3,0
goave,goave.txt,2309,2,6,3.627977,8377,0,0,58,909,1180,158,4,0
kluge,kluge.txt,2309,2,6,3.627977,8377,0,0,49,909,1207,140,4,0
magus,magus.txt,2309,2,6,3.627977,8377,0,0,54,904,1204,141,6,0
mikes,mikes.txt,2309,2,6,3.627977,8377,0,0,46,928,1179,151,5,0
nimbs,nimbs.txt,2309,2,6,3.627977,8377,0,0,40,909,1233,124,3,0
niner,niner.txt,2309,2,6,3.627977,8377,0,0,53,920,1173,159,4,0
novas,novas.txt,2309,2,6,3.627977,8377,0,0,63,887,1208,148,3,0
oasal,oasal.txt,2309,2,6,3.627977,8377,0,0,47,944,1146,165,7,0
paans,paans.txt,2309,2,6,3.627977,8377,0,0,58,908,1187,147,9,0
powis,powis.txt,2309,2,6,3.627977,8377,0,0,44,940,1160,161,4,0
proso,proso.txt,2309,2,6,3.627977,8377,0,0,49,916,1193,147,4,0
pungo,pungo.txt,2309,2,6,3.627977,8377,0,0,52,917,1183,152,5,0
rases,rases.txt,2309,2,6,3.627977,8377,0,0,47,919,1192,148,3,0
stans,stans.txt,2309,2,6,3.627977,8377,0,0,39,932,1191,143,4,0
stars,stars.txt,2309,2,6,3.627977,8377,0,0,37,928,1204,137,3,0
stopt,stopt.txt,2309,2,6,3.627977,8377,0,0,51,911,1195,150,2,0
strut,strut.txt,2309,1,6,3.627977,8377,1,1,59,914,1166,162,7,0
swank,swank.txt,2309,2,6,3.627977,8377,0,0,57,905,1190,154,3,0
sweel,sweel.txt,2309,2,6,3.627977,8377,0,0,56,902,1201,145,5,0
unbid,unbid.txt,2309,2,6,3.627977,8377,0,0,61,886,1216,143,3,0
vegan,vegan.txt,2309,1,6,3.627977,8377,1,1,70,886,1187,160,5,0
weise,weise.txt,2309,2,6,3.627977,8377,0,0,55,918,1173,157,6,0
argal,argal.txt,2309,2,6,3.628411,8378,0,0,58,888,1223,134,6,0
audio,audio.txt,2309,1,6,3.628411,8378,1,1,52,944,1123,185,4,0
cello,cello.txt,2309,1,6,3.628411,8378,1,1,47,929,1170,156,6,0
coopt,coopt.txt,2309,2,6,3.628411,8378,0,0,50,913,1198,141,7,0
cowps,cowps.txt,2309,2,6,3.628411,8378,0,0,47,898,1231,132,1,0
endow,endow.txt,2309,1,6,3.628411,8378,1,1,48,918,1189,147,6,0
gowan,gowan.txt,2309,2,6,3.628411,8378,0,0,54,916,1177,158,4,0
guids,guids.txt,2309,2,6,3.628411,8378,0,0,54,910,1192,146,7,0
kaing,kaing.txt,2309,2,6,3.628411,8378,0,0,44,933,1174,153,5,0
kangs,kangs.txt,2309,2,6,3.628411,8378,0,0,37,921,1219,127,5,0
korai,korai.txt,2309,2,6,3.628411,8378,0,0,42,934,1180,146,7,0
krays,krays.txt,2309,2,6,3.628411,8378,0,0,38,933,1193,139,6,0
minks,minks.txt,2309,2,6,3.628411,8378,0,0,49,904,1216,136,4,0
myoid,myoid.txt,2309,2,6,3.628411,8378,0,0,55,897,1210,145,2,0
orlon,orlon.txt,2309,2,6,3.628411,8378,0,0,44,915,1210,135,5,0
patas,patas.txt,2309,2,6,3.628411,8378,0,0,54,886,1238,126,5,0
rafik,rafik.txt,2309,2,6,3.628411,8378,0,0,50,899,1225,129,6,0
rubai,rubai.txt,2309,2,6,3.628411,8378,0,0,59,893,1206,149,2,0
saros,saros.txt,2309,2,6,3.628411,8378,0,0,50,933,1158,161,7,0
subha,subha.txt,2309,2,6,3.628411,8378,0,0,51,928,1165,158,7,0
tanto,tanto.txt,2309,2,6,3.628411,8378,0,0,60,909,1173,163,4,0
turrs,turrs.txt,2309,2,6,3.628411,8378,0,0,53,915,1183,153,5,0
vasty,vasty.txt,2309,2,6,3.628411,8378,0,0,48,895,1234,131,1,0
whins,whins.txt,2309,2,6,3.628411,8378,0,0,63,890,1202,150,4,0
bludy,bludy.txt,2309,2,6,3.628844,8379,0,0,59,896,1202,147,5,0
budos,budos.txt,2309,2,6,3.628844,8379,0,0,52,907,1201,144,5,0
creek,creek.txt,2309,1,6,3.628844,8379,1,1,45,934,1166,156,7,0
cruor,cruor.txt,2309,2,6,3.628844,8379,0,0,51,923,1175,152,8,0
deify,deify.txt,2309,2,6,3.628844,8379,0,0,53,895,1224,130,7,0
flees,flees.txt,2309,2,6,3.628844,8379,0,0,55,903,1200,146,5,0
fugal,fugal.txt,2309,2,6,3.628844,8379,0,0,59,898,1195,155,2,0
globi,globi.txt,2309,2,6,3.628844,8379,0,0,48,926,1176,153,6,0
hokes,hokes.txt,2309,2,6,3.628844,8379,0,0,47,933,1163,162,4,0
kafir,kafir.txt,2309,2,6,3.628844,8379,0,0,56,882,1241,123,7,0
kalif,kalif.txt,2309,2,6,3.628844,8379,0,0,52,890,1237,123,7,0
kerel,kerel.txt,2309,2,6,3.628844,8379,0,0,48,928,1173,153,7,0
maror,maror.txt,2309,2,6,3.628844,8379,0,0,71,883,1192,158,5,0
mysid,mysid.txt,2309,2,6,3.628844,8379,0,0,48,901,1223,134,3,0
privy,privy.txt,2309,1,6,3.628844,8379,1,1,42,918,1204,140,4,0
pulks,pulks.txt,2309,2,6,3.628844,8379,0,0,57,895,1210,142,5,0
swarf,swarf.txt,2309,2,6,3.628844,8379,0,0,57,892,1215,141,4,0
tzars,tzars.txt,2309,2,6,3.628844,8379,0,0,35,930,1205,135,4,0
wyles,wyles.txt,2309,2,6,3.628844,8379,0,0,46,909,1211,142,1,0
yupon,yupon.txt,2309,2,6,3.628844,8379,0,0,42,937,1172,152,6,0
baked,baked.txt,2309,2,6,3.629277,8380,0,0,48,900,1223,136,2,0
deawy,deawy.txt,2309,2,6,3.629277,8380,0,0,51,885,1247,121,5,0
dough,dough.txt,2309,1,6,3.629277,8380,1,1,51,918,1178,155,6,0
gnaws,gnaws.txt,2309,2,6,3.629277,8380,0,0,51,899,1218,137,4,0
hyleg,hyleg.txt,2309,2,6,3.629277,8380,0,0,46,913,1203,145,2,0
iambs,iambs.txt,2309,2,6,3.629277,8380,0,0,53,899,1212,141,4,0
ketch,ketch.txt,2309,2,6,3.629277,8380,0,0,42,909,1225,129,4,0
lanai,lanai.txt,2309,2,6,3.629277,8380,0,0,56,905,1193,149,6,0
moose,moose.txt,2309,1,6,3.629277,8380,1,1,46,916,1195,147,4,0
odahs,odahs.txt,2309,2,6,3.629277,8380,0,0,40,913,1222,131,3,0
pizer,pizer.txt,2309,2,6,3.629277,8380,0,0,49,917,1187,153,3,0
ranns,ranns.txt,2309,2,6,3.629277,8380,0,0,41,924,1200,138,6,0
ratty,ratty.txt,2309,1,6,3.629277,8380,1,1,58,884,1220,145,1,0
repeg,repeg.txt,2309,2,6,3.629277,8380,0,0,44,917,1205,137,6,0
sines,sines.txt,2309,2,6,3.629277,8380,0,0,45,927,1181,151,5,0
smeik,smeik.txt,2309,2,6,3.629277,8380,0,0,57,905,1192,147,8,0
tupik,tupik.txt,2309,2,6,3.629277,8380,0,0,48,914,1199,142,6,0
tweer,tweer.txt,2309,2,6,3.629277,8380,0,0,69,897,1168,171,4,0
undee,undee.txt,2309,2,6,3.629277,8380,0,0,54,904,1199,148,4,0
varus,varus.txt,2309,2,6,3.629277,8380,0,0,58,878,1237,134,2,0
whelp,whelp.txt,2309,1,6,3.629277,8380,1,1,55,895,1212,140,6,0
yogas,yogas.txt,2309,2,6,3.629277,8380,0,0,55,902,1202,144,6,0
axite,axite.txt,2309,2,6,3.62971,8381,0,0,48,937,1151,168,5,0
budis,budis.txt,2309,2,5,3.62971,8381,0,0,61,893,1195,160,0,0
buhls,buhls.txt,2309,2,6,3.62971,8381,0,0,55,896,1213,139,6,0
dools,dools.txt,2309,2,6,3.62971,8381,0,0,54,903,1199,150,3,0
given,given.txt,2309,1,6,3.62971,8381,1,1,62,877,1224,141,4,0
heame,heame.txt,2309,2,6,3.62971,8381,0,0,47,928,1171,159,4,0
heiau,heiau.txt,2309,2,6,3.62971,8381,0,0,36,951,1160,156,6,0
hinau,hinau.txt,2309,2,6,3.62971,8381,0,0,42,949,1147,164,7,0
ikons,ikons.txt,2309,2,6,3.62971,8381,0,0,34,945,1178,146,6,0
infos,infos.txt,2309,2,6,3.62971,8381,0,0,51,905,1206,142,5,0
kaims,kaims.txt,2309,2,6,3.62971,8381,0,0,48,924,1180,149,8,0
kilty,kilty.txt,2309,2,6,3.62971,8381,0,0,50,904,1208,145,2,0
lovey,lovey.txt,2309,2,6,3.62971,8381,0,0,68,866,1233,137,5,0
nevis,nevis.txt,2309,2,6,3.62971,8381,0,0,64,890,1195,157,3,0
nowds,nowds.txt,2309,2,6,3.62971,8381,0,0,54,887,1230,136,2,0
nukes,nukes.txt,2309,2,6,3.62971,8381,0,0,42,921,1201,140,5,0
porno,porno.txt,2309,2,6,3.62971,8381,0,0,53,909,1193,148,6,0
rager,rager.txt,2309,2,6,3.62971,8381,0,0,54,897,1213,140,5,0
rello,rello.txt,2309,2,6,3.62971,8381,0,0,44,936,1166,157,6,0
snies,snies.txt,2309,2,6,3.62971,8381,0,0,51,923,1171,158,6,0
tways,tways.txt,2309,2,6,3.62971,8381,0,0,47,903,1218,140,1,0
tweel,tweel.txt,2309,2,6,3.62971,8381,0,0,59,903,1186,156,5,0
wigan,wigan.txt,2309,2,6,3.62971,8381,0,0,59,899,1191,158,2,0
yokel,yokel.txt,2309,2,6,3.62971,8381,0,0,35,928,1206,137,3,0
alary,alary.txt,2309,2,6,3.630143,8382,0,0,53,906,1196,150,4,0
asked,asked.txt,2309,2,6,3.630143,8382,0,0,44,912,1212,136,5,0
bleep,bleep.txt,2309,1,6,3.630143,8382,1,1,52,901,1205,146,4,0
dazer,dazer.txt,2309,2,6,3.630143,8382,0,0,46,904,1221,134,4,0
ebank,ebank.txt,2309,2,6,3.630143,8382,0,0,46,920,1187,154,2,0
filum,filum.txt,2309,2,6,3.630143,8382,0,0,55,886,1229,136,3,0
hazle,hazle.txt,2309,2,6,3.630143,8382,0,0,45,922,1189,148,5,0
kelty,kelty.txt,2309,2,6,3.630143,8382,0,0,46,910,1212,134,7,0
kotch,kotch.txt,2309,2,6,3.630143,8382,0,0,48,907,1210,139,5,0
laari,laari.txt,2309,2,6,3.630143,8382,0,0,48,921,1185,147,8,0
linen,linen.txt,2309,1,6,3.630143,8382,1,1,50,926,1162,165,5,0
mynah,mynah.txt,2309,2,6,3.630143,8382,0,0,52,896,1220,136,5,0
oaked,oaked.txt,2309,2,6,3.630143,8382,0,0,41,914,1213,140,1,0
okies,okies.txt,2309,2,6,3.630143,8382,0,0,35,949,1166,153,6,0
ratti,ratti.txt,2309,2,6,3.630143,8382,0,0,51,919,1176,159,4,0
rebar,rebar.txt,2309,1,6,3.630143,8382,1,1,59,892,1203,149,5,0
saman,saman.txt,2309,2,6,3.630143,8382,0,0,56,906,1189,152,6,0
satis,satis.txt,2309,2,6,3.630143,8382,0,0,49,917,1186,153,4,0
seirs,seirs.txt,2309,2,6,3.630143,8382,0,0,47,948,1132,176,6,0
sixer,sixer.txt,2309,2,6,3.630143,8382,0,0,47,923,1180,155,4,0
snots,snots.txt,2309,2,6,3.630143,8382,0,0,36,934,1190,146,3,0
stirs,stirs.txt,2309,2,6,3.630143,8382,0,0,40,939,1169,157,4,0
teems,teems.txt,2309,2,6,3.630143,8382,0,0,51,912,1193,146,7,0
updry,updry.txt,2309,2,6,3.630143,8382,0,0,46,921,1187,151,4,0
wilga,wilga.txt,2309,2,6,3.630143,8382,0,0,54,894,1216,142,3,0
alang,alang.txt,2309,2,6,3.630576,8383,0,0,55,897,1209,142,6,0
aldol,aldol.txt,2309,2,6,3.630576,8383,0,0,53,923,1163,164,6,0
bavin,bavin.txt,2309,2,6,3.630576,8383,0,0,57,904,1189,153,6,0
cokey,cokey.txt,2309,2,6,3.630576,8383,0,0,42,912,1216,135,4,0
doeks,doeks.txt,2309,2,6,3.630576,8383,0,0,37,926,1202,141,3,0
epode,epode.txt,2309,2,6,3.630576,8383,0,0,42,921,1199,142,5,0
gimps,gimps.txt,2309,2,6,3.630576,8383,0,0,47,902,1224,129,7,0
graze,graze.txt,2309,1,6,3.630576,8383,1,1,53,912,1184,150,9,0
imply,imply.txt,2309,1,6,3.630576,8383,1,1,55,876,1243,132,2,0
mavin,mavin.txt,2309,2,6,3.630576,8383,0,0,61,901,1182,160,5,0
perky,perky.txt,2309,1,6,3.630576,8383,1,1,55,900,1196,154,3,0
ramal,ramal.txt,2309,2,6,3.630576,8383,0,0,60,896,1197,149,7,0
rawdy,rawdy.txt,2309,2,6,3.630576,8383,0,0,50,891,1231,136,1,0
regar,regar.txt,2309,2,6,3.630576,8383,0,0,58,898,1200,145,8,0
rosts,rosts.txt,2309,2,6,3.630576,8383,0,0,47,912,1202,143,5,0
shill,shill.txt,2309,2,6,3.630576,8383,0,0,44,941,1154,164,6,0
thana,thana.txt,2309,2,6,3.630576,8383,0,0,52,910,1191,151,5,0
withs,withs.txt,2309,2,6,3.630576,8383,0,0,55,891,1218,142,3,0
arvee,arvee.txt,2309,2,6,3.631009,8384,0,0,53,901,1205,145,5,0
aural,aural.txt,2309,2,6,3.631009,8384,0,0,56,910,1183,150,10,0
calix,calix.txt,2309,2,6,3.631009,8384,0,0,46,917,1192,151,3,0
della,della.txt,2309,2,6,3.631009,8384,0,0,59,886,1213,150,1,0
flung,flung.txt,2309,1,6,3.631009,8384,1,1,54,898,1206,143,7,0
hylic,hylic.txt,2309,2,6,3.631009,8384,0,0,50,905,1206,143,5,0
kutis,kutis.txt,2309,2,6,3.631009,8384,0,0,47,915,1196,145,6,0
pavis,pavis.txt,2309,2,6,3.631009,8384,0,0,55,910,1181,158,5,0
podgy,podgy.txt,2309,2,6,3.631009,8384,0,0,58,882,1224,144,1,0
pubis,pubis.txt,2309,2,6,3.631009,8384,0,0,54,905,1195,149,6,0
raads,raads.txt,2309,2,6,3.631009,8384,0,0,49,907,1204,145,4,0
tanti,tanti.txt,2309,2,6,3.631009,8384,0,0,58,908,1176,162,5,0
thump,thump.txt,2309,1,6,3.631009,8384,1,1,58,868,1249,131,2,0
tsars,tsars.txt,2309,2,6,3.631009,8384,0,0,38,926,1199,142,4,0
width,width.txt,2309,1,6,3.631009,8384,1,1,59,893,1197,156,3,0
yoker,yoker.txt,2309,2,6,3.631009,8384,0,0,33,936,1193,144,3,0
armor,armor.txt,2309,1,6,3.631442,8385,1,1,65,873,1220,145,5,0
bilgy,bilgy.txt,2309,2,6,3.631442,8385,0,0,58,887,1215,146,3,0
boaks,boaks.txt,2309,2,6,3.631442,8385,0,0,58,891,1208,148,4,0
breem,breem.txt,2309,2,6,3.631442,8385,0,0,59,890,1206,151,3,0
criss,criss.txt,2309,2,6,3.631442,8385,0,0,37,939,1175,154,4,0
darky,darky.txt,2309,2,6,3.631442,8385,0,0,49,900,1218,137,5,0
dowly,dowly.txt,2309,2,6,3.631442,8385,0,0,61,889,1203,152,4,0
eikon,eikon.txt,2309,2,6,3.631442,8385,0,0,47,932,1163,159,8,0
flaks,flaks.txt,2309,2,6,3.631442,8385,0,0,61,890,1201,153,4,0
fubar,fubar.txt,2309,2,6,3.631442,8385,0,0,62,883,1211,150,3,0
gonks,gonks.txt,2309,2,6,3.631442,8385,0,0,34,921,1218,134,2,0
gulpy,gulpy.txt,2309,2,6,3.631442,8385,0,0,66,870,1223,149,1,0
hypes,hypes.txt,2309,2,6,3.631442,8385,0,0,56,883,1230,136,4,0
knuts,knuts.txt,2309,2,6,3.631442,8385,0,0,44,915,1207,134,9,0
koban,koban.txt,2309,2,6,3.631442,8385,0,0,57,889,1215,144,4,0
lacky,lacky.txt,2309,2,6,3.631442,8385,0,0,45,899,1229,134,2,0
motet,motet.txt,2309,2,6,3.631442,8385,0,0,55,906,1188,155,5,0
motte,motte.txt,2309,2,6,3.631442,8385,0,0,57,903,1187,158,4,0
oaves,oaves.txt,2309,2,6,3.631442,8385,0,0,55,889,1221,140,4,0
omdah,omdah.txt,2309,2,6,3.631442,8385,0,0,60,894,1199,149,7,0
pikas,pikas.txt,2309,2,6,3.631442,8385,0,0,38,932,1188,145,6,0
posol,posol.txt,2309,2,6,3.631442,8385,0,0,56,889,1218,142,4,0
roses,roses.txt,2309,2,6,3.631442,8385,0,0,47,911,1199,150,2,0
sisal,sisal.txt,2309,2,6,3.631442,8385,0,0,51,930,1155,165,8,0
theme,theme.txt,2309,1,5,3.631442,8385,1,1,50,892,1222,144,0,0
tokay,tokay.txt,2309,2,6,3.631442,8385,0,0,48,911,1198,148,4,0
tutor,tutor.txt,2309,1,6,3.631442,8385,1,1,55,908,1178,164,3,0
verte,verte.txt,2309,2,6,3.631442,8385,0,0,56,906,1182,163,2,0
video,video.txt,2309,1,6,3.631442,8385,1,1,62,888,1202,148,8,0
wayed,wayed.txt,2309,2,6,3.631442,8385,0,0,55,883,1231,138,2,0
barfy,barfy.txt,2309,2,6,3.631875,8386,0,0,56,886,1223,140,4,0
busty,busty.txt,2309,2,6,3.631875,8386,0,0,59,876,1237,130,7,0
chums,chums.txt,2309,2,6,3.631875,8386,0,0,62,900,1179,162,6,0
combi,combi.txt,2309,2,6,3.631875,8386,0,0,53,889,1227,135,5,0
dbags,dbags.txt,2309,2,6,3.631875,8386,0,0,49,893,1227,139,1,0
defer,defer.txt,2309,1,6,3.631875,8386,1,1,49,904,1204,147,4,0
forum,forum.txt,2309,1,6,3.631875,8386,1,1,56,896,1202,147,7,0
glaze,glaze.txt,2309,1,6,3.631875,8386,1,1,54,893,1215,138,8,0
gokes,gokes.txt,2309,2,6,3.631875,8386,0,0,38,927,1198,139,7,0
gypes,gypes.txt,2309,2,6,3.631875,8386,0,0,49,883,1249,125,3,0
inked,inked.txt,2309,2,6,3.631875,8386,0,0,44,913,1203,147,2,0
lurer,lurer.txt,2309,2,6,3.631875,8386,0,0,55,886,1225,140,3,0
obias,obias.txt,2309,2,6,3.631875,8386,0,0,48,919,1183,153,6,0
ogams,ogams.txt,2309,2,6,3.631875,8386,0,0,50,883,1247,125,4,0
overs,overs.txt,2309,2,6,3.631875,8386,0,0,47,911,1201,145,5,0
pools,pools.txt,2309,2,6,3.631875,8386,0,0,50,906,1202,146,5,0
roger,roger.txt,2309,1,6,3.631875,8386,1,1,48,902,1208,149,1,0
stonn,stonn.txt,2309,2,6,3.631875,8386,0,0,40,918,1208,138,5,0
targa,targa.txt,2309,2,6,3.631875,8386,0,0,53,915,1173,165,3,0
thuya,thuya.txt,2309,2,6,3.631875,8386,0,0,47,929,1167,159,7,0
using,using.txt,2309,1,6,3.631875,8386,1,1,50,902,1208,141,7,0
whens,whens.txt,2309,2,6,3.631875,8386,0,0,60,898,1189,156,6,0
ambry,ambry.txt,2309,2,6,3.632308,8387,0,0,60,870,1241,135,3,0
atria,atria.txt,2309,2,6,3.632308,8387,0,0,59,923,1143,176,8,0
baals,baals.txt,2309,2,6,3.632308,8387,0,0,50,919,1175,160,5,0
burgs,burgs.txt,2309,2,6,3.632308,8387,0,0,67,873,1215,150,4,0
covey,covey.txt,2309,1,6,3.632308,8387,1,1,53,877,1243,133,2,0
dacks,dacks.txt,2309,2,6,3.632308,8387,0,0,35,924,1209,137,4,0
dared,dared.txt,2309,2,6,3.632308,8387,0,0,53,894,1214,145,3,0
fowls,fowls.txt,2309,2,6,3.632308,8387,0,0,48,876,1265,117,3,0
geode,geode.txt,2309,2,6,3.632308,8387,0,0,42,911,1215,136,5,0
haves,haves.txt,2309,2,6,3.632308,8387,0,0,47,902,1215,143,2,0
kuris,kuris.txt,2309,2,6,3.632308,8387,0,0,43,937,1161,162,6,0
movie,movie.txt,2309,1,6,3.632308,8387,1,1,54,916,1165,168,5,0
mungs,mungs.txt,2309,2,6,3.632308,8387,0,0,55,912,1172,167,3,0
myops,myops.txt,2309,2,6,3.632308,8387,0,0,51,903,1206,142,7,0
noeme,noeme.txt,2309,2,6,3.632308,8387,0,0,45,907,1214,138,5,0
raiah,raiah.txt,2309,2,6,3.632308,8387,0,0,50,930,1154,169,6,0
razed,razed.txt,2309,2,6,3.632308,8387,0,0,44,895,1237,132,1,0
refed,refed.txt,2309,2,6,3.632308,8387,0,0,47,903,1215,140,4,0
rheme,rheme.txt,2309,2,6,3.632308,8387,0,0,49,923,1171,160,6,0
ruler,ruler.txt,2309,1,6,3.632308,8387,1,1,53,874,1250,128,3,0
showd,showd.txt,2309,2,6,3.632308,8387,0,0,53,904,1196,151,5,0
snars,snars.txt,2309,2,6,3.632308,8387,0,0,40,941,1159,166,3,0
tabla,tabla.txt,2309,2,6,3.632308,8387,0,0,57,871,1248,130,3,0
vaids,vaids.txt,2309,2,6,3.632308,8387,0,0,56,886,1222,141,4,0
veiny,veiny.txt,2309,2,6,3.632308,8387,0,0,62,883,1212,146,6,0
wrack,wrack.txt,2309,1,6,3.632308,8387,1,1,57,900,1187,160,4,0
yarks,yarks.txt,2309,2,6,3.632308,8387,0,0,40,915,1214,134,6,0
youth,youth.txt,2309,1,6,3.632308,8387,1,1,48,911,1190,157,2,0
awing,awing.txt,2309,2,6,3.632741,8388,0,0,54,906,1190,152,7,0
briar,briar.txt,2309,1,6,3.632741,8388,1,1,50,903,1202,148,5,0
brugh,brugh.txt,2309,2,6,3.632741,8388,0,0,58,890,1206,152,3,0
bydes,bydes.txt,2309,2,6,3.632741,8388,0,0,51,886,1237,130,5,0
damar,damar.txt,2309,2,6,3.632741,8388,0,0,57,890,1209,150,3,0
dowry,dowry.txt,2309,1,6,3.632741,8388,1,1,68,874,1206,155,5,0
flick,flick.txt,2309,1,6,3.632741,8388,1,1,56,880,1230,137,5,0
fritt,fritt.txt,2309,2,6,3.632741,8388,0,0,62,895,1186,161,5,0
hoick,hoick.txt,2309,2,6,3.632741,8388,0,0,45,936,1159,160,9,0
kohls,kohls.txt,2309,2,6,3.632741,8388,0,0,42,909,1217,137,4,0
kyloe,kyloe.txt,2309,2,6,3.632741,8388,0,0,42,913,1208,143,3,0
miked,miked.txt,2309,2,6,3.632741,8388,0,0,48,913,1191,153,4,0
moves,moves.txt,2309,2,6,3.632741,8388,0,0,49,885,1244,127,4,0
oonts,oonts.txt,2309,2,6,3.632741,8388,0,0,48,896,1224,138,3,0
patia,patia.txt,2309,2,6,3.632741,8388,0,0,67,898,1165,174,5,0
poots,poots.txt,2309,2,6,3.632741,8388,0,0,63,878,1214,152,2,0
pukes,pukes.txt,2309,2,6,3.632741,8388,0,0,48,898,1223,134,6,0
savoy,savoy.txt,2309,1,6,3.632741,8388,1,1,53,896,1208,145,6,0
sheep,sheep.txt,2309,1,6,3.632741,8388,1,1,53,923,1153,174,5,0
smock,smock.txt,2309,1,6,3.632741,8388,1,1,42,912,1205,147,2,0
spumy,spumy.txt,2309,2,6,3.632741,8388,0,0,55,880,1236,134,4,0
tacky,tacky.txt,2309,1,6,3.632741,8388,1,1,49,892,1224,141,2,0
tacts,tacts.txt,2309,2,6,3.632741,8388,0,0,45,907,1215,135,7,0
thews,thews.txt,2309,2,6,3.632741,8388,0,0,61,907,1167,167,7,0
wyled,wyled.txt,2309,2,6,3.632741,8388,0,0,57,871,1246,133,2,0
adsum,adsum.txt,2309,2,6,3.633175,8389,0,0,57,877,1239,128,8,0
bonks,bonks.txt,2309,2,6,3.633175,8389,0,0,37,907,1236,124,5,0
gaitt,gaitt.txt,2309,2,6,3.633175,8389,0,0,45,937,1151,172,4,0
hyped,hyped.txt,2309,2,6,3.633175,8389,0,0,56,880,1231,139,3,0
kefir,kefir.txt,2309,2,6,3.633175,8389,0,0,54,892,1216,141,6,0
lotta,lotta.txt,2309,2,6,3.633175,8389,0,0,61,890,1200,151,7,0
naiad,naiad.txt,2309,2,6,3.633175,8389,0,0,48,917,1184,154,6,0
neuks,neuks.txt,2309,2,6,3.633175,8389,0,0,40,934,1174,155,6,0
ottar,ottar.txt,2309,2,6,3.633175,8389,0,0,59,894,1197,153,6,0
otter,otter.txt,2309,1,6,3.633175,8389,1,1,64,874,1214,154,2,0
payee,payee.txt,2309,1,6,3.633175,8389,1,1,41,897,1238,129,3,0
sally,sally.txt,2309,1,6,3.633175,8389,1,1,57,891,1204,151,5,0
salps,salps.txt,2309,2,6,3.633175,8389,0,0,53,911,1181,158,6,0
senas,senas.txt,2309,2,6,3.633175,8389,0,0,41,938,1164,159,7,0
shmek,shmek.txt,2309,2,6,3.633175,8389,0,0,50,914,1184,155,6,0
sycee,sycee.txt,2309,2,6,3.633175,8389,0,0,38,910,1225,133,3,0
talma,talma.txt,2309,2,6,3.633175,8389,0,0,60,869,1240,138,2,0
unpay,unpay.txt,2309,2,6,3.633175,8389,0,0,51,905,1195,156,2,0
vetch,vetch.txt,2309,2,6,3.633175,8389,0,0,42,924,1184,157,2,0
bugan,bugan.txt,2309,2,6,3.633608,8390,0,0,62,887,1200,155,5,0
bundh,bundh.txt,2309,2,6,3.633608,8390,0,0,50,898,1212,146,3,0
canns,canns.txt,2309,2,6,3.633608,8390,0,0,40,916,1206,144,3,0
chavs,chavs.txt,2309,2,6,3.633608,8390,0,0,51,912,1183,158,5,0
dogma,dogma.txt,2309,1,6,3.633608,8390,1,1,57,899,1187,160,5,0
fibro,fibro.txt,2309,2,6,3.633608,8390,0,0,57,890,1209,148,5,0
galea,galea.txt,2309,2,6,3.633608,8390,0,0,59,888,1206,152,4,0
galvo,galvo.txt,2309,2,6,3.633608,8390,0,0,63,880,1208,156,2,0
lozen,lozen.txt,2309,2,6,3.633608,8390,0,0,50,895,1218,143,3,0
nagar,nagar.txt,2309,2,6,3.633608,8390,0,0,67,868,1222,148,4,0
rimer,rimer.txt,2309,2,6,3.633608,8390,0,0,51,911,1185,157,5,0
tally,tally.txt,2309,1,6,3.633608,8390,1,1,59,876,1226,143,4,0
tozie,tozie.txt,2309,2,6,3.633608,8390,0,0,38,925,1195,147,4,0
tucks,tucks.txt,2309,2,6,3.633608,8390,0,0,47,896,1226,136,4,0
twank,twank.txt,2309,2,6,3.633608,8390,0,0,58,864,1254,132,1,0
womas,womas.txt,2309,2,6,3.633608,8390,0,0,45,912,1198,152,2,0
wreak,wreak.txt,2309,1,6,3.633608,8390,1,1,57,886,1212,149,4,0
wrick,wrick.txt,2309,2,6,3.633608,8390,0,0,48,896,1223,138,4,0
yowls,yowls.txt,2309,2,6,3.633608,8390,0,0,43,899,1230,135,2,0
abcee,abcee.txt,2309,2,6,3.634041,8391,0,0,47,894,1229,135,4,0
adhoc,adhoc.txt,2309,2,6,3.634041,8391,0,0,46,899,1222,138,4,0
agast,agast.txt,2309,2,6,3.634041,8391,0,0,48,910,1195,151,5,0
avion,avion.txt,2309,2,6,3.634041,8391,0,0,66,911,1144,178,10,0
bahus,bahus.txt,2309,2,6,3.634041,8391,0,0,56,896,1200,151,6,0
cross,cross.txt,2309,1,6,3.634041,8391,1,1,35,920,1207,144,2,0
douma,douma.txt,2309,2,6,3.634041,8391,0,0,51,930,1149,171,8,0
ensue,ensue.txt,2309,1,6,3.634041,8391,1,1,53,902,1194,152,7,0
funic,funic.txt,2309,2,6,3.634041,8391,0,0,52,888,1229,133,7,0
honor,honor.txt,2309,1,6,3.634041,8391,1,1,55,894,1202,152,5,0
kerbs,kerbs.txt,2309,2,6,3.634041,8391,0,0,43,916,1196,151,3,0
klong,klong.txt,2309,2,6,3.634041,8391,0,0,40,913,1213,138,5,0
lurks,lurks.txt,2309,2,6,3.634041,8391,0,0,53,908,1187,153,8,0
mirvs,mirvs.txt,2309,2,6,3.634041,8391,0,0,55,878,1237,135,4,0
musee,musee.txt,2309,2,6,3.634041,8391,0,0,54,902,1196,149,8,0
musha,musha.txt,2309,2,6,3.634041,8391,0,0,58,906,1175,163,7,0
newly,newly.txt,2309,1,6,3.634041,8391,1,1,49,902,1205,146,6,0
nucha,nucha.txt,2309,2,6,3.634041,8391,0,0,46,913,1196,148,6,0
numps,numps.txt,2309,2,6,3.634041,8391,0,0,43,904,1222,135,5,0
pedes,pedes.txt,2309,2,6,3.634041,8391,0,0,43,903,1225,132,6,0
peely,peely.txt,2309,2,6,3.634041,8391,0,0,60,895,1186,166,2,0
porky,porky.txt,2309,2,6,3.634041,8391,0,0,58,887,1212,146,6,0
ralli,ralli.txt,2309,2,6,3.634041,8391,0,0,46,913,1195,150,5,0
redye,redye.txt,2309,2,6,3.634041,8391,0,0,44,901,1227,130,7,0
satay,satay.txt,2309,2,6,3.634041,8391,0,0,45,911,1200,150,3,0
vapid,vapid.txt,2309,1,6,3.634041,8391,1,1,54,888,1216,146,4,0
zonae,zonae.txt,2309,2,6,3.634041,8391,0,0,43,928,1172,163,3,0
abate,abate.txt,2309,1,6,3.634474,8392,1,1,49,901,1205,148,5,0
allod,allod.txt,2309,2,6,3.634474,8392,0,0,53,917,1166,167,6,0
bemud,bemud.txt,2309,2,5,3.634474,8392,0,0,62,877,1213,157,0,0
braze,braze.txt,2309,2,6,3.634474,8392,0,0,60,882,1214,148,5,0
downy,downy.txt,2309,1,6,3.634474,8392,1,1,65,868,1223,147,5,0
forks,forks.txt,2309,2,6,3.634474,8392,0,0,52,884,1233,136,4,0
hoiks,hoiks.txt,2309,2,6,3.634474,8392,0,0,47,928,1160,170,4,0
iglus,iglus.txt,2309,2,6,3.634474,8392,0,0,43,909,1211,141,5,0
kyars,kyars.txt,2309,2,6,3.634474,8392,0,0,36,930,1190,148,5,0
neafe,neafe.txt,2309,2,6,3.634474,8392,0,0,45,916,1190,154,4,0
osmic,osmic.txt,2309,2,6,3.634474,8392,0,0,47,907,1203,147,5,0
pasta,pasta.txt,2309,1,6,3.634474,8392,1,1,58,872,1238,133,7,0
pinko,pinko.txt,2309,2,6,3.634474,8392,0,0,56,900,1190,158,5,0
pooed,pooed.txt,2309,2,6,3.634474,8392,0,0,47,901,1213,145,3,0
rerun,rerun.txt,2309,1,6,3.634474,8392,1,1,56,899,1184,168,1,0
rosco,rosco.txt,2309,2,6,3.634474,8392,0,0,48,902,1210,144,5,0
ruder,ruder.txt,2309,1,6,3.634474,8392,1,1,62,884,1198,161,3,0
sewen,sewen.txt,2309,2,6,3.634474,8392,0,0,56,898,1193,158,4,0
shawm,shawm.txt,2309,2,6,3.634474,8392,0,0,55,892,1207,152,3,0
sites,sites.txt,2309,2,6,3.634474,8392,0,0,44,928,1170,162,5,0
solas,solas.txt,2309,2,6,3.634474,8392,0,0,52,916,1174,158,9,0
tasto,tasto.txt,2309,2,6,3.634474,8392,0,0,61,890,1195,158,5,0
baiks,baiks.txt,2309,2,6,3.634907,8393,0,0,45,899,1224,136,5,0
beets,beets.txt,2309,2,6,3.634907,8393,0,0,50,908,1190,157,4,0
boink,boink.txt,2309,2,6,3.634907,8393,0,0,52,903,1195,154,5,0
carry,carry.txt,2309,1,6,3.634907,8393,1,1,59,880,1213,154,2,0
cecal,cecal.txt,2309,2,6,3.634907,8393,0,0,49,925,1160,170,5,0
dorrs,dorrs.txt,2309,2,6,3.634907,8393,0,0,46,917,1185,156,5,0
fetes,fetes.txt,2309,2,6,3.634907,8393,0,0,53,875,1245,134,2,0
frore,frore.txt,2309,2,6,3.634907,8393,0,0,54,884,1228,137,6,0
grebe,grebe.txt,2309,2,6,3.634907,8393,0,0,51,891,1219,146,2,0
hoked,hoked.txt,2309,2,6,3.634907,8393,0,0,43,905,1214,146,1,0
hymen,hymen.txt,2309,1,6,3.634907,8393,1,1,50,898,1207,148,5,0
kamis,kamis.txt,2309,2,6,3.634907,8393,0,0,42,925,1184,150,8,0
knops,knops.txt,2309,2,6,3.634907,8393,0,0,42,912,1210,137,8,0
limby,limby.txt,2309,2,6,3.634907,8393,0,0,51,884,1232,141,1,0
lycee,lycee.txt,2309,2,6,3.634907,8393,0,0,52,892,1215,147,3,0
monks,monks.txt,2309,2,6,3.634907,8393,0,0,39,907,1224,136,3,0
nisse,nisse.txt,2309,2,6,3.634907,8393,0,0,45,928,1165,167,4,0
rakee,rakee.txt,2309,2,6,3.634907,8393,0,0,37,928,1190,149,5,0
raxed,raxed.txt,2309,2,6,3.634907,8393,0,0,43,897,1231,136,2,0
rills,rills.txt,2309,2,6,3.634907,8393,0,0,42,910,1209,145,3,0
senna,senna.txt,2309,2,6,3.634907,8393,0,0,50,914,1180,159,6,0
slily,slily.txt,2309,2,6,3.634907,8393,0,0,45,908,1206,145,5,0
smoot,smoot.txt,2309,2,6,3.634907,8393,0,0,54,897,1200,154,4,0
stunt,stunt.txt,2309,1,6,3.634907,8393,1,1,52,895,1207,149,5,0
surra,surra.txt,2309,2,6,3.634907,8393,0,0,53,903,1191,158,4,0
uncoy,uncoy.txt,2309,2,6,3.634907,8393,0,0,46,899,1221,138,5,0
unwit,unwit.txt,2309,2,6,3.634907,8393,0,0,48,898,1216,143,4,0
aguey,aguey.txt,2309,2,6,3.63534,8394,0,0,52,903,1193,157,4,0
cinct,cinct.txt,2309,2,6,3.63534,8394,0,0,45,920,1181,158,5,0
daled,daled.txt,2309,2,6,3.63534,8394,0,0,56,875,1237,137,4,0
degum,degum.txt,2309,2,6,3.63534,8394,0,0,59,881,1220,141,8,0
fakie,fakie.txt,2309,2,6,3.63534,8394,0,0,50,907,1195,149,8,0
frier,frier.txt,2309,2,6,3.63534,8394,0,0,57,896,1192,160,4,0
funds,funds.txt,2309,2,6,3.63534,8394,0,0,48,886,1237,136,2,0
jarls,jarls.txt,2309,2,6,3.63534,8394,0,0,37,902,1237,132,1,0
kyats,kyats.txt,2309,2,6,3.63534,8394,0,0,32,902,1254,118,3,0
lasts,lasts.txt,2309,2,6,3.63534,8394,0,0,48,897,1222,133,9,0
nonce,nonce.txt,2309,2,6,3.63534,8394,0,0,45,915,1195,145,9,0
nuked,nuked.txt,2309,2,6,3.63534,8394,0,0,43,914,1198,150,4,0
olona,olona.txt,2309,2,6,3.63534,8394,0,0,52,907,1187,157,6,0
paisa,paisa.txt,2309,2,6,3.63534,8394,0,0,54,918,1163,164,10,0
peghs,peghs.txt,2309,2,6,3.63534,8394,0,0,47,893,1226,141,2,0
pills,pills.txt,2309,2,6,3.63534,8394,0,0,47,919,1175,165,3,0
prora,prora.txt,2309,2,6,3.63534,8394,0,0,55,894,1203,152,5,0
pulka,pulka.txt,2309,2,6,3.63534,8394,0,0,57,904,1179,162,7,0
sasin,sasin.txt,2309,2,6,3.63534,8394,0,0,49,921,1171,159,9,0
sizar,sizar.txt,2309,2,6,3.63534,8394,0,0,42,916,1199,146,6,0
slaps,slaps.txt,2309,2,6,3.63534,8394,0,0,51,903,1197,153,5,0
smirr,smirr.txt,2309,2,6,3.63534,8394,0,0,44,898,1226,138,3,0
tsked,tsked.txt,2309,2,6,3.63534,8394,0,0,42,883,1263,117,4,0
urare,urare.txt,2309,2,6,3.63534,8394,0,0,46,924,1173,158,8,0
velds,velds.txt,2309,2,6,3.63534,8394,0,0,53,891,1213,149,3,0
vends,vends.txt,2309,2,6,3.63534,8394,0,0,52,897,1203,155,2,0
vigor,vigor.txt,2309,1,6,3.63534,8394,1,1,64,866,1227,147,4,0
wafts,wafts.txt,2309,2,6,3.63534,8394,0,0,49,875,1256,127,2,0
waker,waker.txt,2309,2,6,3.63534,8394,0,0,45,891,1237,133,3,0
welkt,welkt.txt,2309,2,6,3.63534,8394,0,0,50,901,1202,153,3,0
wordy,wordy.txt,2309,1,6,3.63534,8394,1,1,60,877,1217,150,4,0
agrum,agrum.txt,2309,2,6,3.635773,8395,0,0,58,885,1210,152,4,0
aiyoh,aiyoh.txt,2309,2,6,3.635773,8395,0,0,44,927,1169,164,5,0
biked,biked.txt,2309,2,6,3.635773,8395,0,0,44,911,1198,154,2,0
botte,botte.txt,2309,2,6,3.635773,8395,0,0,62,868,1229,149,1,0
cabal,cabal.txt,2309,1,6,3.635773,8395,1,1,53,893,1208,147,7,0
devis,devis.txt,2309,2,6,3.635773,8395,0,0,55,894,1203,151,6,0
egmas,egmas.txt,2309,2,6,3.635773,8395,0,0,50,900,1205,149,5,0
eyrie,eyrie.txt,2309,2,6,3.635773,8395,0,0,42,907,1215,140,5,0
flaws,flaws.txt,2309,2,6,3.635773,8395,0,0,52,889,1218,148,2,0
haufs,haufs.txt,2309,2,6,3.635773,8395,0,0,49,906,1197,151,6,0
moruk,moruk.txt,2309,2,6,3.635773,8395,0,0,47,906,1210,133,13,0
mtepe,mtepe.txt,2309,2,6,3.635773,8395,0,0,48,898,1215,143,5,0
neski,neski.txt,2309,2,6,3.635773,8395,0,0,49,906,1197,151,6,0
nivas,nivas.txt,2309,2,6,3.635773,8395,0,0,60,878,1217,151,3,0
oshac,oshac.txt,2309,2,6,3.635773,8395,0,0,45,905,1209,146,4,0
peery,peery.txt,2309,2,6,3.635773,8395,0,0,57,919,1147,180,6,0
peyse,peyse.txt,2309,2,6,3.635773,8395,0,0,49,901,1210,140,9,0
pirrs,pirrs.txt,2309,2,6,3.635773,8395,0,0,46,916,1187,153,7,0
pungy,pungy.txt,2309,2,6,3.635773,8395,0,0,54,891,1208,154,2,0
razes,razes.txt,2309,2,6,3.635773,8395,0,0,42,908,1211,145,3,0
romer,romer.txt,2309,2,6,3.635773,8395,0,0,54,889,1213,150,3,0
rumpy,rumpy.txt,2309,2,6,3.635773,8395,0,0,57,871,1240,138,3,0
sheva,sheva.txt,2309,2,6,3.635773,8395,0,0,50,914,1179,159,7,0
soldo,soldo.txt,2309,2,6,3.635773,8395,0,0,53,893,1208,152,3,0
sulky,sulky.txt,2309,1,6,3.635773,8395,1,1,53,893,1205,153,4,0
sweer,sweer.txt,2309,2,6,3.635773,8395,0,0,67,869,1215,154,4,0
verba,verba.txt,2309,2,6,3.635773,8395,0,0,59,871,1233,144,2,0
zeals,zeals.txt,2309,2,6,3.635773,8395,0,0,43,918,1188,157,3,0
aloos,aloos.txt,2309,2,6,3.636206,8396,0,0,51,913,1176,163,6,0
basal,basal.txt,2309,1,6,3.636206,8396,1,1,51,904,1190,157,6,0
bruck,bruck.txt,2309,2,6,3.636206,8396,0,0,56,890,1205,154,4,0
conex,conex.txt,2309,2,6,3.636206,8396,0,0,48,900,1209,148,4,0
craic,craic.txt,2309,2,6,3.636206,8396,0,0,45,927,1169,159,9,0
dikas,dikas.txt,2309,2,6,3.636206,8396,0,0,37,905,1230,135,2,0
dungy,dungy.txt,2309,2,6,3.636206,8396,0,0,60,889,1197,157,6,0
ether,ether.txt,2309,1,6,3.636206,8396,1,1,60,874,1218,155,1,0
favor,favor.txt,2309,1,6,3.636206,8396,1,1,56,873,1233,144,2,0
flock,flock.txt,2309,1,6,3.636206,8396,1,1,46,891,1228,140,3,0
hansa,hansa.txt,2309,2,6,3.636206,8396,0,0,49,903,1199,155,3,0
hotte,hotte.txt,2309,2,6,3.636206,8396,0,0,63,887,1194,157,8,0
humid,humid.txt,2309,1,6,3.636206,8396,1,1,51,903,1192,156,6,0
kbars,kbars.txt,2309,2,6,3.636206,8396,0,0,49,896,1214,146,4,0
kibla,kibla.txt,2309,2,6,3.636206,8396,0,0,56,891,1203,155,4,0
knife,knife.txt,2309,1,6,3.636206,8396,1,1,54,886,1213,153,2,0
kyles,kyles.txt,2309,2,6,3.636206,8396,0,0,43,898,1226,140,2,0
otium,otium.txt,2309,2,6,3.636206,8396,0,0,54,913,1172,159,11,0
oundy,oundy.txt,2309,2,6,3.636206,8396,0,0,53,901,1195,153,7,0
posse,posse.txt,2309,1,6,3.636206,8396,1,1,47,903,1202,152,4,0
readd,readd.txt,2309,2,6,3.636206,8396,0,0,56,891,1202,157,3,0
sever,sever.txt,2309,1,6,3.636206,8396,1,1,58,887,1201,158,4,0
shaky,shaky.txt,2309,1,6,3.636206,8396,1,1,50,911,1176,168,3,0
sluse,sluse.txt,2309,2,6,3.636206,8396,0,0,58,898,1188,156,9,0
snood,snood.txt,2309,2,6,3.636206,8396,0,0,54,904,1185,160,6,0
soras,soras.txt,2309,2,6,3.636206,8396,0,0,48,923,1167,163,8,0
taxes,taxes.txt,2309,2,6,3.636206,8396,0,0,38,913,1216,135,7,0
wings,wings.txt,2309,2,6,3.636206,8396,0,0,50,893,1217,145,4,0
wolfs,wolfs.txt,2309,2,6,3.636206,8396,0,0,49,869,1268,119,4,0
binks,binks.txt,2309,2,6,3.636639,8397,0,0,43,903,1217,142,4,0
bokes,bokes.txt,2309,2,6,3.636639,8397,0,0,46,905,1205,148,5,0
caman,caman.txt,2309,2,6,3.636639,8397,0,0,58,893,1195,156,7,0
cotts,cotts.txt,2309,2,6,3.636639,8397,0,0,48,902,1205,149,5,0
dauby,dauby.txt,2309,2,6,3.636639,8397,0,0,57,873,1233,144,2,0
deely,deely.txt,2309,2,6,3.636639,8397,0,0,53,898,1197,157,4,0
devos,devos.txt,2309,2,6,3.636639,8397,0,0,48,882,1243,133,3,0
dukes,dukes.txt,2309,2,6,3.636639,8397,0,0,39,906,1223,137,4,0
frows,frows.txt,2309,2,6,3.636639,8397,0,0,47,891,1230,136,5,0
funda,funda.txt,2309,2,6,3.636639,8397,0,0,51,899,1203,150,6,0
gashy,gashy.txt,2309,2,6,3.636639,8397,0,0,49,892,1221,143,4,0
hyoid,hyoid.txt,2309,2,6,3.636639,8397,0,0,48,903,1204,148,6,0
jails,jails.txt,2309,2,6,3.636639,8397,0,0,38,913,1211,144,3,0
kidge,kidge.txt,2309,2,6,3.636639,8397,0,0,46,896,1220,145,2,0
kreen,kreen.txt,2309,2,6,3.636639,8397,0,0,40,932,1173,155,9,0
label,label.txt,2309,1,6,3.636639,8397,1,1,54,894,1197,160,3,0
malas,malas.txt,2309,2,6,3.636639,8397,0,0,49,897,1213,144,6,0
nills,nills.txt,2309,2,6,3.636639,8397,0,0,37,912,1218,137,5,0
nixer,nixer.txt,2309,2,6,3.636639,8397,0,0,50,898,1205,153,3,0
osone,osone.txt,2309,2,6,3.636639,8397,0,0,48,901,1205,152,3,0
rober,rober.txt,2309,2,6,3.636639,8397,0,0,56,878,1226,147,2,0
roded,roded.txt,2309,2,6,3.636639,8397,0,0,54,892,1207,151,5,0
rolls,rolls.txt,2309,2,6,3.636639,8397,0,0,44,908,1204,149,4,0
sensa,sensa.txt,2309,2,6,3.636639,8397,0,0,43,926,1174,159,7,0
swink,swink.txt,2309,2,6,3.636639,8397,0,0,53,891,1212,148,5,0
vlogs,vlogs.txt,2309,2,6,3.636639,8397,0,0,48,886,1236,135,4,0
azine,azine.txt,2309,2,6,3.637072,8398,0,0,49,902,1200,154,4,0
chefs,chefs.txt,2309,2,6,3.637072,8398,0,0,56,885,1213,151,4,0
femic,femic.txt,2309,2,6,3.637072,8398,0,0,55,878,1228,146,2,0
fendy,fendy.txt,2309,2,6,3.637072,8398,0,0,47,895,1221,141,5,0
gaudy,gaudy.txt,2309,1,6,3.637072,8398,1,1,56,890,1200,157,5,0
glowy,glowy.txt,2309,2,6,3.637072,8398,0,0,48,878,1249,132,2,0
hived,hived.txt,2309,2,6,3.637072,8398,0,0,51,895,1206,155,2,0
hoved,hoved.txt,2309,2,5,3.637072,8398,0,0,55,884,1214,156,0,0
kench,kench.txt,2309,2,6,3.637072,8398,0,0,47,939,1133,185,5,0
khets,khets.txt,2309,2,6,3.637072,8398,0,0,48,918,1174,162,7,0
korma,korma.txt,2309,2,6,3.637072,8398,0,0,55,905,1177,167,5,0
lases,lases.txt,2309,2,6,3.637072,8398,0,0,47,910,1191,156,5,0
lolas,lolas.txt,2309,2,6,3.637072,8398,0,0,54,904,1186,156,9,0
mafic,mafic.txt,2309,2,6,3.637072,8398,0,0,51,884,1230,140,4,0
mikan,mikan.txt,2309,2,6,3.637072,8398,0,0,47,909,1195,151,7,0
nabks,nabks.txt,2309,2,6,3.637072,8398,0,0,41,889,1250,125,4,0
pocks,pocks.txt,2309,2,6,3.637072,8398,0,0,50,879,1242,135,3,0
preke,preke.txt,2309,2,6,3.637072,8398,0,0,56,913,1158,177,5,0
raxes,raxes.txt,2309,2,6,3.637072,8398,0,0,44,903,1213,145,4,0
retax,retax.txt,2309,2,6,3.637072,8398,0,0,50,896,1208,152,3,0
sauls,sauls.txt,2309,2,6,3.637072,8398,0,0,49,912,1185,154,9,0
serry,serry.txt,2309,2,6,3.637072,8398,0,0,45,901,1215,143,5,0
shool,shool.txt,2309,2,6,3.637072,8398,0,0,58,893,1193,159,6,0
toses,toses.txt,2309,2,6,3.637072,8398,0,0,42,921,1185,155,6,0
arpas,arpas.txt,2309,2,6,3.637505,8399,0,0,55,874,1235,143,2,0
boked,boked.txt,2309,2,6,3.637505,8399,0,0,43,882,1256,125,3,0
ceroc,ceroc.txt,2309,2,6,3.637505,8399,0,0,50,923,1158,170,8,0
dwams,dwams.txt,2309,2,6,3.637505,8399,0,0,42,904,1215,145,3,0
fanum,fanum.txt,2309,2,6,3.637505,8399,0,0,52,889,1216,148,4,0
ginks,ginks.txt,2309,2,6,3.637505,8399,0,0,43,907,1207,148,4,0
lagar,lagar.txt,2309,2,6,3.637505,8399,0,0,59,884,1204,159,3,0
mugos,mugos.txt,2309,2,6,3.637505,8399,0,0,57,890,1201,155,6,0
newsy,newsy.txt,2309,2,6,3.637505,8399,0,0,48,891,1221,148,1,0
peaky,peaky.txt,2309,2,6,3.637505,8399,0,0,55,885,1217,146,6,0
picks,picks.txt,2309,2,6,3.637505,8399,0,0,43,899,1222,142,3,0
powsy,powsy.txt,2309,2,6,3.637505,8399,0,0,53,892,1207,153,4,0
pubsy,pubsy.txt,2309,2,6,3.637505,8399,0,0,48,902,1204,149,6,0
sauna,sauna.txt,2309,1,6,3.637505,8399,1,1,43,913,1196,147,9,0
schmo,schmo.txt,2309,2,6,3.637505,8399,0,0,45,910,1198,149,7,0
tumpy,tumpy.txt,2309,2,6,3.637505,8399,0,0,58,861,1253,134,3,0
bikes,bikes.txt,2309,2,6,3.637939,8400,0,0,46,908,1194,158,3,0
brill,brill.txt,2309,2,6,3.637939,8400,0,0,46,896,1219,144,4,0
coxae,coxae.txt,2309,2,6,3.637939,8400,0,0,49,909,1184,163,4,0
dozer,dozer.txt,2309,2,6,3.637939,8400,0,0,41,903,1220,141,4,0
feted,feted.txt,2309,2,6,3.637939,8400,0,0,51,883,1228,145,2,0
firks,firks.txt,2309,2,6,3.637939,8400,0,0,48,894,1217,146,4,0
gundi,gundi.txt,2309,2,6,3.637939,8400,0,0,53,892,1206,154,4,0
hoves,hoves.txt,2309,2,6,3.637939,8400,0,0,50,901,1199,153,6,0
jorts,jorts.txt,2309,2,6,3.637939,8400,0,0,41,914,1200,148,6,0
lapas,lapas.txt,2309,2,6,3.637939,8400,0,0,53,899,1195,155,7,0
mingy,mingy.txt,2309,2,6,3.637939,8400,0,0,60,876,1218,150,5,0
mowas,mowas.txt,2309,2,6,3.637939,8400,0,0,41,910,1204,152,2,0
noint,noint.txt,2309,2,6,3.637939,8400,0,0,52,897,1199,157,4,0
nolls,nolls.txt,2309,2,6,3.637939,8400,0,0,39,897,1236,135,2,0
pitot,pitot.txt,2309,2,6,3.637939,8400,0,0,49,914,1176,164,6,0
pryer,pryer.txt,2309,2,6,3.637939,8400,0,0,50,892,1216,146,5,0
puked,puked.txt,2309,2,6,3.637939,8400,0,0,47,888,1230,142,2,0
ratha,ratha.txt,2309,2,6,3.637939,8400,0,0,45,893,1225,145,1,0
revet,revet.txt,2309,2,6,3.637939,8400,0,0,63,883,1194,165,4,0
rucks,rucks.txt,2309,2,6,3.637939,8400,0,0,48,908,1190,158,5,0
segue,segue.txt,2309,1,6,3.637939,8400,1,1,56,890,1201,153,8,0
skene,skene.txt,2309,2,6,3.637939,8400,0,0,40,923,1186,153,7,0
sloom,sloom.txt,2309,2,6,3.637939,8400,0,0,52,902,1188,164,3,0
stewy,stewy.txt,2309,2,6,3.637939,8400,0,0,46,905,1206,143,9,0
thill,thill.txt,2309,2,6,3.637939,8400,0,0,43,921,1179,161,5,0
axone,axone.txt,2309,2,6,3.638372,8401,0,0,52,895,1204,152,6,0
brool,brool.txt,2309,2,6,3.638372,8401,0,0,58,880,1214,153,4,0
cushy,cushy.txt,2309,2,6,3.638372,8401,0,0,48,904,1197,155,5,0
dhaks,dhaks.txt,2309,2,6,3.638372,8401,0,0,40,909,1211,144,5,0
dorky,dorky.txt,2309,2,6,3.638372,8401,0,0,48,883,1240,132,6,0
emule,emule.txt,2309,2,6,3.638372,8401,0,0,59,877,1221,144,8,0
fanks,fanks.txt,2309,2,6,3.638372,8401,0,0,39,897,1238,130,5,0
fawns,fawns.txt,2309,2,6,3.638372,8401,0,0,39,907,1216,144,3,0
flows,flows.txt,2309,2,6,3.638372,8401,0,0,52,866,1261,125,5,0
goose,goose.txt,2309,1,6,3.638372,8401,1,1,46,899,1208,151,4,0
gyrus,gyrus.txt,2309,2,6,3.638372,8401,0,0,50,887,1225,142,5,0
hives,hives.txt,2309,2,6,3.638372,8401,0,0,46,914,1181,165,3,0
janes,janes.txt,2309,2,6,3.638372,8401,0,0,36,907,1224,140,2,0
kente,kente.txt,2309,2,6,3.638372,8401,0,0,43,909,1199,156,2,0
laura,laura.txt,2309,2,6,3.638372,8401,0,0,51,907,1182,164,5,0
makis,makis.txt,2309,2,6,3.638372,8401,0,0,44,912,1196,149,8,0
malky,malky.txt,2309,2,6,3.638372,8401,0,0,55,877,1229,144,4,0
needs,needs.txt,2309,2,6,3.638372,8401,0,0,45,901,1211,148,4,0
nifty,nifty.txt,2309,2,6,3.638372,8401,0,0,60,858,1253,133,5,0
pervy,pervy.txt,2309,2,6,3.638372,8401,0,0,59,875,1220,152,3,0
powny,powny.txt,2309,2,6,3.638372,8401,0,0,58,874,1229,141,7,0
rondo,rondo.txt,2309,2,6,3.638372,8401,0,0,59,880,1214,149,7,0
rorid,rorid.txt,2309,2,6,3.638372,8401,0,0,53,893,1201,160,2,0
tenth,tenth.txt,2309,1,6,3.638372,8401,1,1,52,899,1189,165,3,0
vangs,vangs.txt,2309,2,6,3.638372,8401,0,0,48,906,1191,161,3,0
vatus,vatus.txt,2309,2,6,3.638372,8401,0,0,49,888,1225,143,4,0
vibed,vibed.txt,2309,2,6,3.638372,8401,0,0,50,886,1227,141,5,0
wytes,wytes.txt,2309,2,6,3.638372,8401,0,0,45,889,1234,138,3,0
bingy,bingy.txt,2309,2,6,3.638805,8402,0,0,54,872,1239,142,2,0
cotta,cotta.txt,2309,2,6,3.638805,8402,0,0,58,897,1181,167,6,0
fleys,fleys.txt,2309,2,6,3.638805,8402,0,0,54,870,1245,136,4,0
frugs,frugs.txt,2309,2,6,3.638805,8402,0,0,55,879,1223,149,3,0
galas,galas.txt,2309,2,6,3.638805,8402,0,0,51,904,1187,162,5,0
goves,goves.txt,2309,2,6,3.638805,8402,0,0,52,872,1245,138,2,0
hopak,hopak.txt,2309,2,6,3.638805,8402,0,0,48,918,1169,168,6,0
joint,joint.txt,2309,1,6,3.638805,8402,1,1,51,884,1221,149,3,0
kandy,kandy.txt,2309,2,6,3.638805,8402,0,0,45,885,1241,135,3,0
kibes,kibes.txt,2309,2,6,3.638805,8402,0,0,46,904,1200,156,3,0
lagan,lagan.txt,2309,2,6,3.638805,8402,0,0,63,873,1214,153,6,0
lilos,lilos.txt,2309,2,6,3.638805,8402,0,0,48,909,1189,155,8,0
macks,macks.txt,2309,2,6,3.638805,8402,0,0,43,897,1224,141,4,0
munga,munga.txt,2309,2,6,3.638805,8402,0,0,69,877,1187,171,5,0
nervy,nervy.txt,2309,2,6,3.638805,8402,0,0,65,858,1236,146,4,0
ought,ought.txt,2309,1,6,3.638805,8402,1,1,51,899,1192,162,4,0
plumb,plumb.txt,2309,1,6,3.638805,8402,1,1,52,877,1231,146,2,0
reorg,reorg.txt,2309,2,6,3.638805,8402,0,0,44,895,1223,145,2,0
rozes,rozes.txt,2309,2,6,3.638805,8402,0,0,39,908,1212,148,2,0
stull,stull.txt,2309,2,6,3.638805,8402,0,0,42,906,1211,144,6,0
twirk,twirk.txt,2309,2,6,3.638805,8402,0,0,55,879,1222,151,2,0
unsew,unsew.txt,2309,2,6,3.638805,8402,0,0,53,881,1228,141,6,0
vawte,vawte.txt,2309,2,6,3.638805,8402,0,0,55,870,1240,142,2,0
warks,warks.txt,2309,2,6,3.638805,8402,0,0,53,865,1258,129,4,0
warre,warre.txt,2309,2,6,3.638805,8402,0,0,55,882,1219,148,5,0
agate,agate.txt,2309,1,6,3.639238,8403,1,1,43,907,1203,147,8,0
amigo,amigo.txt,2309,2,6,3.639238,8403,0,0,64,884,1187,169,5,0
aredd,aredd.txt,2309,2,6,3.639238,8403,0,0,57,879,1219,148,6,0
balsa,balsa.txt,2309,2,6,3.639238,8403,0,0,52,897,1197,158,5,0
beget,beget.txt,2309,1,6,3.639238,8403,1,1,51,891,1208,153,5,0
bitte,bitte.txt,2309,2,6,3.639238,8403,0,0,60,890,1188,165,6,0
blunk,blunk.txt,2309,2,6,3.639238,8403,0,0,54,897,1194,156,8,0
bundy,bundy.txt,2309,2,6,3.639238,8403,0,0,59,882,1209,151,8,0
celli,celli.txt,2309,2,6,3.639238,8403,0,0,40,924,1177,165,3,0
chiks,chiks.txt,2309,2,6,3.639238,8403,0,0,47,913,1178,168,3,0
chirr,chirr.txt,2309,2,6,3.639238,8403,0,0,41,922,1176,169,1,0
chugs,chugs.txt,2309,2,6,3.639238,8403,0,0,50,895,1206,154,4,0
dwarf,dwarf.txt,2309,1,6,3.639238,8403,1,1,53,891,1201,159,4,0
geyer,geyer.txt,2309,2,6,3.639238,8403,0,0,41,894,1234,137,3,0
gived,gived.txt,2309,2,6,3.639238,8403,0,0,54,884,1217,149,5,0
gompa,gompa.txt,2309,2,6,3.639238,8403,0,0,60,889,1188,168,4,0
gravy,gravy.txt,2309,1,6,3.639238,8403,1,1,53,874,1235,142,4,0
grill,grill.txt,2309,1,6,3.639238,8403,1,1,46,906,1193,158,5,0
jacet,jacet.txt,2309,2,6,3.639238,8403,0,0,45,890,1231,139,4,0
kepis,kepis.txt,2309,2,6,3.639238,8403,0,0,50,909,1182,160,8,0
murgi,murgi.txt,2309,2,6,3.639238,8403,0,0,53,901,1187,162,6,0
obeah,obeah.txt,2309,2,6,3.639238,8403,0,0,49,905,1189,162,4,0
relax,relax.txt,2309,1,6,3.639238,8403,1,1,51,895,1198,161,3,0
ruana,ruana.txt,2309,2,6,3.639238,8403,0,0,44,919,1181,156,9,0
rumba,rumba.txt,2309,1,6,3.639238,8403,1,1,58,878,1212,156,4,0
sades,sades.txt,2309,2,6,3.639238,8403,0,0,44,900,1215,145,5,0
swamy,swamy.txt,2309,2,6,3.639238,8403,0,0,47,892,1223,141,6,0
tayra,tayra.txt,2309,2,6,3.639238,8403,0,0,48,893,1215,150,3,0
thoro,thoro.txt,2309,2,6,3.639238,8403,0,0,58,906,1161,179,5,0
towai,towai.txt,2309,2,6,3.639238,8403,0,0,39,922,1189,151,8,0
tryst,tryst.txt,2309,1,6,3.639238,8403,1,1,44,900,1212,146,6,0
verbs,verbs.txt,2309,2,6,3.639238,8403,0,0,55,873,1236,140,5,0
warby,warby.txt,2309,2,6,3.639238,8403,0,0,52,859,1270,126,2,0
waver,waver.txt,2309,1,6,3.639238,8403,1,1,57,870,1232,144,5,0
ylkes,ylkes.txt,2309,2,6,3.639238,8403,0,0,38,895,1240,134,2,0
yogis,yogis.txt,2309,2,6,3.639238,8403,0,0,45,912,1191,153,8,0
apian,apian.txt,2309,2,6,3.639671,8404,0,0,56,893,1195,157,8,0
azote,azote.txt,2309,2,6,3.639671,8404,0,0,40,916,1193,156,4,0
blaze,blaze.txt,2309,1,6,3.639671,8404,1,1,56,873,1229,144,6,0
coses,coses.txt,2309,2,6,3.639671,8404,0,0,46,897,1210,155,1,0
coxal,coxal.txt,2309,2,6,3.639671,8404,0,0,53,887,1214,149,6,0
doled,doled.txt,2309,2,6,3.639671,8404,0,0,48,900,1204,150,7,0
doors,doors.txt,2309,2,6,3.639671,8404,0,0,53,901,1187,161,7,0
fumed,fumed.txt,2309,2,6,3.639671,8404,0,0,49,889,1221,145,5,0
gundy,gundy.txt,2309,2,6,3.639671,8404,0,0,53,900,1188,162,6,0
haats,haats.txt,2309,2,6,3.639671,8404,0,0,51,895,1205,151,7,0
knawe,knawe.txt,2309,2,6,3.639671,8404,0,0,55,901,1185,157,11,0
lucks,lucks.txt,2309,2,6,3.639671,8404,0,0,52,882,1225,146,4,0
milko,milko.txt,2309,2,6,3.639671,8404,0,0,53,883,1219,151,3,0
neche,neche.txt,2309,2,6,3.639671,8404,0,0,45,901,1207,153,3,0
nowty,nowty.txt,2309,2,6,3.639671,8404,0,0,51,883,1225,147,3,0
nubia,nubia.txt,2309,2,6,3.639671,8404,0,0,55,903,1178,165,8,0
ovens,ovens.txt,2309,2,6,3.639671,8404,0,0,46,895,1217,147,4,0
pixel,pixel.txt,2309,1,6,3.639671,8404,1,1,50,899,1196,156,7,0
polls,polls.txt,2309,2,6,3.639671,8404,0,0,44,898,1218,144,5,0
risky,risky.txt,2309,1,6,3.639671,8404,1,1,44,881,1245,136,2,0
silos,silos.txt,2309,2,6,3.639671,8404,0,0,50,913,1172,167,7,0
slomo,slomo.txt,2309,2,6,3.639671,8404,0,0,46,916,1174,170,3,0
soces,soces.txt,2309,2,6,3.639671,8404,0,0,44,898,1214,152,1,0
spell,spell.txt,2309,1,6,3.639671,8404,1,1,51,893,1202,158,4,0
tajes,tajes.txt,2309,2,6,3.639671,8404,0,0,33,912,1223,136,5,0
tenno,tenno.txt,2309,2,6,3.639671,8404,0,0,45,899,1214,145,6,0
totem,totem.txt,2309,1,6,3.639671,8404,1,1,59,879,1207,158,5,0
tyees,tyees.txt,2309,2,6,3.639671,8404,0,0,38,902,1226,140,3,0
yucas,yucas.txt,2309,2,6,3.639671,8404,0,0,46,896,1216,146,5,0
apnea,apnea.txt,2309,1,6,3.640104,8405,1,1,52,892,1200,160,4,0
arbor,arbor.txt,2309,1,6,3.640104,8405,1,1,64,867,1217,153,7,0
cress,cress.txt,2309,1,6,3.640104,8405,1,1,35,933,1170,165,5,0
daiko,daiko.txt,2309,2,6,3.640104,8405,0,0,44,908,1200,149,8,0
droop,droop.txt,2309,1,6,3.640104,8405,1,1,49,897,1199,159,4,0
dunks,dunks.txt,2309,2,6,3.640104,8405,0,0,43,896,1221,147,2,0
eensy,eensy.txt,2309,2,6,3.640104,8405,0,0,53,889,1208,154,5,0
ethne,ethne.txt,2309,2,6,3.640104,8405,0,0,43,892,1229,143,2,0
fumes,fumes.txt,2309,2,6,3.640104,8405,0,0,50,875,1244,136,4,0
galia,galia.txt,2309,2,6,3.640104,8405,0,0,51,908,1176,169,5,0
gypos,gypos.txt,2309,2,6,3.640104,8405,0,0,47,890,1225,141,6,0
haars,haars.txt,2309,2,6,3.640104,8405,0,0,41,916,1191,155,6,0
licit,licit.txt,2309,2,6,3.640104,8405,0,0,45,917,1174,170,3,0
netta,netta.txt,2309,2,6,3.640104,8405,0,0,60,885,1192,170,2,0
nolos,nolos.txt,2309,2,6,3.640104,8405,0,0,48,885,1229,144,3,0
oulks,oulks.txt,2309,2,6,3.640104,8405,0,0,42,898,1224,139,6,0
piuma,piuma.txt,2309,2,6,3.640104,8405,0,0,53,904,1178,169,5,0
pungi,pungi.txt,2309,2,6,3.640104,8405,0,0,47,897,1211,148,6,0
ruchy,ruchy.txt,2309,2,6,3.640104,8405,0,0,51,897,1197,160,4,0
shiva,shiva.txt,2309,2,6,3.640104,8405,0,0,52,913,1164,174,6,0
slues,slues.txt,2309,2,6,3.640104,8405,0,0,54,885,1217,144,9,0
taxed,taxed.txt,2309,2,6,3.640104,8405,0,0,52,871,1245,138,3,0
thawy,thawy.txt,2309,2,6,3.640104,8405,0,0,57,871,1232,144,5,0
todos,todos.txt,2309,2,6,3.640104,8405,0,0,53,876,1230,149,1,0
tondo,tondo.txt,2309,2,6,3.640104,8405,0,0,61,860,1241,143,4,0
wacke,wacke.txt,2309,2,6,3.640104,8405,0,0,51,887,1217,150,4,0
baghs,baghs.txt,2309,2,6,3.640537,8406,0,0,49,882,1230,146,2,0
braky,braky.txt,2309,2,6,3.640537,8406,0,0,51,880,1230,144,4,0
bungs,bungs.txt,2309,2,6,3.640537,8406,0,0,55,874,1228,150,2,0
cozen,cozen.txt,2309,2,6,3.640537,8406,0,0,43,900,1216,144,6,0
cryer,cryer.txt,2309,2,6,3.640537,8406,0,0,48,892,1214,152,3,0
defog,defog.txt,2309,2,6,3.640537,8406,0,0,45,885,1238,137,4,0
dowps,dowps.txt,2309,2,6,3.640537,8406,0,0,45,875,1257,129,3,0
endue,endue.txt,2309,2,6,3.640537,8406,0,0,54,888,1206,156,5,0
fluke,fluke.txt,2309,1,6,3.640537,8406,1,1,58,874,1216,157,3,0
fogey,fogey.txt,2309,2,6,3.640537,8406,0,0,51,863,1263,129,3,0
goved,goved.txt,2309,2,6,3.640537,8406,0,0,52,875,1239,137,6,0
hacks,hacks.txt,2309,2,6,3.640537,8406,0,0,40,907,1207,153,2,0
lumpy,lumpy.txt,2309,1,6,3.640537,8406,1,1,58,867,1234,142,7,0
moved,moved.txt,2309,2,6,3.640537,8406,0,0,50,885,1224,145,5,0
pubco,pubco.txt,2309,2,6,3.640537,8406,0,0,43,905,1202,157,2,0
smoor,smoor.txt,2309,2,6,3.640537,8406,0,0,61,873,1213,159,3,0
sties,sties.txt,2309,2,6,3.640537,8406,0,0,45,917,1176,165,6,0
stood,stood.txt,2309,1,6,3.640537,8406,1,1,47,895,1209,152,5,0
tamas,tamas.txt,2309,2,6,3.640537,8406,0,0,49,883,1229,145,3,0
titas,titas.txt,2309,2,6,3.640537,8406,0,0,46,904,1198,156,5,0
vogie,vogie.txt,2309,2,6,3.640537,8406,0,0,66,884,1179,174,6,0
wiver,wiver.txt,2309,2,6,3.640537,8406,0,0,56,892,1192,164,5,0
woady,woady.txt,2309,2,6,3.640537,8406,0,0,54,882,1216,154,3,0
anoas,anoas.txt,2309,2,6,3.64097,8407,0,0,55,886,1209,151,8,0
casts,casts.txt,2309,2,6,3.64097,8407,0,0,40,903,1219,140,7,0
ceili,ceili.txt,2309,2,6,3.64097,8407,0,0,39,923,1178,166,3,0
cheka,cheka.txt,2309,2,6,3.64097,8407,0,0,48,933,1138,180,10,0
codon,codon.txt,2309,2,6,3.64097,8407,0,0,57,877,1217,154,4,0
dicks,dicks.txt,2309,2,6,3.64097,8407,0,0,41,888,1240,139,1,0
dills,dills.txt,2309,2,6,3.64097,8407,0,0,46,899,1203,160,1,0
eyres,eyres.txt,2309,2,6,3.64097,8407,0,0,49,881,1238,132,9,0
figos,figos.txt,2309,2,6,3.64097,8407,0,0,53,886,1211,155,4,0
flubs,flubs.txt,2309,2,6,3.64097,8407,0,0,50,874,1243,139,3,0
fundo,fundo.txt,2309,2,6,3.64097,8407,0,0,50,879,1237,136,7,0
gnows,gnows.txt,2309,2,6,3.64097,8407,0,0,53,873,1238,140,5,0
kempt,kempt.txt,2309,2,6,3.64097,8407,0,0,42,895,1227,140,5,0
kiths,kiths.txt,2309,2,6,3.64097,8407,0,0,38,911,1204,154,2,0
lazes,lazes.txt,2309,2,6,3.64097,8407,0,0,41,901,1220,140,7,0
legal,legal.txt,2309,1,6,3.64097,8407,1,1,54,892,1196,158,8,0
maars,maars.txt,2309,2,6,3.64097,8407,0,0,47,921,1161,174,6,0
murre,murre.txt,2309,2,6,3.64097,8407,0,0,49,890,1216,149,5,0
ocote,ocote.txt,2309,2,6,3.64097,8407,0,0,47,906,1192,157,7,0
pamby,pamby.txt,2309,2,5,3.64097,8407,0,0,47,869,1259,134,0,0
piper,piper.txt,2309,1,6,3.64097,8407,1,1,48,901,1191,165,3,0
rajes,rajes.txt,2309,2,6,3.64097,8407,0,0,36,902,1229,139,3,0
rests,rests.txt,2309,2,6,3.64097,8407,0,0,37,912,1208,147,5,0
sista,sista.txt,2309,2,6,3.64097,8407,0,0,51,894,1202,157,5,0
skeet,skeet.txt,2309,2,6,3.64097,8407,0,0,42,907,1204,150,6,0
slash,slash.txt,2309,1,6,3.64097,8407,1,1,53,894,1191,166,4,0
sordo,sordo.txt,2309,2,6,3.64097,8407,0,0,51,913,1167,170,8,0
tanty,tanty.txt,2309,2,6,3.64097,8407,0,0,58,881,1204,164,2,0
terre,terre.txt,2309,2,6,3.64097,8407,0,0,52,904,1179,169,5,0
topos,topos.txt,2309,2,6,3.64097,8407,0,0,57,866,1236,149,1,0
unwed,unwed.txt,2309,1,6,3.64097,8407,1,1,49,876,1236,146,1,0
urvas,urvas.txt,2309,2,6,3.64097,8407,0,0,45,889,1227,146,2,0
waken,waken.txt,2309,2,6,3.64097,8407,0,0,47,900,1202,155,5,0
buyin,buyin.txt,2309,2,6,3.641403,8408,0,0,52,878,1230,144,5,0
dimbo,dimbo.txt,2309,2,6,3.641403,8408,0,0,61,849,1258,139,2,0
jeats,jeats.txt,2309,2,6,3.641403,8408,0,0,34,912,1216,142,5,0
kipas,kipas.txt,2309,2,6,3.641403,8408,0,0,42,904,1209,148,6,0
masse,masse.txt,2309,1,6,3.641403,8408,1,1,44,896,1218,141,9,0
meteg,meteg.txt,2309,2,6,3.641403,8408,0,0,45,881,1245,133,5,0
ngoma,ngoma.txt,2309,2,6,3.641403,8408,0,0,53,887,1209,155,5,0
polos,polos.txt,2309,2,6,3.641403,8408,0,0,54,883,1215,151,6,0
poons,poons.txt,2309,2,6,3.641403,8408,0,0,46,894,1216,148,5,0
praam,praam.txt,2309,2,6,3.641403,8408,0,0,60,878,1207,158,6,0
rappe,rappe.txt,2309,2,6,3.641403,8408,0,0,51,875,1238,141,4,0
rewed,rewed.txt,2309,2,6,3.641403,8408,0,0,52,893,1201,157,6,0
sects,sects.txt,2309,2,6,3.641403,8408,0,0,35,903,1231,135,5,0
tarzy,tarzy.txt,2309,2,6,3.641403,8408,0,0,50,869,1252,135,3,0
tasso,tasso.txt,2309,2,6,3.641403,8408,0,0,49,903,1190,161,6,0
tocos,tocos.txt,2309,2,6,3.641403,8408,0,0,49,896,1203,156,5,0
twonk,twonk.txt,2309,2,6,3.641403,8408,0,0,50,874,1241,142,2,0
unhip,unhip.txt,2309,2,6,3.641403,8408,0,0,49,895,1202,161,2,0
yanks,yanks.txt,2309,2,6,3.641403,8408,0,0,36,902,1229,138,4,0
bravi,bravi.txt,2309,2,6,3.641836,8409,0,0,46,893,1215,152,3,0
chimb,chimb.txt,2309,2,6,3.641836,8409,0,0,44,890,1226,147,2,0
chunk,chunk.txt,2309,1,6,3.641836,8409,1,1,51,901,1181,171,4,0
conky,conky.txt,2309,2,6,3.641836,8409,0,0,44,897,1215,148,5,0
coyau,coyau.txt,2309,2,6,3.641836,8409,0,0,44,909,1193,156,7,0
dolls,dolls.txt,2309,2,6,3.641836,8409,0,0,45,883,1238,140,3,0
etude,etude.txt,2309,1,6,3.641836,8409,1,1,50,897,1193,163,5,0
foamy,foamy.txt,2309,1,6,3.641836,8409,1,1,52,858,1262,134,2,0
gerbe,gerbe.txt,2309,2,6,3.641836,8409,0,0,50,880,1228,149,2,0
gives,gives.txt,2309,2,6,3.641836,8409,0,0,47,889,1222,146,5,0
madar,madar.txt,2309,2,6,3.641836,8409,0,0,58,871,1223,154,3,0
mikra,mikra.txt,2309,2,6,3.641836,8409,0,0,51,907,1176,168,7,0
netts,netts.txt,2309,2,6,3.641836,8409,0,0,46,896,1208,157,2,0
newer,newer.txt,2309,1,6,3.641836,8409,1,1,45,900,1203,154,6,0
ousia,ousia.txt,2309,2,6,3.641836,8409,0,0,53,928,1132,185,11,0
pikey,pikey.txt,2309,2,6,3.641836,8409,0,0,48,899,1200,156,6,0
ricin,ricin.txt,2309,2,6,3.641836,8409,0,0,46,910,1185,161,7,0
rowdy,rowdy.txt,2309,1,6,3.641836,8409,1,1,61,857,1239,147,4,0
russe,russe.txt,2309,2,6,3.641836,8409,0,0,50,910,1173,169,7,0
sorry,sorry.txt,2309,1,6,3.641836,8409,1,1,50,892,1203,158,5,0
stept,stept.txt,2309,2,6,3.641836,8409,0,0,48,913,1169,176,3,0
sures,sures.txt,2309,2,6,3.641836,8409,0,0,56,897,1179,172,5,0
swerf,swerf.txt,2309,2,6,3.641836,8409,0,0,55,862,1250,139,3,0
venus,venus.txt,2309,2,6,3.641836,8409,0,0,49,883,1227,146,4,0
wonga,wonga.txt,2309,2,6,3.641836,8409,0,0,54,895,1189,166,5,0
cavus,cavus.txt,2309,2,6,3.642269,8410,0,0,49,889,1216,149,6,0
chara,chara.txt,2309,2,6,3.642269,8410,0,0,55,907,1161,181,5,0
elbow,elbow.txt,2309,1,6,3.642269,8410,1,1,45,883,1232,146,2,0
emure,emure.txt,2309,2,6,3.642269,8410,0,0,48,898,1202,154,7,0
eruvs,eruvs.txt,2309,2,6,3.642269,8410,0,0,49,896,1201,158,5,0
fouds,fouds.txt,2309,2,6,3.642269,8410,0,0,47,878,1241,140,3,0
gaumy,gaumy.txt,2309,2,6,3.642269,8410,0,0,62,877,1202,161,7,0
knags,knags.txt,2309,2,6,3.642269,8410,0,0,40,900,1221,142,6,0
koura,koura.txt,2309,2,6,3.642269,8410,0,0,52,905,1173,175,4,0
linky,linky.txt,2309,2,6,3.642269,8410,0,0,42,897,1218,149,3,0
maaed,maaed.txt,2309,2,6,3.642269,8410,0,0,52,889,1207,155,6,0
ormer,ormer.txt,2309,2,6,3.642269,8410,0,0,53,887,1207,157,5,0
pacta,pacta.txt,2309,2,6,3.642269,8410,0,0,54,883,1209,161,2,0
pecks,pecks.txt,2309,2,6,3.642269,8410,0,0,41,895,1228,139,6,0
rehem,rehem.txt,2309,2,6,3.642269,8410,0,0,51,886,1216,150,6,0
rumbo,rumbo.txt,2309,2,6,3.642269,8410,0,0,59,862,1242,138,8,0
voips,voips.txt,2309,2,6,3.642269,8410,0,0,54,891,1194,167,3,0
wrung,wrung.txt,2309,1,6,3.642269,8410,1,1,49,874,1239,143,3,0
zonal,zonal.txt,2309,1,6,3.642269,8410,1,1,45,892,1216,151,4,0
ablow,ablow.txt,2309,2,6,3.642702,8411,0,0,47,883,1231,144,4,0
decks,decks.txt,2309,2,6,3.642702,8411,0,0,39,880,1259,129,2,0
didst,didst.txt,2309,2,6,3.642702,8411,0,0,38,909,1206,152,4,0
divos,divos.txt,2309,2,6,3.642702,8411,0,0,56,869,1231,150,3,0
dumps,dumps.txt,2309,2,6,3.642702,8411,0,0,48,879,1236,142,4,0
empty,empty.txt,2309,1,6,3.642702,8411,1,1,54,886,1199,166,3,0
ethyl,ethyl.txt,2309,2,6,3.642702,8411,0,0,39,911,1202,150,7,0
etyma,etyma.txt,2309,2,6,3.642702,8411,0,0,50,879,1231,144,5,0
fight,fight.txt,2309,1,6,3.642702,8411,1,1,58,866,1227,154,3,0
inner,inner.txt,2309,1,6,3.642702,8411,1,1,48,893,1203,161,3,0
loses,loses.txt,2309,2,6,3.642702,8411,0,0,50,896,1197,161,5,0
malls,malls.txt,2309,2,6,3.642702,8411,0,0,48,880,1236,139,6,0
mavis,mavis.txt,2309,2,6,3.642702,8411,0,0,56,884,1201,165,3,0
olios,olios.txt,2309,2,6,3.642702,8411,0,0,43,916,1182,159,9,0
parry,parry.txt,2309,1,6,3.642702,8411,1,1,60,848,1260,134,6,0
poufs,poufs.txt,2309,2,6,3.642702,8411,0,0,44,894,1217,151,3,0
reedy,reedy.txt,2309,1,6,3.642702,8411,1,1,46,879,1240,137,6,0
retox,retox.txt,2309,2,6,3.642702,8411,0,0,54,875,1227,148,5,0
samfu,samfu.txt,2309,2,6,3.642702,8411,0,0,42,892,1229,141,5,0
serre,serre.txt,2309,2,6,3.642702,8411,0,0,49,903,1190,158,9,0
shoyu,shoyu.txt,2309,2,6,3.642702,8411,0,0,35,925,1187,154,8,0
taxon,taxon.txt,2309,2,6,3.642702,8411,0,0,55,884,1207,157,6,0
tecta,tecta.txt,2309,2,6,3.642702,8411,0,0,58,883,1201,160,7,0
tilth,tilth.txt,2309,2,6,3.642702,8411,0,0,50,905,1178,172,4,0
virtu,virtu.txt,2309,2,6,3.642702,8411,0,0,46,889,1225,142,7,0
wolve,wolve.txt,2309,2,6,3.642702,8411,0,0,61,868,1221,153,6,0
wyted,wyted.txt,2309,2,6,3.642702,8411,0,0,52,874,1231,151,1,0
yerks,yerks.txt,2309,2,6,3.642702,8411,0,0,33,918,1204,149,5,0
yeuch,yeuch.txt,2309,2,6,3.642702,8411,0,0,45,919,1166,174,5,0
abeys,abeys.txt,2309,2,6,3.643136,8412,0,0,39,897,1227,141,5,0
boose,boose.txt,2309,2,6,3.643136,8412,0,0,54,873,1229,149,4,0
capas,capas.txt,2309,2,6,3.643136,8412,0,0,52,880,1222,150,5,0
duomi,duomi.txt,2309,2,6,3.643136,8412,0,0,49,909,1177,165,9,0
etats,etats.txt,2309,2,6,3.643136,8412,0,0,49,895,1204,153,8,0
focus,focus.txt,2309,1,6,3.643136,8412,1,1,52,873,1231,148,4,0
guido,guido.txt,2309,2,6,3.643136,8412,0,0,64,871,1206,161,7,0
lasso,lasso.txt,2309,1,6,3.643136,8412,1,1,45,904,1194,157,8,0
madal,madal.txt,2309,2,6,3.643136,8412,0,0,57,875,1218,153,6,0
mirrl,mirrl.txt,2309,2,6,3.643136,8412,0,0,44,892,1221,148,4,0
muhly,muhly.txt,2309,2,6,3.643136,8412,0,0,46,894,1213,150,6,0
nkosi,nkosi.txt,2309,2,6,3.643136,8412,0,0,32,915,1215,139,8,0
priss,priss.txt,2309,2,6,3.643136,8412,0,0,47,888,1222,146,6,0
reive,reive.txt,2309,2,6,3.643136,8412,0,0,56,893,1185,169,6,0
spats,spats.txt,2309,2,6,3.643136,8412,0,0,44,887,1235,135,8,0
voids,voids.txt,2309,2,6,3.643136,8412,0,0,57,883,1201,163,5,0
yorks,yorks.txt,2309,2,6,3.643136,8412,0,0,40,887,1243,135,4,0
zoril,zoril.txt,2309,2,6,3.643136,8412,0,0,39,914,1193,158,5,0
abase,abase.txt,2309,1,6,3.643569,8413,1,1,40,896,1222,144,6,0
aguti,aguti.txt,2309,2,6,3.643569,8413,0,0,53,900,1179,171,6,0
basse,basse.txt,2309,2,6,3.643569,8413,0,0,47,882,1233,141,6,0
bdays,bdays.txt,2309,2,6,3.643569,8413,0,0,42,874,1262,127,4,0
burgh,burgh.txt,2309,2,6,3.643569,8413,0,0,64,866,1215,157,7,0
decko,decko.txt,2309,2,6,3.643569,8413,0,0,44,894,1216,151,4,0
docks,docks.txt,2309,2,6,3.643569,8413,0,0,39,895,1230,140,5,0
dolos,dolos.txt,2309,2,6,3.643569,8413,0,0,53,879,1218,156,3,0
edger,edger.txt,2309,2,6,3.643569,8413,0,0,53,873,1232,146,5,0
filmy,filmy.txt,2309,1,6,3.643569,8413,1,1,54,856,1259,134,5,0
fondu,fondu.txt,2309,2,6,3.643569,8413,0,0,42,878,1254,131,4,0
gawsy,gawsy.txt,2309,2,6,3.643569,8413,0,0,43,875,1258,128,5,0
halls,halls.txt,2309,2,6,3.643569,8413,0,0,45,898,1206,155,5,0
jolie,jolie.txt,2309,2,6,3.643569,8413,0,0,44,908,1188,165,4,0
kenaf,kenaf.txt,2309,2,6,3.643569,8413,0,0,50,892,1199,167,1,0
lahar,lahar.txt,2309,2,6,3.643569,8413,0,0,49,889,1211,156,4,0
lapje,lapje.txt,2309,2,6,3.643569,8413,0,0,42,889,1229,148,1,0
leave,leave.txt,2309,1,6,3.643569,8413,1,1,62,883,1187,165,11,0
ohmic,ohmic.txt,2309,2,6,3.643569,8413,0,0,50,908,1172,173,6,0
onium,onium.txt,2309,2,6,3.643569,8413,0,0,52,895,1192,164,6,0
pivos,pivos.txt,2309,2,6,3.643569,8413,0,0,50,900,1186,169,4,0
rooty,rooty.txt,2309,2,6,3.643569,8413,0,0,52,901,1184,162,10,0
stivy,stivy.txt,2309,2,6,3.643569,8413,0,0,47,870,1253,137,2,0
twink,twink.txt,2309,2,6,3.643569,8413,0,0,57,854,1257,137,4,0
unlaw,unlaw.txt,2309,2,6,3.643569,8413,0,0,44,894,1217,149,5,0
whios,whios.txt,2309,2,6,3.643569,8413,0,0,56,887,1196,164,6,0
adapt,adapt.txt,2309,1,6,3.644002,8414,1,1,48,872,1242,143,3,0
aweel,aweel.txt,2309,2,6,3.644002,8414,0,0,50,909,1174,165,11,0
balky,balky.txt,2309,2,6,3.644002,8414,0,0,56,876,1217,154,6,0
demes,demes.txt,2309,2,6,3.644002,8414,0,0,42,900,1214,144,9,0
dread,dread.txt,2309,1,6,3.644002,8414,1,1,52,891,1195,164,6,0
grize,grize.txt,2309,2,6,3.644002,8414,0,0,51,896,1191,166,5,0
libel,libel.txt,2309,1,6,3.644002,8414,1,1,44,882,1236,141,5,0
manta,manta.txt,2309,2,6,3.644002,8414,0,0,61,846,1260,138,4,0
mazel,mazel.txt,2309,2,6,3.644002,8414,0,0,50,884,1216,156,3,0
mobee,mobee.txt,2309,2,6,3.644002,8414,0,0,46,887,1227,141,8,0
oliva,oliva.txt,2309,2,6,3.644002,8414,0,0,61,883,1189,169,7,0
ovels,ovels.txt,2309,2,6,3.644002,8414,0,0,50,883,1220,151,5,0
spoon,spoon.txt,2309,1,6,3.644002,8414,1,1,47,895,1200,162,4,0
tauts,tauts.txt,2309,2,6,3.644002,8414,0,0,53,888,1204,156,8,0
woker,woker.txt,2309,2,6,3.644002,8414,0,0,51,889,1205,159,5,0
alley,alley.txt,2309,1,6,3.644435,8415,1,1,48,879,1229,147,5,0
apple,apple.txt,2309,1,6,3.644435,8415,1,1,51,883,1215,151,8,0
balas,balas.txt,2309,2,6,3.644435,8415,0,0,54,889,1195,166,5,0
barro,barro.txt,2309,2,6,3.644435,8415,0,0,67,847,1241,148,6,0
bawty,bawty.txt,2309,2,6,3.644435,8415,0,0,50,866,1253,135,5,0
firer,firer.txt,2309,2,6,3.644435,8415,0,0,59,872,1214,159,5,0
galls,galls.txt,2309,2,6,3.644435,8415,0,0,45,906,1190,161,7,0
makos,makos.txt,2309,2,6,3.644435,8415,0,0,43,892,1225,141,8,0
meshy,meshy.txt,2309,2,6,3.644435,8415,0,0,48,898,1195,163,5,0
mungo,mungo.txt,2309,2,6,3.644435,8415,0,0,62,879,1194,166,8,0
neume,neume.txt,2309,2,6,3.644435,8415,0,0,47,894,1208,153,7,0
nikah,nikah.txt,2309,2,6,3.644435,8415,0,0,42,924,1163,173,7,0
ranga,ranga.txt,2309,2,6,3.644435,8415,0,0,56,865,1236,148,4,0
reave,reave.txt,2309,2,6,3.644435,8415,0,0,56,892,1189,161,11,0
rises,rises.txt,2309,2,6,3.644435,8415,0,0,52,899,1182,170,6,0
shell,shell.txt,2309,1,6,3.644435,8415,1,1,51,902,1175,174,6,0
siens,siens.txt,2309,2,6,3.644435,8415,0,0,40,928,1161,173,7,0
tadah,tadah.txt,2309,2,6,3.644435,8415,0,0,49,881,1225,150,4,0
walks,walks.txt,2309,2,6,3.644435,8415,0,0,44,886,1231,143,5,0
wifts,wifts.txt,2309,2,6,3.644435,8415,0,0,54,842,1287,123,3,0
conns,conns.txt,2309,2,6,3.644868,8416,0,0,45,888,1221,152,3,0
divas,divas.txt,2309,2,6,3.644868,8416,0,0,53,875,1224,153,4,0
ettin,ettin.txt,2309,2,6,3.644868,8416,0,0,63,878,1190,172,6,0
folks,folks.txt,2309,2,6,3.644868,8416,0,0,49,860,1264,134,2,0
hadal,hadal.txt,2309,2,6,3.644868,8416,0,0,46,889,1217,153,4,0
hokas,hokas.txt,2309,2,6,3.644868,8416,0,0,40,909,1195,161,4,0
kerfs,kerfs.txt,2309,2,6,3.644868,8416,0,0,43,886,1231,146,3,0
kylin,kylin.txt,2309,2,6,3.644868,8416,0,0,47,878,1236,144,4,0
murks,murks.txt,2309,2,6,3.644868,8416,0,0,49,888,1213,152,7,0
nertz,nertz.txt,2309,2,6,3.644868,8416,0,0,39,898,1219,150,3,0
paipe,paipe.txt,2309,2,6,3.644868,8416,0,0,55,886,1199,162,7,0
peavy,peavy.txt,2309,2,6,3.644868,8416,0,0,48,881,1226,151,3,0
resew,resew.txt,2309,2,6,3.644868,8416,0,0,57,870,1222,156,4,0
rotty,rotty.txt,2309,2,6,3.644868,8416,0,0,55,880,1211,156,7,0
ruvid,ruvid.txt,2309,2,6,3.644868,8416,0,0,53,879,1217,155,5,0
sabra,sabra.txt,2309,2,6,3.644868,8416,0,0,43,903,1203,151,9,0
shuck,shuck.txt,2309,1,6,3.644868,8416,1,1,57,904,1153,187,7,0
stout,stout.txt,2309,1,6,3.644868,8416,1,1,49,892,1199,163,5,0
tosas,tosas.txt,2309,2,6,3.644868,8416,0,0,48,906,1183,162,10,0
vardy,vardy.txt,2309,2,6,3.644868,8416,0,0,58,847,1267,131,6,0
venom,venom.txt,2309,1,6,3.644868,8416,1,1,52,884,1208,157,7,0
wormy,wormy.txt,2309,2,6,3.644868,8416,0,0,48,874,1241,142,4,0
ympes,ympes.txt,2309,2,6,3.644868,8416,0,0,40,885,1244,135,5,0
yomps,yomps.txt,2309,2,6,3.644868,8416,0,0,39,887,1243,135,5,0
amove,amove.txt,2309,2,6,3.645301,8417,0,0,53,885,1205,160,6,0
barca,barca.txt,2309,2,6,3.645301,8417,0,0,49,890,1206,159,5,0
chump,chump.txt,2309,1,6,3.645301,8417,1,1,59,870,1209,168,2,0
educe,educe.txt,2309,2,6,3.645301,8417,0,0,51,880,1220,153,5,0
gambs,gambs.txt,2309,2,6,3.645301,8417,0,0,44,884,1234,141,6,0
mools,mools.txt,2309,2,6,3.645301,8417,0,0,47,897,1195,168,2,0
nants,nants.txt,2309,2,6,3.645301,8417,0,0,38,900,1220,145,6,0
natto,natto.txt,2309,2,6,3.645301,8417,0,0,59,872,1211,163,4,0
nigua,nigua.txt,2309,2,6,3.645301,8417,0,0,53,892,1191,167,6,0
rists,rists.txt,2309,2,6,3.645301,8417,0,0,48,893,1202,162,4,0
romeo,romeo.txt,2309,2,6,3.645301,8417,0,0,55,872,1223,155,4,0
rykes,rykes.txt,2309,2,6,3.645301,8417,0,0,33,904,1224,145,3,0
scats,scats.txt,2309,2,6,3.645301,8417,0,0,43,881,1246,130,9,0
senza,senza.txt,2309,2,6,3.645301,8417,0,0,48,904,1182,169,6,0
shist,shist.txt,2309,2,6,3.645301,8417,0,0,47,911,1171,174,6,0
sicky,sicky.txt,2309,2,6,3.645301,8417,0,0,47,879,1231,150,2,0
skeen,skeen.txt,2309,2,6,3.645301,8417,0,0,47,894,1203,161,4,0
tween,tween.txt,2309,2,5,3.645301,8417,0,0,60,866,1216,167,0,0
ubity,ubity.txt,2309,2,6,3.645301,8417,0,0,48,866,1257,133,5,0
vespa,vespa.txt,2309,2,6,3.645301,8417,0,0,51,870,1237,149,2,0
wedel,wedel.txt,2309,2,6,3.645301,8417,0,0,59,877,1202,166,5,0
whelm,whelm.txt,2309,2,6,3.645301,8417,0,0,54,864,1243,143,5,0
abear,abear.txt,2309,2,6,3.645734,8418,0,0,52,869,1237,147,4,0
addle,addle.txt,2309,2,6,3.645734,8418,0,0,51,884,1215,150,9,0
algas,algas.txt,2309,2,6,3.645734,8418,0,0,52,889,1201,159,8,0
ataps,ataps.txt,2309,2,6,3.645734,8418,0,0,43,879,1246,135,6,0
birze,birze.txt,2309,2,6,3.645734,8418,0,0,54,856,1255,142,2,0
brize,brize.txt,2309,2,6,3.645734,8418,0,0,51,873,1232,149,4,0
coypu,coypu.txt,2309,2,6,3.645734,8418,0,0,42,886,1234,142,5,0
douks,douks.txt,2309,2,6,3.645734,8418,0,0,33,899,1233,141,3,0
farer,farer.txt,2309,2,6,3.645734,8418,0,0,63,854,1232,158,2,0
feers,feers.txt,2309,2,6,3.645734,8418,0,0,54,875,1220,155,5,0
fudge,fudge.txt,2309,1,6,3.645734,8418,1,1,57,869,1218,160,4,0
henge,henge.txt,2309,2,6,3.645734,8418,0,0,46,912,1173,170,8,0
humic,humic.txt,2309,2,6,3.645734,8418,0,0,48,891,1206,159,5,0
joled,joled.txt,2309,2,6,3.645734,8418,0,0,41,890,1230,142,6,0
kusti,kusti.txt,2309,2,6,3.645734,8418,0,0,45,893,1213,151,7,0
linns,linns.txt,2309,2,6,3.645734,8418,0,0,39,908,1199,158,5,0
locky,locky.txt,2309,2,6,3.645734,8418,0,0,49,868,1247,142,3,0
locos,locos.txt,2309,2,6,3.645734,8418,0,0,52,883,1210,159,5,0
pubic,pubic.txt,2309,1,6,3.645734,8418,1,1,48,872,1240,143,5,0
rural,rural.txt,2309,1,6,3.645734,8418,1,1,48,891,1205,156,8,0
stoop,stoop.txt,2309,1,6,3.645734,8418,1,1,49,871,1237,148,3,0
thebe,thebe.txt,2309,2,6,3.645734,8418,0,0,55,890,1185,176,3,0
truss,truss.txt,2309,1,6,3.645734,8418,1,1,43,900,1200,159,6,0
wanks,wanks.txt,2309,2,6,3.645734,8418,0,0,36,894,1233,144,2,0
waspy,waspy.txt,2309,2,6,3.645734,8418,0,0,52,869,1236,149,3,0
aglow,aglow.txt,2309,1,6,3.646167,8419,1,1,45,891,1210,157,5,0
almas,almas.txt,2309,2,6,3.646167,8419,0,0,52,878,1220,153,6,0
backs,backs.txt,2309,2,6,3.646167,8419,0,0,44,873,1250,140,2,0
beige,beige.txt,2309,2,6,3.646167,8419,0,0,56,870,1224,153,6,0
chill,chill.txt,2309,1,6,3.646167,8419,1,1,37,922,1173,170,6,0
chows,chows.txt,2309,2,6,3.646167,8419,0,0,54,882,1205,163,5,0
dhobi,dhobi.txt,2309,2,6,3.646167,8419,0,0,44,904,1191,165,5,0
dozen,dozen.txt,2309,1,6,3.646167,8419,1,1,47,869,1245,145,2,0
fanal,fanal.txt,2309,2,6,3.646167,8419,0,0,57,863,1235,148,6,0
haugo,haugo.txt,2309,2,6,3.646167,8419,0,0,46,894,1206,157,6,0
miaow,miaow.txt,2309,2,6,3.646167,8419,0,0,50,884,1214,155,6,0
potts,potts.txt,2309,2,6,3.646167,8419,0,0,52,879,1214,162,2,0
rasam,rasam.txt,2309,2,6,3.646167,8419,0,0,64,864,1212,163,6,0
ronin,ronin.txt,2309,2,6,3.646167,8419,0,0,43,904,1197,157,8,0
rorty,rorty.txt,2309,2,6,3.646167,8419,0,0,52,878,1222,149,8,0
scroo,scroo.txt,2309,2,6,3.646167,8419,0,0,49,885,1213,158,4,0
shoon,shoon.txt,2309,2,6,3.646167,8419,0,0,55,902,1163,183,6,0
sirih,sirih.txt,2309,2,6,3.646167,8419,0,0,34,936,1157,177,5,0
subak,subak.txt,2309,2,6,3.646167,8419,0,0,55,883,1202,162,7,0
sylva,sylva.txt,2309,2,6,3.646167,8419,0,0,53,856,1259,137,4,0
tymps,tymps.txt,2309,2,6,3.646167,8419,0,0,43,865,1271,126,4,0
vobla,vobla.txt,2309,2,6,3.646167,8419,0,0,54,881,1209,158,7,0
works,works.txt,2309,2,6,3.646167,8419,0,0,51,868,1240,147,3,0
abius,abius.txt,2309,2,6,3.6466,8420,0,0,58,876,1206,162,7,0
aking,aking.txt,2309,2,6,3.6466,8420,0,0,43,914,1176,168,8,0
cahow,cahow.txt,2309,2,6,3.6466,8420,0,0,47,883,1222,153,4,0
dated,dated.txt,2309,2,6,3.6466,8420,0,0,52,861,1250,143,3,0
drama,drama.txt,2309,1,6,3.6466,8420,1,1,51,878,1214,163,2,0
egest,egest.txt,2309,2,6,3.6466,8420,0,0,58,871,1213,163,4,0
fatal,fatal.txt,2309,1,6,3.6466,8420,1,1,58,845,1262,138,5,0
feels,feels.txt,2309,2,6,3.6466,8420,0,0,49,878,1225,154,3,0
gools,gools.txt,2309,2,6,3.6466,8420,0,0,48,894,1200,160,7,0
hanky,hanky.txt,2309,2,6,3.6466,8420,0,0,48,880,1226,150,5,0
imbue,imbue.txt,2309,1,6,3.6466,8420,1,1,48,880,1221,155,4,0
ixtle,ixtle.txt,2309,2,6,3.6466,8420,0,0,51,855,1264,137,2,0
lises,lises.txt,2309,2,6,3.6466,8420,0,0,47,897,1197,161,7,0
mapou,mapou.txt,2309,2,6,3.6466,8420,0,0,38,909,1196,163,3,0
maras,maras.txt,2309,2,6,3.6466,8420,0,0,58,890,1178,176,7,0
neeps,neeps.txt,2309,2,6,3.6466,8420,0,0,45,897,1202,159,6,0
omega,omega.txt,2309,1,6,3.6466,8420,1,1,61,866,1213,161,7,0
owari,owari.txt,2309,2,6,3.6466,8420,0,0,48,896,1198,158,9,0
polio,polio.txt,2309,2,6,3.6466,8420,0,0,51,886,1203,166,3,0
punks,punks.txt,2309,2,6,3.6466,8420,0,0,49,880,1222,154,4,0
sards,sards.txt,2309,2,6,3.6466,8420,0,0,39,894,1224,148,4,0
silly,silly.txt,2309,1,6,3.6466,8420,1,1,50,881,1214,158,5,0
skeer,skeer.txt,2309,2,6,3.6466,8420,0,0,45,910,1172,180,2,0
slams,slams.txt,2309,2,6,3.6466,8420,0,0,51,881,1218,151,8,0
slips,slips.txt,2309,2,6,3.6466,8420,0,0,47,896,1196,166,4,0
swack,swack.txt,2309,2,6,3.6466,8420,0,0,47,887,1216,153,6,0
ulvas,ulvas.txt,2309,2,6,3.6466,8420,0,0,40,886,1236,144,3,0
yawed,yawed.txt,2309,2,6,3.6466,8420,0,0,42,876,1250,138,3,0
zoned,zoned.txt,2309,2,6,3.6466,8420,0,0,41,881,1242,143,2,0
balls,balls.txt,2309,2,6,3.647033,8421,0,0,49,892,1198,165,5,0
canon,canon.txt,2309,1,6,3.647033,8421,1,1,48,903,1175,177,5,0
chana,chana.txt,2309,2,6,3.647033,8421,0,0,47,905,1177,176,4,0
daman,daman.txt,2309,2,6,3.647033,8421,0,0,56,877,1211,156,9,0
dikey,dikey.txt,2309,2,6,3.647033,8421,0,0,42,894,1213,157,3,0
glebe,glebe.txt,2309,2,6,3.647033,8421,0,0,53,876,1219,155,6,0
gulfs,gulfs.txt,2309,2,6,3.647033,8421,0,0,48,872,1237,151,1,0
ileal,ileal.txt,2309,2,6,3.647033,8421,0,0,46,900,1190,169,4,0
jodel,jodel.txt,2309,2,6,3.647033,8421,0,0,46,883,1227,146,7,0
karat,karat.txt,2309,2,6,3.647033,8421,0,0,47,885,1216,158,3,0
mauve,mauve.txt,2309,1,6,3.647033,8421,1,1,47,903,1178,175,5,0
mochi,mochi.txt,2309,2,6,3.647033,8421,0,0,47,902,1186,167,7,0
ochry,ochry.txt,2309,2,6,3.647033,8421,0,0,44,899,1202,156,8,0
othyl,othyl.txt,2309,2,6,3.647033,8421,0,0,44,869,1257,136,3,0
pells,pells.txt,2309,2,6,3.647033,8421,0,0,48,880,1224,153,4,0
revel,revel.txt,2309,1,6,3.647033,8421,1,1,56,890,1178,178,6,0
roric,roric.txt,2309,2,6,3.647033,8421,0,0,46,884,1225,147,7,0
sanga,sanga.txt,2309,2,6,3.647033,8421,0,0,60,866,1218,159,6,0
teiid,teiid.txt,2309,2,6,3.647033,8421,0,0,51,895,1186,172,5,0
twerk,twerk.txt,2309,2,6,3.647033,8421,0,0,59,885,1183,176,6,0
upsee,upsee.txt,2309,2,6,3.647033,8421,0,0,52,882,1210,159,6,0
adats,adats.txt,2309,2,6,3.647466,8422,0,0,47,871,1244,143,4,0
assot,assot.txt,2309,2,6,3.647466,8422,0,0,46,904,1186,164,9,0
basan,basan.txt,2309,2,6,3.647466,8422,0,0,51,872,1231,150,5,0
cases,cases.txt,2309,2,6,3.647466,8422,0,0,43,880,1239,142,5,0
causa,causa.txt,2309,2,6,3.647466,8422,0,0,39,909,1191,167,3,0
circs,circs.txt,2309,2,6,3.647466,8422,0,0,45,906,1184,166,8,0
cleve,cleve.txt,2309,2,5,3.647466,8422,0,0,53,865,1234,157,0,0
cooly,cooly.txt,2309,2,6,3.647466,8422,0,0,47,889,1209,159,5,0
currs,currs.txt,2309,2,6,3.647466,8422,0,0,51,888,1199,166,5,0
czars,czars.txt,2309,2,6,3.647466,8422,0,0,38,889,1234,145,3,0
filks,filks.txt,2309,2,6,3.647466,8422,0,0,55,859,1244,147,4,0
hypos,hypos.txt,2309,2,6,3.647466,8422,0,0,51,882,1214,154,8,0
lazed,lazed.txt,2309,2,6,3.647466,8422,0,0,41,876,1251,138,3,0
moots,moots.txt,2309,2,6,3.647466,8422,0,0,56,865,1228,157,3,0
nexal,nexal.txt,2309,2,6,3.647466,8422,0,0,55,866,1228,158,2,0
pokey,pokey.txt,2309,2,6,3.647466,8422,0,0,45,879,1235,145,5,0
pushy,pushy.txt,2309,1,6,3.647466,8422,1,1,55,882,1194,173,4,0
snoop,snoop.txt,2309,1,6,3.647466,8422,1,1,43,896,1204,159,6,0
sutta,sutta.txt,2309,2,6,3.647466,8422,0,0,58,886,1186,170,9,0
tided,tided.txt,2309,2,6,3.647466,8422,0,0,59,870,1209,168,3,0
tithe,tithe.txt,2309,1,6,3.647466,8422,1,1,51,888,1193,173,3,0
torii,torii.txt,2309,2,6,3.647466,8422,0,0,36,910,1202,154,7,0
arsis,arsis.txt,2309,2,6,3.6479,8423,0,0,43,902,1195,163,6,0
bedes,bedes.txt,2309,2,6,3.6479,8423,0,0,50,880,1218,155,6,0
hulks,hulks.txt,2309,2,6,3.6479,8423,0,0,47,886,1213,159,4,0
inane,inane.txt,2309,1,6,3.6479,8423,1,1,55,887,1186,173,7,0
joles,joles.txt,2309,2,6,3.6479,8423,0,0,39,889,1229,150,2,0
knoud,knoud.txt,2309,2,6,3.6479,8423,0,0,44,893,1211,154,7,0
lists,lists.txt,2309,2,6,3.6479,8423,0,0,48,874,1236,145,6,0
marvy,marvy.txt,2309,2,6,3.6479,8423,0,0,56,859,1241,148,5,0
nazir,nazir.txt,2309,2,6,3.6479,8423,0,0,46,873,1242,144,4,0
ollas,ollas.txt,2309,2,6,3.6479,8423,0,0,45,902,1193,159,10,0
ponto,ponto.txt,2309,2,6,3.6479,8423,0,0,58,853,1245,150,3,0
recur,recur.txt,2309,1,6,3.6479,8423,1,1,55,874,1209,166,4,0
repro,repro.txt,2309,2,6,3.6479,8423,0,0,52,884,1204,163,6,0
scars,scars.txt,2309,2,6,3.6479,8423,0,0,41,887,1228,150,3,0
sized,sized.txt,2309,2,6,3.6479,8423,0,0,38,898,1219,147,7,0
skelf,skelf.txt,2309,2,6,3.6479,8423,0,0,49,887,1206,162,5,0
sluts,sluts.txt,2309,2,6,3.6479,8423,0,0,46,890,1209,159,5,0
tinto,tinto.txt,2309,2,6,3.6479,8423,0,0,57,881,1195,170,6,0
vibes,vibes.txt,2309,2,6,3.6479,8423,0,0,45,883,1223,156,2,0
weigh,weigh.txt,2309,1,6,3.6479,8423,1,1,52,884,1199,168,5,0
yarta,yarta.txt,2309,2,6,3.6479,8423,0,0,46,874,1241,143,5,0
yolks,yolks.txt,2309,2,6,3.6479,8423,0,0,38,884,1242,143,2,0
zones,zones.txt,2309,2,6,3.6479,8423,0,0,38,891,1231,144,5,0
auras,auras.txt,2309,2,6,3.648333,8424,0,0,54,867,1231,151,6,0
cheep,cheep.txt,2309,2,6,3.648333,8424,0,0,54,893,1178,179,5,0
comby,comby.txt,2309,2,6,3.648333,8424,0,0,47,874,1236,148,4,0
crocs,crocs.txt,2309,2,6,3.648333,8424,0,0,43,885,1224,155,2,0
dedal,dedal.txt,2309,2,6,3.648333,8424,0,0,55,873,1211,169,1,0
guimp,guimp.txt,2309,2,6,3.648333,8424,0,0,53,871,1225,155,5,0
kings,kings.txt,2309,2,6,3.648333,8424,0,0,39,891,1226,149,4,0
laxes,laxes.txt,2309,2,6,3.648333,8424,0,0,41,898,1208,156,6,0
lests,lests.txt,2309,2,6,3.648333,8424,0,0,48,882,1220,152,7,0
loony,loony.txt,2309,2,6,3.648333,8424,0,0,49,885,1209,161,5,0
menge,menge.txt,2309,2,6,3.648333,8424,0,0,54,877,1211,161,6,0
oflag,oflag.txt,2309,2,6,3.648333,8424,0,0,42,890,1219,154,4,0
polje,polje.txt,2309,2,6,3.648333,8424,0,0,40,894,1219,150,6,0
rocky,rocky.txt,2309,1,6,3.648333,8424,1,1,42,876,1243,143,4,0
schif,schif.txt,2309,2,6,3.648333,8424,0,0,46,879,1229,151,4,0
septs,septs.txt,2309,2,6,3.648333,8424,0,0,45,880,1232,146,6,0
sices,sices.txt,2309,2,6,3.648333,8424,0,0,43,888,1220,154,4,0
sides,sides.txt,2309,2,6,3.648333,8424,0,0,44,891,1216,149,9,0
slops,slops.txt,2309,2,6,3.648333,8424,0,0,44,886,1223,150,6,0
todde,todde.txt,2309,2,5,3.648333,8424,0,0,45,878,1230,156,0,0
unagi,unagi.txt,2309,2,6,3.648333,8424,0,0,49,885,1211,157,7,0
wefts,wefts.txt,2309,2,6,3.648333,8424,0,0,48,867,1249,139,6,0
wifes,wifes.txt,2309,2,6,3.648333,8424,0,0,52,872,1223,160,2,0
yatra,yatra.txt,2309,2,6,3.648333,8424,0,0,43,879,1237,147,3,0
aviso,aviso.txt,2309,2,6,3.648766,8425,0,0,60,886,1173,185,5,0
aware,aware.txt,2309,1,6,3.648766,8425,1,1,50,886,1202,162,8,0
axled,axled.txt,2309,2,6,3.648766,8425,0,0,53,859,1246,148,3,0
bools,bools.txt,2309,2,6,3.648766,8425,0,0,55,864,1231,155,4,0
debug,debug.txt,2309,1,6,3.648766,8425,1,1,54,860,1240,148,6,0
flitt,flitt.txt,2309,2,6,3.648766,8425,0,0,58,853,1243,152,3,0
fnarr,fnarr.txt,2309,2,6,3.648766,8425,0,0,44,865,1259,140,1,0
imagy,imagy.txt,2309,2,6,3.648766,8425,0,0,55,856,1248,145,5,0
jaspe,jaspe.txt,2309,2,6,3.648766,8425,0,0,45,877,1235,148,4,0
kitab,kitab.txt,2309,2,6,3.648766,8425,0,0,41,885,1229,152,2,0
laxed,laxed.txt,2309,2,6,3.648766,8425,0,0,41,871,1257,138,2,0
lilac,lilac.txt,2309,1,6,3.648766,8425,1,1,42,888,1219,154,5,0
lorry,lorry.txt,2309,1,6,3.648766,8425,1,1,52,867,1234,147,8,0
maria,maria.txt,2309,2,6,3.648766,8425,0,0,62,876,1188,177,6,0
newel,newel.txt,2309,2,6,3.648766,8425,0,0,45,901,1189,168,6,0
odeum,odeum.txt,2309,2,6,3.648766,8425,0,0,60,860,1225,159,5,0
pipet,pipet.txt,2309,2,6,3.648766,8425,0,0,62,866,1207,169,5,0
spiky,spiky.txt,2309,1,6,3.648766,8425,1,1,52,870,1225,156,5,0
wreck,wreck.txt,2309,1,6,3.648766,8425,1,1,44,911,1171,173,9,0
yirks,yirks.txt,2309,2,6,3.648766,8425,0,0,40,881,1242,142,4,0
abohm,abohm.txt,2309,2,6,3.649199,8426,0,0,47,880,1224,152,6,0
agals,agals.txt,2309,2,6,3.649199,8426,0,0,50,880,1215,158,6,0
bodhi,bodhi.txt,2309,2,6,3.649199,8426,0,0,44,899,1194,167,5,0
cleek,cleek.txt,2309,2,6,3.649199,8426,0,0,51,879,1212,163,4,0
cozie,cozie.txt,2309,2,6,3.649199,8426,0,0,39,903,1200,163,4,0
divey,divey.txt,2309,2,6,3.649199,8426,0,0,57,848,1254,148,2,0
dross,dross.txt,2309,1,6,3.649199,8426,1,1,30,924,1185,161,8,0
faiks,faiks.txt,2309,2,6,3.649199,8426,0,0,50,868,1237,150,4,0
ficus,ficus.txt,2309,1,6,3.649199,8426,1,1,49,871,1230,154,4,0
frump,frump.txt,2309,2,6,3.649199,8426,0,0,44,865,1260,137,3,0
hunks,hunks.txt,2309,2,6,3.649199,8426,0,0,48,879,1224,151,7,0
imbos,imbos.txt,2309,2,6,3.649199,8426,0,0,51,862,1246,146,4,0
laded,laded.txt,2309,2,6,3.649199,8426,0,0,46,871,1244,143,5,0
meiko,meiko.txt,2309,2,6,3.649199,8426,0,0,52,905,1160,185,7,0
molto,molto.txt,2309,2,6,3.649199,8426,0,0,58,861,1228,157,5,0
nefie,nefie.txt,2309,2,6,3.649199,8426,0,0,55,856,1249,142,7,0
noway,noway.txt,2309,2,6,3.649199,8426,0,0,53,878,1212,158,8,0
oicks,oicks.txt,2309,2,6,3.649199,8426,0,0,42,883,1232,147,5,0
outby,outby.txt,2309,2,6,3.649199,8426,0,0,56,856,1244,148,5,0
pilei,pilei.txt,2309,2,6,3.649199,8426,0,0,39,890,1227,148,5,0
punka,punka.txt,2309,2,6,3.649199,8426,0,0,53,883,1201,165,7,0
raake,raake.txt,2309,2,6,3.649199,8426,0,0,45,895,1199,165,5,0
sided,sided.txt,2309,2,6,3.649199,8426,0,0,46,891,1208,155,9,0
uptak,uptak.txt,2309,2,6,3.649199,8426,0,0,53,866,1235,148,7,0
yarer,yarer.txt,2309,2,6,3.649199,8426,0,0,44,880,1232,148,5,0
awmry,awmry.txt,2309,2,6,3.649632,8427,0,0,51,851,1269,132,6,0
barky,barky.txt,2309,2,6,3.649632,8427,0,0,51,860,1250,143,5,0
blowy,blowy.txt,2309,2,6,3.649632,8427,0,0,48,859,1257,144,1,0
chubs,chubs.txt,2309,2,6,3.649632,8427,0,0,58,873,1203,170,5,0
debes,debes.txt,2309,2,6,3.649632,8427,0,0,42,894,1210,157,6,0
ditts,ditts.txt,2309,2,6,3.649632,8427,0,0,45,882,1221,159,2,0
goold,goold.txt,2309,2,6,3.649632,8427,0,0,55,861,1235,154,4,0
indow,indow.txt,2309,2,6,3.649632,8427,0,0,52,865,1234,156,2,0
jeans,jeans.txt,2309,2,6,3.649632,8427,0,0,38,881,1246,140,4,0
miaou,miaou.txt,2309,2,6,3.649632,8427,0,0,51,894,1187,167,10,0
mills,mills.txt,2309,2,6,3.649632,8427,0,0,43,881,1235,142,8,0
obese,obese.txt,2309,1,6,3.649632,8427,1,1,37,881,1246,139,5,0
odums,odums.txt,2309,2,6,3.649632,8427,0,0,44,893,1208,156,8,0
orris,orris.txt,2309,2,6,3.649632,8427,0,0,40,913,1178,172,6,0
plotz,plotz.txt,2309,2,6,3.649632,8427,0,0,40,881,1239,146,3,0
pross,pross.txt,2309,2,6,3.649632,8427,0,0,42,893,1212,156,6,0
sauts,sauts.txt,2309,2,6,3.649632,8427,0,0,50,889,1199,162,9,0
sayst,sayst.txt,2309,2,6,3.649632,8427,0,0,44,887,1214,162,2,0
skyed,skyed.txt,2309,2,6,3.649632,8427,0,0,36,890,1233,147,3,0
sooty,sooty.txt,2309,1,6,3.649632,8427,1,1,45,895,1196,165,7,0
tocky,tocky.txt,2309,2,6,3.649632,8427,0,0,42,876,1245,141,5,0
virga,virga.txt,2309,2,6,3.649632,8427,0,0,68,849,1221,166,5,0
yowed,yowed.txt,2309,2,6,3.649632,8427,0,0,49,858,1256,145,1,0
axles,axles.txt,2309,2,6,3.650065,8428,0,0,44,892,1206,162,5,0
boron,boron.txt,2309,2,6,3.650065,8428,0,0,62,859,1222,157,9,0
dryer,dryer.txt,2309,1,6,3.650065,8428,1,1,44,863,1260,136,5,0
glial,glial.txt,2309,2,6,3.650065,8428,0,0,59,871,1203,171,5,0
hasta,hasta.txt,2309,2,6,3.650065,8428,0,0,52,869,1230,151,7,0
hefty,hefty.txt,2309,1,6,3.650065,8428,1,1,54,855,1245,150,4,0
kagos,kagos.txt,2309,2,6,3.650065,8428,0,0,38,888,1234,142,7,0
larga,larga.txt,2309,2,6,3.650065,8428,0,0,53,881,1200,171,4,0
pilin,pilin.txt,2309,2,6,3.650065,8428,0,0,42,892,1211,160,4,0
pinky,pinky.txt,2309,1,6,3.650065,8428,1,1,53,873,1212,166,4,0
rossa,rossa.txt,2309,2,6,3.650065,8428,0,0,48,895,1190,169,7,0
tahas,tahas.txt,2309,2,6,3.650065,8428,0,0,41,886,1229,146,7,0
tanga,tanga.txt,2309,2,6,3.650065,8428,0,0,60,851,1238,157,3,0
tewed,tewed.txt,2309,2,6,3.650065,8428,0,0,57,862,1225,162,3,0
wifed,wifed.txt,2309,2,6,3.650065,8428,0,0,57,859,1231,159,3,0
abysm,abysm.txt,2309,2,6,3.650498,8429,0,0,43,866,1259,137,4,0
ankus,ankus.txt,2309,2,6,3.650498,8429,0,0,41,894,1211,157,6,0
chiko,chiko.txt,2309,2,6,3.650498,8429,0,0,49,903,1173,174,10,0
dawgs,dawgs.txt,2309,2,6,3.650498,8429,0,0,40,875,1249,142,3,0
dells,dells.txt,2309,2,6,3.650498,8429,0,0,42,887,1223,150,7,0
fille,fille.txt,2309,2,6,3.650498,8429,0,0,51,871,1226,156,5,0
fisho,fisho.txt,2309,2,6,3.650498,8429,0,0,49,883,1210,160,7,0
gaita,gaita.txt,2309,2,6,3.650498,8429,0,0,50,884,1202,169,4,0
herye,herye.txt,2309,2,6,3.650498,8429,0,0,46,880,1225,151,7,0
hokis,hokis.txt,2309,2,6,3.650498,8429,0,0,39,907,1189,170,4,0
howbe,howbe.txt,2309,2,6,3.650498,8429,0,0,43,871,1253,134,8,0
lumbi,lumbi.txt,2309,2,6,3.650498,8429,0,0,52,844,1275,135,3,0
moron,moron.txt,2309,1,6,3.650498,8429,1,1,57,882,1183,180,6,0
ouphs,ouphs.txt,2309,2,6,3.650498,8429,0,0,46,898,1191,165,9,0
ragas,ragas.txt,2309,2,6,3.650498,8429,0,0,51,874,1222,155,7,0
rally,rally.txt,2309,1,6,3.650498,8429,1,1,52,861,1242,145,8,0
roops,roops.txt,2309,2,6,3.650498,8429,0,0,55,866,1225,157,6,0
scull,scull.txt,2309,2,6,3.650498,8429,0,0,40,893,1213,160,3,0
seven,seven.txt,2309,1,6,3.650498,8429,1,1,60,870,1198,174,6,0
tozes,tozes.txt,2309,2,6,3.650498,8429,0,0,32,900,1224,149,4,0
tutes,tutes.txt,2309,2,6,3.650498,8429,0,0,55,875,1205,170,4,0
yodhs,yodhs.txt,2309,2,6,3.650498,8429,0,0,45,886,1217,153,8,0
young,young.txt,2309,1,6,3.650498,8429,1,1,36,902,1208,154,8,0
zaris,zaris.txt,2309,2,6,3.650498,8429,0,0,45,872,1243,143,6,0
bogus,bogus.txt,2309,2,6,3.650931,8430,0,0,61,856,1225,162,5,0
ceric,ceric.txt,2309,2,6,3.650931,8430,0,0,42,903,1190,167,7,0
costs,costs.txt,2309,2,6,3.650931,8430,0,0,43,886,1219,156,5,0
deeps,deeps.txt,2309,2,6,3.650931,8430,0,0,50,866,1239,148,6,0
easts,easts.txt,2309,2,6,3.650931,8430,0,0,51,879,1212,159,8,0
fakes,fakes.txt,2309,2,6,3.650931,8430,0,0,43,855,1280,127,4,0
hying,hying.txt,2309,2,6,3.650931,8430,0,0,49,865,1245,143,7,0
jolts,jolts.txt,2309,2,6,3.650931,8430,0,0,42,866,1261,136,4,0
kaury,kaury.txt,2309,2,6,3.650931,8430,0,0,42,885,1224,153,5,0
mifty,mifty.txt,2309,2,6,3.650931,8430,0,0,53,850,1260,142,4,0
naevi,naevi.txt,2309,2,6,3.650931,8430,0,0,55,852,1252,144,6,0
nitta,nitta.txt,2309,2,6,3.650931,8430,0,0,60,867,1208,167,7,0
oskin,oskin.txt,2309,2,6,3.650931,8430,0,0,41,893,1211,159,5,0
ryked,ryked.txt,2309,2,6,3.650931,8430,0,0,36,884,1242,144,3,0
smaze,smaze.txt,2309,2,6,3.650931,8430,0,0,50,872,1232,144,11,0
sorgo,sorgo.txt,2309,2,6,3.650931,8430,0,0,47,885,1209,163,5,0
taiga,taiga.txt,2309,2,6,3.650931,8430,0,0,57,881,1186,181,4,0
tasty,tasty.txt,2309,1,6,3.650931,8430,1,1,54,863,1225,164,2,0
vower,vower.txt,2309,2,6,3.650931,8430,0,0,54,865,1226,161,3,0
wight,wight.txt,2309,1,6,3.650931,8430,1,1,52,856,1246,151,3,0
woken,woken.txt,2309,1,6,3.650931,8430,1,1,49,881,1209,162,7,0
yechs,yechs.txt,2309,2,6,3.650931,8430,0,0,40,889,1220,157,3,0
yrivd,yrivd.txt,2309,2,6,3.650931,8430,0,0,41,879,1239,145,5,0
zeros,zeros.txt,2309,2,6,3.650931,8430,0,0,38,901,1203,163,4,0
avoid,avoid.txt,2309,1,6,3.651364,8431,1,1,63,870,1190,176,9,0
bokeh,bokeh.txt,2309,2,6,3.651364,8431,0,0,39,888,1225,153,4,0
chews,chews.txt,2309,2,6,3.651364,8431,0,0,50,888,1194,171,6,0
cobot,cobot.txt,2309,2,6,3.651364,8431,0,0,56,863,1225,160,5,0
cosec,cosec.txt,2309,2,6,3.651364,8431,0,0,37,894,1216,161,1,0
exist,exist.txt,2309,1,6,3.651364,8431,1,1,45,892,1197,168,6,0
gryke,gryke.txt,2309,2,6,3.651364,8431,0,0,36,882,1244,145,2,0
hoots,hoots.txt,2309,2,6,3.651364,8431,0,0,54,870,1218,161,6,0
icier,icier.txt,2309,2,6,3.651364,8431,0,0,47,899,1181,176,6,0
jones,jones.txt,2309,2,6,3.651364,8431,0,0,40,882,1233,151,3,0
lamas,lamas.txt,2309,2,6,3.651364,8431,0,0,47,877,1226,152,7,0
mocks,mocks.txt,2309,2,6,3.651364,8431,0,0,48,867,1238,154,2,0
pouks,pouks.txt,2309,2,6,3.651364,8431,0,0,43,895,1201,164,6,0
serer,serer.txt,2309,2,6,3.651364,8431,0,0,49,888,1198,167,7,0
sexto,sexto.txt,2309,2,6,3.651364,8431,0,0,37,900,1210,155,7,0
takhi,takhi.txt,2309,2,6,3.651364,8431,0,0,42,877,1238,148,4,0
ticky,ticky.txt,2309,2,6,3.651364,8431,0,0,45,884,1214,163,3,0
tozed,tozed.txt,2309,2,6,3.651364,8431,0,0,38,874,1254,141,2,0
truth,truth.txt,2309,1,6,3.651364,8431,1,1,56,893,1163,189,7,0
umiac,umiac.txt,2309,2,6,3.651364,8431,0,0,55,857,1242,148,7,0
unked,unked.txt,2309,2,6,3.651364,8431,0,0,42,887,1218,158,4,0
vinyl,vinyl.txt,2309,1,6,3.651364,8431,1,1,43,866,1254,140,5,0
aulas,aulas.txt,2309,2,6,3.651797,8432,0,0,50,885,1200,167,7,0
axils,axils.txt,2309,2,6,3.651797,8432,0,0,45,878,1228,152,6,0
banky,banky.txt,2309,2,6,3.651797,8432,0,0,49,867,1237,151,5,0
colic,colic.txt,2309,2,6,3.651797,8432,0,0,41,884,1227,152,5,0
datto,datto.txt,2309,2,6,3.651797,8432,0,0,52,860,1243,148,6,0
fidus,fidus.txt,2309,2,6,3.651797,8432,0,0,45,867,1249,143,5,0
frorn,frorn.txt,2309,2,6,3.651797,8432,0,0,43,881,1227,153,5,0
fundi,fundi.txt,2309,2,6,3.651797,8432,0,0,51,841,1285,125,7,0
fusty,fusty.txt,2309,2,6,3.651797,8432,0,0,49,874,1223,158,5,0
glyph,glyph.txt,2309,1,6,3.651797,8432,1,1,45,848,1283,127,5,0
hecks,hecks.txt,2309,2,6,3.651797,8432,0,0,41,890,1212,164,2,0
intil,intil.txt,2309,2,6,3.651797,8432,0,0,54,858,1240,152,5,0
kipsy,kipsy.txt,2309,2,6,3.651797,8432,0,0,46,875,1231,151,6,0
lawks,lawks.txt,2309,2,6,3.651797,8432,0,0,38,881,1242,143,5,0
ondol,ondol.txt,2309,2,6,3.651797,8432,0,0,49,875,1220,161,4,0
perry,perry.txt,2309,2,6,3.651797,8432,0,0,55,862,1229,158,5,0
persp,persp.txt,2309,2,6,3.651797,8432,0,0,47,883,1212,161,6,0
prowk,prowk.txt,2309,2,6,3.651797,8432,0,0,46,878,1225,154,6,0
reeaf,reeaf.txt,2309,2,6,3.651797,8432,0,0,41,891,1214,157,6,0
rejon,rejon.txt,2309,2,6,3.651797,8432,0,0,40,879,1238,149,3,0
roods,roods.txt,2309,2,6,3.651797,8432,0,0,54,881,1195,173,6,0
silds,silds.txt,2309,2,6,3.651797,8432,0,0,41,870,1251,146,1,0
skimo,skimo.txt,2309,2,6,3.651797,8432,0,0,46,906,1171,178,8,0
slags,slags.txt,2309,2,6,3.651797,8432,0,0,44,889,1210,159,7,0
snowk,snowk.txt,2309,2,6,3.651797,8432,0,0,46,885,1212,159,7,0
telly,telly.txt,2309,2,6,3.651797,8432,0,0,50,881,1207,165,6,0
volke,volke.txt,2309,2,6,3.651797,8432,0,0,53,863,1232,157,4,0
windy,windy.txt,2309,1,6,3.651797,8432,1,1,48,856,1259,139,6,0
aiyee,aiyee.txt,2309,2,6,3.65223,8433,0,0,29,921,1188,166,5,0
akene,akene.txt,2309,2,6,3.65223,8433,0,0,47,893,1190,174,5,0
alkyd,alkyd.txt,2309,2,6,3.65223,8433,0,0,36,884,1239,147,3,0
condo,condo.txt,2309,1,6,3.65223,8433,1,1,52,860,1236,156,4,0
crura,crura.txt,2309,2,6,3.65223,8433,0,0,49,900,1169,187,4,0
culls,culls.txt,2309,2,6,3.65223,8433,0,0,40,891,1214,160,4,0
elfed,elfed.txt,2309,2,6,3.65223,8433,0,0,49,859,1249,150,2,0
epena,epena.txt,2309,2,6,3.65223,8433,0,0,61,851,1232,160,5,0
faked,faked.txt,2309,2,5,3.65223,8433,0,0,45,851,1275,138,0,0
heben,heben.txt,2309,2,6,3.65223,8433,0,0,45,889,1206,162,7,0
hedgy,hedgy.txt,2309,2,6,3.65223,8433,0,0,52,852,1257,143,5,0
hovea,hovea.txt,2309,2,6,3.65223,8433,0,0,55,872,1208,169,5,0
jilts,jilts.txt,2309,2,6,3.65223,8433,0,0,39,878,1241,149,2,0
kaphs,kaphs.txt,2309,2,6,3.65223,8433,0,0,36,890,1227,153,3,0
kytes,kytes.txt,2309,2,6,3.65223,8433,0,0,32,886,1246,143,2,0
laarf,laarf.txt,2309,2,6,3.65223,8433,0,0,48,865,1241,152,3,0
loess,loess.txt,2309,2,6,3.65223,8433,0,0,44,893,1200,166,6,0
malai,malai.txt,2309,2,6,3.65223,8433,0,0,51,874,1219,157,8,0
molal,molal.txt,2309,2,6,3.65223,8433,0,0,52,881,1201,168,7,0
moton,moton.txt,2309,2,6,3.65223,8433,0,0,64,847,1228,168,2,0
retry,retry.txt,2309,1,6,3.65223,8433,1,1,52,869,1220,161,6,0
saiga,saiga.txt,2309,2,6,3.65223,8433,0,0,49,891,1194,164,11,0
sigil,sigil.txt,2309,2,6,3.65223,8433,0,0,42,894,1203,165,5,0
skimp,skimp.txt,2309,1,6,3.65223,8433,1,1,49,870,1227,156,6,0
slish,slish.txt,2309,2,6,3.65223,8433,0,0,37,916,1175,175,6,0
spies,spies.txt,2309,2,6,3.65223,8433,0,0,45,889,1205,164,6,0
tolly,tolly.txt,2309,2,6,3.65223,8433,0,0,57,854,1238,155,5,0
tykes,tykes.txt,2309,2,6,3.65223,8433,0,0,30,886,1252,139,2,0
vodun,vodun.txt,2309,2,6,3.65223,8433,0,0,55,857,1239,152,6,0
waulk,waulk.txt,2309,2,6,3.65223,8433,0,0,46,878,1224,155,6,0
whams,whams.txt,2309,2,6,3.65223,8433,0,0,53,858,1240,155,3,0
whaps,whaps.txt,2309,2,6,3.65223,8433,0,0,52,868,1226,157,6,0
yowes,yowes.txt,2309,2,6,3.65223,8433,0,0,35,881,1248,142,3,0
adeem,adeem.txt,2309,2,6,3.652663,8434,0,0,50,862,1241,152,4,0
adred,adred.txt,2309,2,6,3.652663,8434,0,0,46,862,1251,148,2,0
advts,advts.txt,2309,2,6,3.652663,8434,0,0,38,871,1258,139,3,0
cozes,cozes.txt,2309,2,6,3.652663,8434,0,0,39,886,1223,160,1,0
doses,doses.txt,2309,2,6,3.652663,8434,0,0,40,869,1257,139,4,0
dured,dured.txt,2309,2,6,3.652663,8434,0,0,47,896,1184,176,6,0
hella,hella.txt,2309,2,6,3.652663,8434,0,0,54,888,1184,172,11,0
hoors,hoors.txt,2309,2,6,3.652663,8434,0,0,44,895,1192,175,3,0
mecks,mecks.txt,2309,2,6,3.652663,8434,0,0,39,895,1212,155,8,0
nains,nains.txt,2309,2,6,3.652663,8434,0,0,50,879,1213,157,10,0
nones,nones.txt,2309,2,6,3.652663,8434,0,0,41,886,1221,156,5,0
rawks,rawks.txt,2309,2,6,3.652663,8434,0,0,41,856,1279,130,3,0
rejas,rejas.txt,2309,2,6,3.652663,8434,0,0,29,911,1204,163,2,0
roary,roary.txt,2309,2,6,3.652663,8434,0,0,61,848,1235,162,3,0
slosh,slosh.txt,2309,1,6,3.652663,8434,1,1,44,895,1192,170,7,0
thymi,thymi.txt,2309,2,6,3.652663,8434,0,0,40,884,1226,156,3,0
wroot,wroot.txt,2309,2,6,3.652663,8434,0,0,53,877,1208,161,10,0
zaide,zaide.txt,2309,2,6,3.652663,8434,0,0,39,871,1255,141,3,0
awork,awork.txt,2309,2,6,3.653097,8435,0,0,51,874,1213,167,4,0
chace,chace.txt,2309,2,6,3.653097,8435,0,0,43,910,1171,175,10,0
cilia,cilia.txt,2309,2,6,3.653097,8435,0,0,48,882,1210,161,8,0
coded,coded.txt,2309,2,6,3.653097,8435,0,0,48,870,1229,159,3,0
conin,conin.txt,2309,2,6,3.653097,8435,0,0,50,883,1203,164,9,0
dhows,dhows.txt,2309,2,6,3.653097,8435,0,0,48,868,1235,153,5,0
dinky,dinky.txt,2309,2,6,3.653097,8435,0,0,46,855,1269,132,7,0
dukas,dukas.txt,2309,2,6,3.653097,8435,0,0,36,883,1239,148,3,0
feens,feens.txt,2309,2,6,3.653097,8435,0,0,44,887,1212,158,8,0
flews,flews.txt,2309,2,6,3.653097,8435,0,0,48,856,1259,141,5,0
forby,forby.txt,2309,2,6,3.653097,8435,0,0,52,855,1249,148,5,0
gopak,gopak.txt,2309,2,6,3.653097,8435,0,0,45,875,1230,154,5,0
gybed,gybed.txt,2309,2,6,3.653097,8435,0,0,44,856,1269,137,3,0
khads,khads.txt,2309,2,6,3.653097,8435,0,0,44,866,1251,143,5,0
kutch,kutch.txt,2309,2,6,3.653097,8435,0,0,49,879,1211,164,6,0
mirrs,mirrs.txt,2309,2,6,3.653097,8435,0,0,45,867,1245,148,4,0
mochy,mochy.txt,2309,2,6,3.653097,8435,0,0,48,881,1212,160,8,0
moufs,moufs.txt,2309,2,6,3.653097,8435,0,0,47,868,1236,155,3,0
obole,obole.txt,2309,2,6,3.653097,8435,0,0,48,868,1236,151,6,0
owche,owche.txt,2309,2,6,3.653097,8435,0,0,43,873,1238,152,3,0
pacas,pacas.txt,2309,2,6,3.653097,8435,0,0,46,872,1233,153,5,0
pigmy,pigmy.txt,2309,2,6,3.653097,8435,0,0,57,836,1269,145,2,0
plaga,plaga.txt,2309,2,6,3.653097,8435,0,0,52,869,1222,160,6,0
pukas,pukas.txt,2309,2,6,3.653097,8435,0,0,41,902,1188,173,5,0
scans,scans.txt,2309,2,6,3.653097,8435,0,0,38,883,1233,152,3,0
slojd,slojd.txt,2309,2,6,3.653097,8435,0,0,34,877,1257,138,3,0
spits,spits.txt,2309,2,6,3.653097,8435,0,0,42,890,1207,167,3,0
wharf,wharf.txt,2309,1,6,3.653097,8435,1,1,51,868,1218,170,1,0
actas,actas.txt,2309,2,6,3.65353,8436,0,0,43,865,1257,137,7,0
ankhs,ankhs.txt,2309,2,6,3.65353,8436,0,0,38,872,1255,140,4,0
baaed,baaed.txt,2309,2,6,3.65353,8436,0,0,53,869,1213,173,1,0
bonne,bonne.txt,2309,2,6,3.65353,8436,0,0,45,897,1190,167,10,0
burks,burks.txt,2309,2,6,3.65353,8436,0,0,53,867,1224,157,8,0
chiva,chiva.txt,2309,2,6,3.65353,8436,0,0,53,893,1170,187,6,0
dited,dited.txt,2309,2,6,3.65353,8436,0,0,60,859,1215,171,4,0
enoki,enoki.txt,2309,2,6,3.65353,8436,0,0,46,879,1222,153,9,0
fikes,fikes.txt,2309,2,6,3.65353,8436,0,0,47,871,1229,159,3,0
fleck,fleck.txt,2309,1,6,3.65353,8436,1,1,55,855,1234,160,4,0
friar,friar.txt,2309,1,6,3.65353,8436,1,1,55,856,1233,159,5,0
geasa,geasa.txt,2309,2,6,3.65353,8436,0,0,46,893,1192,171,7,0
glass,glass.txt,2309,1,6,3.65353,8436,1,1,43,887,1209,162,7,0
jaunt,jaunt.txt,2309,1,6,3.65353,8436,1,1,41,874,1238,151,4,0
khula,khula.txt,2309,2,6,3.65353,8436,0,0,42,898,1194,168,7,0
loxed,loxed.txt,2309,2,6,3.65353,8436,0,0,42,889,1212,159,7,0
marah,marah.txt,2309,2,6,3.65353,8436,0,0,58,854,1234,156,7,0
mirky,mirky.txt,2309,2,6,3.65353,8436,0,0,47,866,1241,150,5,0
neons,neons.txt,2309,2,6,3.65353,8436,0,0,42,881,1225,157,4,0
panda,panda.txt,2309,2,6,3.65353,8436,0,0,51,871,1218,165,4,0
peake,peake.txt,2309,2,6,3.65353,8436,0,0,51,883,1197,171,7,0
reefs,reefs.txt,2309,2,6,3.65353,8436,0,0,46,863,1249,147,4,0
slims,slims.txt,2309,2,6,3.65353,8436,0,0,48,864,1244,146,7,0
spots,spots.txt,2309,2,6,3.65353,8436,0,0,44,874,1232,156,3,0
swive,swive.txt,2309,2,6,3.65353,8436,0,0,56,872,1201,176,4,0
tooms,tooms.txt,2309,2,6,3.65353,8436,0,0,54,856,1239,156,4,0
virus,virus.txt,2309,1,6,3.65353,8436,1,1,50,871,1218,164,5,0
waifs,waifs.txt,2309,2,6,3.65353,8436,0,0,48,867,1237,151,6,0
yokan,yokan.txt,2309,2,6,3.65353,8436,0,0,38,887,1223,159,2,0
above,above.txt,2309,1,6,3.653963,8437,1,1,50,880,1198,176,4,0
apaid,apaid.txt,2309,2,6,3.653963,8437,0,0,57,866,1212,167,7,0
bulgy,bulgy.txt,2309,2,6,3.653963,8437,0,0,60,850,1234,159,6,0
capex,capex.txt,2309,2,6,3.653963,8437,0,0,47,854,1266,135,7,0
chott,chott.txt,2309,2,6,3.653963,8437,0,0,49,881,1202,174,3,0
exact,exact.txt,2309,1,6,3.653963,8437,1,1,48,866,1233,156,5,0
fyces,fyces.txt,2309,2,6,3.653963,8437,0,0,45,848,1280,133,3,0
gopik,gopik.txt,2309,2,6,3.653963,8437,0,0,41,891,1211,158,8,0
gybes,gybes.txt,2309,2,6,3.653963,8437,0,0,41,857,1273,136,2,0
joust,joust.txt,2309,1,6,3.653963,8437,1,1,37,882,1231,156,2,0
kauri,kauri.txt,2309,2,6,3.653963,8437,0,0,41,892,1206,165,5,0
mazet,mazet.txt,2309,2,6,3.653963,8437,0,0,50,855,1253,146,5,0
mikos,mikos.txt,2309,2,6,3.653963,8437,0,0,50,881,1203,168,7,0
napas,napas.txt,2309,2,6,3.653963,8437,0,0,51,868,1228,153,9,0
nason,nason.txt,2309,2,6,3.653963,8437,0,0,51,866,1229,157,6,0
noyau,noyau.txt,2309,2,6,3.653963,8437,0,0,38,886,1227,153,5,0
numbs,numbs.txt,2309,2,6,3.653963,8437,0,0,44,851,1278,132,4,0
palay,palay.txt,2309,2,6,3.653963,8437,0,0,56,862,1221,165,5,0
paper,paper.txt,2309,1,6,3.653963,8437,1,1,47,872,1224,160,5,0
rieve,rieve.txt,2309,2,6,3.653963,8437,0,0,53,892,1173,183,8,0
sarus,sarus.txt,2309,2,6,3.653963,8437,0,0,42,883,1222,156,6,0
unsaw,unsaw.txt,2309,2,6,3.653963,8437,0,0,56,866,1213,169,5,0
weamb,weamb.txt,2309,2,6,3.653963,8437,0,0,44,872,1237,151,5,0
wrier,wrier.txt,2309,2,6,3.653963,8437,0,0,41,897,1195,172,4,0
alamo,alamo.txt,2309,2,6,3.654396,8438,0,0,51,888,1187,174,9,0
albas,albas.txt,2309,2,6,3.654396,8438,0,0,55,868,1215,162,9,0
boygs,boygs.txt,2309,2,6,3.654396,8438,0,0,47,862,1245,152,3,0
camas,camas.txt,2309,2,6,3.654396,8438,0,0,50,876,1210,168,5,0
colza,colza.txt,2309,2,6,3.654396,8438,0,0,51,865,1228,161,4,0
derry,derry.txt,2309,2,6,3.654396,8438,0,0,53,855,1245,149,7,0
fetwa,fetwa.txt,2309,2,6,3.654396,8438,0,0,50,860,1242,152,5,0
fleme,fleme.txt,2309,2,6,3.654396,8438,0,0,51,872,1217,162,7,0
goyim,goyim.txt,2309,2,6,3.654396,8438,0,0,49,877,1213,163,7,0
jeton,jeton.txt,2309,2,6,3.654396,8438,0,0,49,855,1254,147,4,0
kapus,kapus.txt,2309,2,6,3.654396,8438,0,0,37,889,1225,151,7,0
kunds,kunds.txt,2309,2,6,3.654396,8438,0,0,39,881,1230,157,2,0
lamia,lamia.txt,2309,2,6,3.654396,8438,0,0,47,888,1197,170,7,0
lever,lever.txt,2309,1,6,3.654396,8438,1,1,57,879,1181,184,7,0
manas,manas.txt,2309,2,6,3.654396,8438,0,0,50,871,1221,161,6,0
naunt,naunt.txt,2309,2,6,3.654396,8438,0,0,48,871,1226,159,5,0
nudgy,nudgy.txt,2309,2,6,3.654396,8438,0,0,52,868,1221,162,6,0
ohone,ohone.txt,2309,2,6,3.654396,8438,0,0,48,871,1230,151,9,0
preve,preve.txt,2309,2,6,3.654396,8438,0,0,50,895,1177,177,10,0
quale,quale.txt,2309,2,6,3.654396,8438,0,0,34,899,1216,151,9,0
sands,sands.txt,2309,2,6,3.654396,8438,0,0,41,878,1234,150,6,0
sensi,sensi.txt,2309,2,6,3.654396,8438,0,0,40,902,1187,176,4,0
spars,spars.txt,2309,2,6,3.654396,8438,0,0,47,877,1216,165,4,0
taxis,taxis.txt,2309,2,6,3.654396,8438,0,0,47,870,1229,160,3,0
touts,touts.txt,2309,2,6,3.654396,8438,0,0,51,873,1213,167,5,0
weels,weels.txt,2309,2,6,3.654396,8438,0,0,49,875,1216,163,6,0
yonks,yonks.txt,2309,2,6,3.654396,8438,0,0,34,880,1251,138,6,0
yugas,yugas.txt,2309,2,6,3.654396,8438,0,0,51,864,1235,150,9,0
apage,apage.txt,2309,2,6,3.654829,8439,0,0,51,881,1198,172,7,0
brers,brers.txt,2309,2,6,3.654829,8439,0,0,41,877,1233,154,4,0
bulks,bulks.txt,2309,2,6,3.654829,8439,0,0,52,864,1226,163,4,0
coxed,coxed.txt,2309,2,6,3.654829,8439,0,0,45,863,1247,152,2,0
cozed,cozed.txt,2309,2,6,3.654829,8439,0,0,40,871,1247,148,3,0
dizen,dizen.txt,2309,2,6,3.654829,8439,0,0,44,872,1233,157,3,0
finks,finks.txt,2309,2,6,3.654829,8439,0,0,51,850,1256,149,3,0
hoons,hoons.txt,2309,2,6,3.654829,8439,0,0,48,882,1205,167,7,0
kreep,kreep.txt,2309,2,6,3.654829,8439,0,0,51,886,1185,183,4,0
lazos,lazos.txt,2309,2,6,3.654829,8439,0,0,48,875,1216,166,4,0
mawps,mawps.txt,2309,2,6,3.654829,8439,0,0,38,872,1253,141,5,0
mucho,mucho.txt,2309,2,6,3.654829,8439,0,0,51,885,1189,178,6,0
nadas,nadas.txt,2309,2,6,3.654829,8439,0,0,46,875,1224,158,6,0
neems,neems.txt,2309,2,6,3.654829,8439,0,0,37,886,1229,151,6,0
nenta,nenta.txt,2309,2,6,3.654829,8439,0,0,50,866,1226,165,2,0
rakhi,rakhi.txt,2309,2,6,3.654829,8439,0,0,38,885,1226,156,4,0
revie,revie.txt,2309,2,6,3.654829,8439,0,0,54,872,1206,171,6,0
ruers,ruers.txt,2309,2,6,3.654829,8439,0,0,48,886,1197,171,7,0
scapa,scapa.txt,2309,2,6,3.654829,8439,0,0,49,854,1257,143,6,0
scots,scots.txt,2309,2,6,3.654829,8439,0,0,42,883,1223,152,9,0
smell,smell.txt,2309,1,6,3.654829,8439,1,1,48,873,1220,159,8,0
solds,solds.txt,2309,2,6,3.654829,8439,0,0,38,882,1231,155,3,0
texas,texas.txt,2309,2,6,3.654829,8439,0,0,37,873,1253,142,4,0
tusky,tusky.txt,2309,2,6,3.654829,8439,0,0,45,888,1202,167,7,0
whang,whang.txt,2309,2,6,3.654829,8439,0,0,52,874,1207,171,5,0
yikes,yikes.txt,2309,2,6,3.654829,8439,0,0,30,903,1213,160,3,0
alays,alays.txt,2309,2,6,3.655262,8440,0,0,41,885,1217,161,5,0
aroma,aroma.txt,2309,1,6,3.655262,8440,1,1,56,860,1218,169,5,0
azlon,azlon.txt,2309,2,6,3.655262,8440,0,0,47,871,1227,159,5,0
bunya,bunya.txt,2309,2,6,3.655262,8440,0,0,48,872,1224,158,7,0
caxon,caxon.txt,2309,2,6,3.655262,8440,0,0,54,867,1215,167,6,0
cists,cists.txt,2309,2,6,3.655262,8440,0,0,38,872,1250,146,3,0
codex,codex.txt,2309,2,6,3.655262,8440,0,0,49,852,1256,150,2,0
damna,damna.txt,2309,2,6,3.655262,8440,0,0,54,859,1232,157,7,0
doona,doona.txt,2309,2,6,3.655262,8440,0,0,55,898,1151,198,7,0
duett,duett.txt,2309,2,6,3.655262,8440,0,0,53,897,1159,193,7,0
fungs,fungs.txt,2309,2,6,3.655262,8440,0,0,52,856,1242,154,5,0
hicks,hicks.txt,2309,2,6,3.655262,8440,0,0,44,882,1212,168,3,0
hocks,hocks.txt,2309,2,6,3.655262,8440,0,0,47,871,1223,167,1,0
imago,imago.txt,2309,2,6,3.655262,8440,0,0,55,870,1204,176,4,0
jerid,jerid.txt,2309,2,6,3.655262,8440,0,0,38,882,1229,158,2,0
kipah,kipah.txt,2309,2,6,3.655262,8440,0,0,40,892,1211,156,10,0
knave,knave.txt,2309,1,6,3.655262,8440,1,1,54,879,1188,180,7,0
kneel,kneel.txt,2309,1,6,3.655262,8440,1,1,50,874,1209,169,6,0
loxes,loxes.txt,2309,2,6,3.655262,8440,0,0,49,864,1235,156,5,0
mazer,mazer.txt,2309,2,6,3.655262,8440,0,0,53,860,1229,164,3,0
midgy,midgy.txt,2309,2,6,3.655262,8440,0,0,60,836,1258,150,5,0
motts,motts.txt,2309,2,6,3.655262,8440,0,0,48,862,1240,156,3,0
oleos,oleos.txt,2309,2,6,3.655262,8440,0,0,44,888,1203,168,6,0
rekes,rekes.txt,2309,2,6,3.655262,8440,0,0,37,897,1202,171,2,0
sipes,sipes.txt,2309,2,6,3.655262,8440,0,0,47,880,1210,166,6,0
sooey,sooey.txt,2309,2,6,3.655262,8440,0,0,43,878,1227,154,7,0
suits,suits.txt,2309,2,6,3.655262,8440,0,0,43,887,1208,165,6,0
tenty,tenty.txt,2309,2,6,3.655262,8440,0,0,54,874,1199,178,4,0
thanx,thanx.txt,2309,2,6,3.655262,8440,0,0,48,865,1235,157,4,0
vowel,vowel.txt,2309,1,6,3.655262,8440,1,1,61,852,1222,165,8,0
waive,waive.txt,2309,1,6,3.655262,8440,1,1,55,851,1240,156,6,0
bawds,bawds.txt,2309,2,6,3.655695,8441,0,0,43,857,1263,144,2,0
fenks,fenks.txt,2309,2,6,3.655695,8441,0,0,41,879,1228,156,5,0
gimpy,gimpy.txt,2309,2,6,3.655695,8441,0,0,56,834,1270,147,2,0
goors,goors.txt,2309,2,6,3.655695,8441,0,0,49,870,1222,163,5,0
hazel,hazel.txt,2309,1,6,3.655695,8441,1,1,37,890,1212,166,3,0
hymns,hymns.txt,2309,2,6,3.655695,8441,0,0,45,857,1258,146,3,0
kwirl,kwirl.txt,2309,2,6,3.655695,8441,0,0,46,890,1191,177,5,0
loops,loops.txt,2309,2,6,3.655695,8441,0,0,54,855,1237,158,5,0
mirex,mirex.txt,2309,2,6,3.655695,8441,0,0,52,873,1209,168,7,0
ootid,ootid.txt,2309,2,6,3.655695,8441,0,0,54,866,1213,173,3,0
pisky,pisky.txt,2309,2,6,3.655695,8441,0,0,48,869,1227,160,5,0
quart,quart.txt,2309,1,6,3.655695,8441,1,1,33,891,1227,149,8,0
sewed,sewed.txt,2309,2,6,3.655695,8441,0,0,52,856,1241,155,5,0
talak,talak.txt,2309,2,6,3.655695,8441,0,0,53,855,1242,152,7,0
yelks,yelks.txt,2309,2,6,3.655695,8441,0,0,37,876,1247,143,6,0
amain,amain.txt,2309,2,6,3.656128,8442,0,0,54,878,1192,178,7,0
catty,catty.txt,2309,1,6,3.656128,8442,1,1,50,856,1239,161,2,0
grovy,grovy.txt,2309,2,6,3.656128,8442,0,0,53,863,1226,159,8,0
havoc,havoc.txt,2309,1,6,3.656128,8442,1,1,44,875,1218,170,1,0
holon,holon.txt,2309,2,6,3.656128,8442,0,0,45,873,1227,159,5,0
hoord,hoord.txt,2309,2,6,3.656128,8442,0,0,54,879,1191,177,8,0
igapo,igapo.txt,2309,2,6,3.656128,8442,0,0,53,864,1224,160,8,0
kiasu,kiasu.txt,2309,2,6,3.656128,8442,0,0,34,902,1207,156,10,0
kuias,kuias.txt,2309,2,6,3.656128,8442,0,0,39,897,1199,167,7,0
labra,labra.txt,2309,2,6,3.656128,8442,0,0,56,850,1240,158,5,0
limit,limit.txt,2309,1,6,3.656128,8442,1,1,49,863,1231,160,5,0
moola,moola.txt,2309,2,6,3.656128,8442,0,0,57,870,1199,176,7,0
nerve,nerve.txt,2309,1,6,3.656128,8442,1,1,59,851,1226,166,6,0
noses,noses.txt,2309,2,6,3.656128,8442,0,0,46,870,1230,158,5,0
pitta,pitta.txt,2309,2,6,3.656128,8442,0,0,56,883,1173,193,4,0
reked,reked.txt,2309,2,6,3.656128,8442,0,0,35,900,1200,172,2,0
spaes,spaes.txt,2309,2,6,3.656128,8442,0,0,45,870,1232,158,4,0
tilly,tilly.txt,2309,2,6,3.656128,8442,0,0,54,848,1250,152,5,0
tomos,tomos.txt,2309,2,6,3.656128,8442,0,0,54,846,1253,152,4,0
awoke,awoke.txt,2309,1,6,3.656561,8443,1,1,50,853,1247,153,5,0
booed,booed.txt,2309,2,6,3.656561,8443,0,0,50,849,1260,144,6,0
chivs,chivs.txt,2309,2,6,3.656561,8443,0,0,42,884,1210,171,2,0
cholo,cholo.txt,2309,2,6,3.656561,8443,0,0,48,874,1216,165,6,0
coxes,coxes.txt,2309,2,6,3.656561,8443,0,0,43,866,1242,157,1,0
culex,culex.txt,2309,2,6,3.656561,8443,0,0,39,883,1222,162,3,0
dosed,dosed.txt,2309,2,6,3.656561,8443,0,0,40,865,1256,144,4,0
erven,erven.txt,2309,2,6,3.656561,8443,0,0,55,866,1210,173,5,0
gawds,gawds.txt,2309,2,6,3.656561,8443,0,0,38,872,1247,149,3,0
hallo,hallo.txt,2309,2,6,3.656561,8443,0,0,48,890,1187,175,9,0
hertz,hertz.txt,2309,2,6,3.656561,8443,0,0,47,871,1225,160,6,0
jeons,jeons.txt,2309,2,6,3.656561,8443,0,0,38,881,1230,156,4,0
morra,morra.txt,2309,2,6,3.656561,8443,0,0,72,842,1209,179,7,0
mungy,mungy.txt,2309,2,6,3.656561,8443,0,0,55,846,1252,149,7,0
packy,packy.txt,2309,2,6,3.656561,8443,0,0,47,865,1235,158,4,0
rouky,rouky.txt,2309,2,6,3.656561,8443,0,0,44,876,1226,155,8,0
showy,showy.txt,2309,1,6,3.656561,8443,1,1,48,884,1191,180,5,0
vakil,vakil.txt,2309,2,6,3.656561,8443,0,0,53,859,1230,162,5,0
vegos,vegos.txt,2309,2,6,3.656561,8443,0,0,57,828,1277,145,2,0
arbas,arbas.txt,2309,2,6,3.656994,8444,0,0,53,855,1242,149,10,0
ardri,ardri.txt,2309,2,6,3.656994,8444,0,0,41,884,1214,166,4,0
beery,beery.txt,2309,2,6,3.656994,8444,0,0,58,852,1228,166,5,0
colly,colly.txt,2309,2,6,3.656994,8444,0,0,48,865,1231,161,4,0
doted,doted.txt,2309,2,6,3.656994,8444,0,0,51,855,1242,157,4,0
droid,droid.txt,2309,2,6,3.656994,8444,0,0,51,868,1216,170,4,0
flump,flump.txt,2309,2,6,3.656994,8444,0,0,48,846,1267,146,2,0
japer,japer.txt,2309,2,6,3.656994,8444,0,0,48,850,1260,148,3,0
jurel,jurel.txt,2309,2,6,3.656994,8444,0,0,44,869,1239,149,8,0
manky,manky.txt,2309,2,6,3.656994,8444,0,0,46,865,1235,161,2,0
micks,micks.txt,2309,2,6,3.656994,8444,0,0,52,852,1244,158,3,0
mixer,mixer.txt,2309,2,6,3.656994,8444,0,0,47,882,1204,168,8,0
mokis,mokis.txt,2309,2,6,3.656994,8444,0,0,43,886,1205,170,5,0
nests,nests.txt,2309,2,6,3.656994,8444,0,0,37,884,1224,162,2,0
never,never.txt,2309,1,6,3.656994,8444,1,1,62,847,1220,176,3,0
songo,songo.txt,2309,2,6,3.656994,8444,0,0,49,864,1230,162,4,0
stens,stens.txt,2309,2,6,3.656994,8444,0,0,36,893,1213,161,6,0
thots,thots.txt,2309,2,6,3.656994,8444,0,0,56,859,1220,169,5,0
touze,touze.txt,2309,2,6,3.656994,8444,0,0,42,886,1208,168,5,0
toxin,toxin.txt,2309,1,6,3.656994,8444,1,1,55,851,1233,166,3,0
toyon,toyon.txt,2309,2,6,3.656994,8444,0,0,46,877,1213,169,4,0
cohoe,cohoe.txt,2309,2,6,3.657427,8445,0,0,43,890,1198,171,7,0
dorad,dorad.txt,2309,2,6,3.657427,8445,0,0,52,875,1198,180,4,0
gawps,gawps.txt,2309,2,6,3.657427,8445,0,0,43,852,1270,141,3,0
joule,joule.txt,2309,2,6,3.657427,8445,0,0,41,885,1214,162,7,0
kelpy,kelpy.txt,2309,2,6,3.657427,8445,0,0,49,858,1241,157,4,0
mauby,mauby.txt,2309,2,6,3.657427,8445,0,0,55,844,1251,155,4,0
molls,molls.txt,2309,2,6,3.657427,8445,0,0,42,875,1228,160,4,0
mosto,mosto.txt,2309,2,6,3.657427,8445,0,0,57,846,1240,163,3,0
nabla,nabla.txt,2309,2,6,3.657427,8445,0,0,49,854,1250,151,5,0
nines,nines.txt,2309,2,6,3.657427,8445,0,0,48,861,1239,156,5,0
pally,pally.txt,2309,2,6,3.657427,8445,0,0,56,859,1219,170,5,0
rerig,rerig.txt,2309,2,6,3.657427,8445,0,0,46,871,1229,154,9,0
rhumb,rhumb.txt,2309,2,6,3.657427,8445,0,0,55,850,1240,159,5,0
seepy,seepy.txt,2309,2,6,3.657427,8445,0,0,49,870,1223,157,10,0
vague,vague.txt,2309,1,6,3.657427,8445,1,1,67,836,1229,170,6,0
whity,whity.txt,2309,2,6,3.657427,8445,0,0,57,839,1255,154,4,0
bills,bills.txt,2309,2,6,3.657861,8446,0,0,44,868,1237,154,6,0
bodgy,bodgy.txt,2309,2,6,3.657861,8446,0,0,57,843,1246,159,4,0
flawy,flawy.txt,2309,2,6,3.657861,8446,0,0,47,840,1281,138,3,0
galah,galah.txt,2309,2,6,3.657861,8446,0,0,49,867,1222,167,4,0
gibus,gibus.txt,2309,2,6,3.657861,8446,0,0,53,853,1241,155,7,0
gurks,gurks.txt,2309,2,6,3.657861,8446,0,0,39,893,1206,161,10,0
kanat,kanat.txt,2309,2,6,3.657861,8446,0,0,54,838,1264,150,3,0
kubie,kubie.txt,2309,2,6,3.657861,8446,0,0,48,867,1224,167,3,0
mitie,mitie.txt,2309,2,6,3.657861,8446,0,0,54,869,1201,183,2,0
moors,moors.txt,2309,2,6,3.657861,8446,0,0,50,872,1210,172,5,0
mungi,mungi.txt,2309,2,6,3.657861,8446,0,0,50,873,1209,171,6,0
nahal,nahal.txt,2309,2,6,3.657861,8446,0,0,48,868,1224,164,5,0
oxter,oxter.txt,2309,2,6,3.657861,8446,0,0,56,838,1257,156,2,0
perve,perve.txt,2309,2,6,3.657861,8446,0,0,55,874,1196,174,10,0
sozin,sozin.txt,2309,2,6,3.657861,8446,0,0,44,883,1208,167,7,0
spans,spans.txt,2309,2,6,3.657861,8446,0,0,43,885,1209,163,9,0
sunts,sunts.txt,2309,2,6,3.657861,8446,0,0,44,880,1214,164,7,0
utter,utter.txt,2309,1,6,3.657861,8446,1,1,55,854,1223,175,1,0
yokes,yokes.txt,2309,2,6,3.657861,8446,0,0,29,902,1215,156,7,0
acari,acari.txt,2309,2,6,3.658294,8447,0,0,48,887,1188,178,8,0
aceta,aceta.txt,2309,2,6,3.658294,8447,0,0,53,851,1243,156,6,0
amoks,amoks.txt,2309,2,6,3.658294,8447,0,0,51,868,1217,165,8,0
basta,basta.txt,2309,2,6,3.658294,8447,0,0,48,853,1252,152,4,0
boons,boons.txt,2309,2,6,3.658294,8447,0,0,49,867,1225,160,8,0
boots,boots.txt,2309,2,6,3.658294,8447,0,0,59,851,1223,172,4,0
buoys,buoys.txt,2309,2,6,3.658294,8447,0,0,45,869,1233,154,8,0
chufa,chufa.txt,2309,2,6,3.658294,8447,0,0,49,881,1196,176,7,0
dined,dined.txt,2309,2,6,3.658294,8447,0,0,54,860,1221,169,5,0
dwamy,dwamy.txt,2309,2,6,3.658294,8447,0,0,43,847,1279,136,4,0
flaky,flaky.txt,2309,1,6,3.658294,8447,1,1,52,844,1255,152,5,0
gazer,gazer.txt,2309,1,6,3.658294,8447,1,1,48,852,1255,144,9,0
hempy,hempy.txt,2309,2,6,3.658294,8447,0,0,44,870,1230,161,4,0
itchy,itchy.txt,2309,1,6,3.658294,8447,1,1,42,863,1245,155,3,0
kheda,kheda.txt,2309,2,6,3.658294,8447,0,0,47,870,1223,163,6,0
kohas,kohas.txt,2309,2,6,3.658294,8447,0,0,40,875,1232,158,4,0
looey,looey.txt,2309,2,6,3.658294,8447,0,0,49,861,1235,158,6,0
matts,matts.txt,2309,2,6,3.658294,8447,0,0,49,847,1260,150,3,0
maula,maula.txt,2309,2,6,3.658294,8447,0,0,52,862,1229,155,11,0
mirin,mirin.txt,2309,2,6,3.658294,8447,0,0,44,882,1211,163,9,0
moana,moana.txt,2309,2,6,3.658294,8447,0,0,51,877,1196,180,5,0
moons,moons.txt,2309,2,6,3.658294,8447,0,0,45,877,1218,160,9,0
nazes,nazes.txt,2309,2,6,3.658294,8447,0,0,42,878,1221,163,5,0
orlop,orlop.txt,2309,2,6,3.658294,8447,0,0,52,854,1239,159,5,0
pases,pases.txt,2309,2,6,3.658294,8447,0,0,48,866,1226,165,4,0
psych,psych.txt,2309,2,6,3.658294,8447,0,0,42,867,1242,154,4,0
sames,sames.txt,2309,2,6,3.658294,8447,0,0,42,878,1223,159,7,0
spitz,spitz.txt,2309,2,6,3.658294,8447,0,0,38,881,1225,162,3,0
stoas,stoas.txt,2309,2,6,3.658294,8447,0,0,34,910,1186,169,10,0
swung,swung.txt,2309,1,6,3.658294,8447,1,1,40,873,1234,155,6,0
tenet,tenet.txt,2309,1,6,3.658294,8447,1,1,47,883,1192,181,5,0
tizes,tizes.txt,2309,2,6,3.658294,8447,0,0,35,878,1241,151,4,0
vegas,vegas.txt,2309,2,6,3.658294,8447,0,0,54,847,1245,160,3,0
woven,woven.txt,2309,1,6,3.658294,8447,1,1,56,854,1219,178,1,0
zeins,zeins.txt,2309,2,6,3.658294,8447,0,0,41,880,1220,163,5,0
amlas,amlas.txt,2309,2,6,3.658727,8448,0,0,55,847,1244,157,6,0
bliss,bliss.txt,2309,1,6,3.658727,8448,1,1,41,879,1220,160,8,0
diode,diode.txt,2309,1,6,3.658727,8448,1,1,47,885,1193,172,11,0
fitte,fitte.txt,2309,2,6,3.658727,8448,0,0,58,842,1246,156,7,0
flunk,flunk.txt,2309,1,6,3.658727,8448,1,1,54,847,1241,162,4,0
hamal,hamal.txt,2309,2,6,3.658727,8448,0,0,47,869,1228,155,10,0
holla,holla.txt,2309,2,6,3.658727,8448,0,0,52,886,1176,188,7,0
houfs,houfs.txt,2309,2,6,3.658727,8448,0,0,52,871,1203,179,4,0
jurat,jurat.txt,2309,2,6,3.658727,8448,0,0,46,866,1232,160,5,0
lassi,lassi.txt,2309,2,6,3.658727,8448,0,0,44,874,1223,162,6,0
mania,mania.txt,2309,1,6,3.658727,8448,1,1,58,870,1184,191,5,0
mells,mells.txt,2309,2,6,3.658727,8448,0,0,48,856,1246,154,5,0
nappe,nappe.txt,2309,2,6,3.658727,8448,0,0,49,872,1213,168,7,0
nimby,nimby.txt,2309,2,6,3.658727,8448,0,0,46,841,1279,141,2,0
octet,octet.txt,2309,1,6,3.658727,8448,1,1,50,849,1249,156,4,0
parma,parma.txt,2309,2,6,3.658727,8448,0,0,62,842,1231,170,4,0
pilis,pilis.txt,2309,2,6,3.658727,8448,0,0,43,896,1179,188,3,0
rifer,rifer.txt,2309,2,6,3.658727,8448,0,0,56,852,1230,166,5,0
tweak,tweak.txt,2309,1,6,3.658727,8448,1,1,56,848,1233,167,4,0
umbra,umbra.txt,2309,1,6,3.658727,8448,1,1,48,859,1237,158,6,0
virgo,virgo.txt,2309,2,6,3.658727,8448,0,0,68,824,1250,162,5,0
anura,anura.txt,2309,2,6,3.65916,8449,0,0,50,870,1215,165,9,0
batts,batts.txt,2309,2,6,3.65916,8449,0,0,43,865,1241,156,4,0
bough,bough.txt,2309,1,6,3.65916,8449,1,1,52,873,1201,171,11,0
cerci,cerci.txt,2309,2,6,3.65916,8449,0,0,50,876,1201,175,7,0
cided,cided.txt,2309,2,6,3.65916,8449,0,0,50,855,1237,166,1,0
gosse,gosse.txt,2309,2,6,3.65916,8449,0,0,44,857,1253,152,3,0
humps,humps.txt,2309,2,6,3.65916,8449,0,0,53,869,1205,176,6,0
jaleo,jaleo.txt,2309,2,6,3.65916,8449,0,0,41,867,1243,154,4,0
knobs,knobs.txt,2309,2,6,3.65916,8449,0,0,32,872,1261,139,5,0
petto,petto.txt,2309,2,6,3.65916,8449,0,0,51,867,1214,172,5,0
radix,radix.txt,2309,2,6,3.65916,8449,0,0,52,850,1244,159,4,0
ranny,ranny.txt,2309,2,6,3.65916,8449,0,0,44,858,1250,155,2,0
recco,recco.txt,2309,2,6,3.65916,8449,0,0,52,875,1197,178,7,0
spewy,spewy.txt,2309,2,6,3.65916,8449,0,0,46,865,1235,156,7,0
uveal,uveal.txt,2309,2,6,3.65916,8449,0,0,55,857,1225,164,8,0
wahey,wahey.txt,2309,2,6,3.65916,8449,0,0,51,849,1251,152,6,0
winks,winks.txt,2309,2,6,3.65916,8449,0,0,42,862,1251,149,5,0
zines,zines.txt,2309,2,6,3.65916,8449,0,0,35,875,1245,150,4,0
atman,atman.txt,2309,2,6,3.659593,8450,0,0,54,844,1248,160,3,0
birrs,birrs.txt,2309,2,6,3.659593,8450,0,0,49,849,1255,151,5,0
bolls,bolls.txt,2309,2,6,3.659593,8450,0,0,43,861,1249,151,5,0
broos,broos.txt,2309,2,6,3.659593,8450,0,0,57,837,1253,159,3,0
cajon,cajon.txt,2309,2,6,3.659593,8450,0,0,46,870,1220,170,3,0
delve,delve.txt,2309,1,6,3.659593,8450,1,1,53,855,1225,172,3,0
elemi,elemi.txt,2309,2,6,3.659593,8450,0,0,47,849,1261,147,5,0
gambo,gambo.txt,2309,2,6,3.659593,8450,0,0,56,852,1228,168,5,0
gloze,gloze.txt,2309,2,6,3.659593,8450,0,0,51,856,1236,160,6,0
goons,goons.txt,2309,2,6,3.659593,8450,0,0,45,865,1235,159,5,0
hakim,hakim.txt,2309,2,6,3.659593,8450,0,0,42,877,1218,169,3,0
halsh,halsh.txt,2309,2,6,3.659593,8450,0,0,41,881,1215,167,5,0
kaifs,kaifs.txt,2309,2,6,3.659593,8450,0,0,46,856,1249,154,4,0
kanae,kanae.txt,2309,2,6,3.659593,8450,0,0,48,885,1194,169,13,0
molvi,molvi.txt,2309,2,6,3.659593,8450,0,0,48,848,1257,154,2,0
nevus,nevus.txt,2309,2,6,3.659593,8450,0,0,51,845,1256,153,4,0
pasts,pasts.txt,2309,2,6,3.659593,8450,0,0,47,849,1263,143,7,0
redid,redid.txt,2309,2,6,3.659593,8450,0,0,50,869,1214,169,7,0
sages,sages.txt,2309,2,6,3.659593,8450,0,0,48,879,1201,173,8,0
seedy,seedy.txt,2309,1,6,3.659593,8450,1,1,46,854,1250,153,5,0
slabs,slabs.txt,2309,2,6,3.659593,8450,0,0,41,872,1235,154,7,0
tabac,tabac.txt,2309,2,6,3.659593,8450,0,0,47,859,1239,161,3,0
tuath,tuath.txt,2309,2,6,3.659593,8450,0,0,54,881,1177,191,6,0
wakes,wakes.txt,2309,2,6,3.659593,8450,0,0,36,869,1252,149,3,0
whids,whids.txt,2309,2,6,3.659593,8450,0,0,54,845,1245,163,2,0
wispy,wispy.txt,2309,1,6,3.659593,8450,1,1,39,864,1250,151,4,0
allee,allee.txt,2309,2,6,3.660026,8451,0,0,44,894,1186,173,12,0
areae,areae.txt,2309,2,6,3.660026,8451,0,0,32,922,1165,179,11,0
ballo,ballo.txt,2309,2,6,3.660026,8451,0,0,55,864,1212,167,11,0
churr,churr.txt,2309,2,6,3.660026,8451,0,0,43,871,1227,164,4,0
darga,darga.txt,2309,2,6,3.660026,8451,0,0,52,855,1233,164,5,0
dayal,dayal.txt,2309,2,6,3.660026,8451,0,0,50,860,1227,169,3,0
ewest,ewest.txt,2309,2,6,3.660026,8451,0,0,63,846,1222,169,9,0
hanap,hanap.txt,2309,2,6,3.660026,8451,0,0,47,868,1221,169,4,0
hazer,hazer.txt,2309,2,6,3.660026,8451,0,0,47,868,1222,167,5,0
himbo,himbo.txt,2309,2,6,3.660026,8451,0,0,53,851,1237,164,4,0
ladoo,ladoo.txt,2309,2,6,3.660026,8451,0,0,48,883,1192,178,8,0
phubs,phubs.txt,2309,2,6,3.660026,8451,0,0,52,852,1238,163,4,0
pooly,pooly.txt,2309,2,6,3.660026,8451,0,0,44,877,1212,172,4,0
rayas,rayas.txt,2309,2,6,3.660026,8451,0,0,50,840,1268,147,4,0
snash,snash.txt,2309,2,6,3.660026,8451,0,0,39,894,1192,181,3,0
sorbo,sorbo.txt,2309,2,6,3.660026,8451,0,0,52,851,1242,158,6,0
souls,souls.txt,2309,2,6,3.660026,8451,0,0,40,889,1204,168,8,0
staps,staps.txt,2309,2,6,3.660026,8451,0,0,42,868,1240,151,8,0
styte,styte.txt,2309,2,6,3.660026,8451,0,0,42,853,1268,140,6,0
taths,taths.txt,2309,2,6,3.660026,8451,0,0,44,874,1222,161,8,0
umpty,umpty.txt,2309,2,6,3.660026,8451,0,0,51,847,1253,152,6,0
vauch,vauch.txt,2309,2,6,3.660026,8451,0,0,47,869,1218,172,3,0
verde,verde.txt,2309,2,6,3.660026,8451,0,0,58,851,1223,172,5,0
weets,weets.txt,2309,2,6,3.660026,8451,0,0,49,866,1223,163,8,0
whift,whift.txt,2309,2,6,3.660026,8451,0,0,65,830,1241,171,2,0
wimps,wimps.txt,2309,2,6,3.660026,8451,0,0,37,857,1271,142,2,0
zoeal,zoeal.txt,2309,2,6,3.660026,8451,0,0,43,881,1212,164,9,0
aswim,aswim.txt,2309,2,6,3.660459,8452,0,0,43,865,1238,159,4,0
axels,axels.txt,2309,2,6,3.660459,8452,0,0,41,891,1196,173,8,0
baisa,baisa.txt,2309,2,6,3.660459,8452,0,0,40,879,1224,157,9,0
bauks,bauks.txt,2309,2,6,3.660459,8452,0,0,49,857,1235,165,3,0
bilal,bilal.txt,2309,2,6,3.660459,8452,0,0,52,868,1206,178,5,0
comfy,comfy.txt,2309,1,6,3.660459,8452,1,1,41,853,1267,140,7,0
eughs,eughs.txt,2309,2,6,3.660459,8452,0,0,47,872,1214,170,6,0
gowds,gowds.txt,2309,2,6,3.660459,8452,0,0,40,854,1270,140,5,0
iliad,iliad.txt,2309,2,6,3.660459,8452,0,0,51,872,1201,180,5,0
niton,niton.txt,2309,2,6,3.660459,8452,0,0,51,848,1249,156,5,0
nurrs,nurrs.txt,2309,2,6,3.660459,8452,0,0,37,877,1230,163,2,0
phyma,phyma.txt,2309,2,6,3.660459,8452,0,0,52,860,1222,170,5,0
prodd,prodd.txt,2309,2,6,3.660459,8452,0,0,46,866,1227,166,4,0
selle,selle.txt,2309,2,6,3.660459,8452,0,0,41,889,1196,179,4,0
sends,sends.txt,2309,2,6,3.660459,8452,0,0,39,872,1235,160,3,0
sevak,sevak.txt,2309,2,6,3.660459,8452,0,0,44,862,1241,158,4,0
skive,skive.txt,2309,2,6,3.660459,8452,0,0,44,851,1265,143,6,0
souts,souts.txt,2309,2,6,3.660459,8452,0,0,41,866,1243,154,5,0
alloy,alloy.txt,2309,1,6,3.660892,8453,1,1,49,861,1226,165,7,0
allus,allus.txt,2309,2,6,3.660892,8453,0,0,37,885,1219,160,8,0
arbah,arbah.txt,2309,2,6,3.660892,8453,0,0,46,863,1232,164,4,0
fiked,fiked.txt,2309,2,6,3.660892,8453,0,0,44,870,1223,169,3,0
girrs,girrs.txt,2309,2,6,3.660892,8453,0,0,39,874,1233,157,6,0
hefte,hefte.txt,2309,2,6,3.660892,8453,0,0,53,841,1255,156,4,0
hills,hills.txt,2309,2,6,3.660892,8453,0,0,40,892,1194,177,6,0
lieve,lieve.txt,2309,2,6,3.660892,8453,0,0,50,857,1231,168,3,0
lipin,lipin.txt,2309,2,6,3.660892,8453,0,0,42,875,1221,166,5,0
naams,naams.txt,2309,2,6,3.660892,8453,0,0,48,872,1210,173,6,0
onsen,onsen.txt,2309,2,6,3.660892,8453,0,0,44,868,1229,163,5,0
ovary,ovary.txt,2309,1,6,3.660892,8453,1,1,56,838,1249,160,5,0
souse,souse.txt,2309,2,6,3.660892,8453,0,0,44,875,1222,156,12,0
tatus,tatus.txt,2309,2,6,3.660892,8453,0,0,47,869,1221,164,8,0
thumb,thumb.txt,2309,1,6,3.660892,8453,1,1,48,846,1254,158,2,0
vendu,vendu.txt,2309,2,6,3.660892,8453,0,0,40,863,1255,142,9,0
wythe,wythe.txt,2309,2,6,3.660892,8453,0,0,54,822,1289,141,3,0
yogic,yogic.txt,2309,2,6,3.660892,8453,0,0,42,865,1241,156,5,0
acais,acais.txt,2309,2,6,3.661325,8454,0,0,44,873,1220,165,7,0
adder,adder.txt,2309,2,6,3.661325,8454,0,0,49,837,1272,149,2,0
aidas,aidas.txt,2309,2,6,3.661325,8454,0,0,49,850,1250,154,6,0
barbe,barbe.txt,2309,2,6,3.661325,8454,0,0,57,835,1256,155,6,0
beaky,beaky.txt,2309,2,6,3.661325,8454,0,0,51,843,1257,153,5,0
blood,blood.txt,2309,1,6,3.661325,8454,1,1,64,850,1202,185,7,0
brood,brood.txt,2309,1,6,3.661325,8454,1,1,68,831,1229,172,8,0
knowe,knowe.txt,2309,2,6,3.661325,8454,0,0,45,876,1211,170,7,0
mhorr,mhorr.txt,2309,2,6,3.661325,8454,0,0,39,877,1226,161,6,0
mitts,mitts.txt,2309,2,6,3.661325,8454,0,0,52,851,1237,165,4,0
mooed,mooed.txt,2309,2,6,3.661325,8454,0,0,49,856,1237,162,5,0
natty,natty.txt,2309,2,6,3.661325,8454,0,0,55,838,1253,160,3,0
patty,patty.txt,2309,1,6,3.661325,8454,1,1,55,838,1249,163,3,0
preop,preop.txt,2309,2,6,3.661325,8454,0,0,45,875,1213,169,7,0
rigor,rigor.txt,2309,1,6,3.661325,8454,1,1,47,860,1231,165,5,0
saids,saids.txt,2309,2,6,3.661325,8454,0,0,40,887,1205,169,8,0
sixth,sixth.txt,2309,1,6,3.661325,8454,1,1,35,891,1204,174,4,0
sused,sused.txt,2309,2,6,3.661325,8454,0,0,40,870,1236,158,5,0
twist,twist.txt,2309,1,6,3.661325,8454,1,1,51,843,1251,160,3,0
whiny,whiny.txt,2309,1,6,3.661325,8454,1,1,58,839,1238,170,3,0
wongi,wongi.txt,2309,2,6,3.661325,8454,0,0,51,851,1239,165,3,0
yowie,yowie.txt,2309,2,6,3.661325,8454,0,0,34,904,1189,174,8,0
binit,binit.txt,2309,2,6,3.661758,8455,0,0,43,868,1229,165,4,0
bonze,bonze.txt,2309,2,6,3.661758,8455,0,0,50,864,1220,167,8,0
cooey,cooey.txt,2309,2,6,3.661758,8455,0,0,44,867,1230,162,6,0
droog,droog.txt,2309,2,6,3.661758,8455,0,0,51,864,1216,171,7,0
garda,garda.txt,2309,2,6,3.661758,8455,0,0,52,853,1233,166,5,0
grrls,grrls.txt,2309,2,6,3.661758,8455,0,0,29,872,1265,137,6,0
hawms,hawms.txt,2309,2,6,3.661758,8455,0,0,42,857,1252,156,2,0
illth,illth.txt,2309,2,6,3.661758,8455,0,0,41,871,1230,162,5,0
kynde,kynde.txt,2309,2,6,3.661758,8455,0,0,40,862,1252,149,6,0
lovee,lovee.txt,2309,2,6,3.661758,8455,0,0,56,859,1207,184,3,0
pukey,pukey.txt,2309,2,6,3.661758,8455,0,0,42,874,1222,165,6,0
quirt,quirt.txt,2309,2,6,3.661758,8455,0,0,39,893,1195,174,8,0
secco,secco.txt,2309,2,6,3.661758,8455,0,0,35,873,1245,150,6,0
shans,shans.txt,2309,2,6,3.661758,8455,0,0,40,884,1205,177,3,0
squat,squat.txt,2309,1,6,3.661758,8455,1,1,36,885,1216,163,8,0
weens,weens.txt,2309,2,6,3.661758,8455,0,0,49,861,1224,172,3,0
wirer,wirer.txt,2309,2,6,3.661758,8455,0,0,45,875,1209,176,4,0
aflow,aflow.txt,2309,2,6,3.662191,8456,0,0,46,846,1263,150,4,0
boord,boord.txt,2309,2,6,3.662191,8456,0,0,67,831,1232,173,6,0
choon,choon.txt,2309,2,6,3.662191,8456,0,0,60,865,1190,183,11,0
farad,farad.txt,2309,2,6,3.662191,8456,0,0,50,846,1251,158,4,0
grass,grass.txt,2309,1,6,3.662191,8456,1,1,37,883,1216,164,8,0
hakus,hakus.txt,2309,2,6,3.662191,8456,0,0,34,892,1208,170,5,0
haram,haram.txt,2309,2,6,3.662191,8456,0,0,57,834,1257,154,7,0
kevil,kevil.txt,2309,2,6,3.662191,8456,0,0,58,836,1247,164,4,0
kraal,kraal.txt,2309,2,6,3.662191,8456,0,0,40,873,1228,163,5,0
noois,noois.txt,2309,2,6,3.662191,8456,0,0,44,868,1231,156,10,0
ooped,ooped.txt,2309,2,6,3.662191,8456,0,0,44,851,1258,153,3,0
pises,pises.txt,2309,2,6,3.662191,8456,0,0,46,866,1225,166,6,0
posts,posts.txt,2309,2,6,3.662191,8456,0,0,50,843,1255,159,2,0
ryugi,ryugi.txt,2309,2,6,3.662191,8456,0,0,38,866,1246,156,3,0
wonks,wonks.txt,2309,2,6,3.662191,8456,0,0,40,866,1244,152,7,0
yoked,yoked.txt,2309,2,6,3.662191,8456,0,0,33,853,1289,129,5,0
zetas,zetas.txt,2309,2,6,3.662191,8456,0,0,28,871,1268,137,5,0
almah,almah.txt,2309,2,6,3.662625,8457,0,0,46,851,1257,146,9,0
appel,appel.txt,2309,2,6,3.662625,8457,0,0,51,858,1226,167,7,0
arere,arere.txt,2309,2,6,3.662625,8457,0,0,35,888,1216,161,9,0
aroba,aroba.txt,2309,2,6,3.662625,8457,0,0,57,845,1234,166,7,0
awarn,awarn.txt,2309,2,6,3.662625,8457,0,0,50,864,1213,179,3,0
bania,bania.txt,2309,2,6,3.662625,8457,0,0,51,870,1202,179,7,0
bocks,bocks.txt,2309,2,6,3.662625,8457,0,0,45,851,1254,156,3,0
boors,boors.txt,2309,2,6,3.662625,8457,0,0,53,849,1235,168,4,0
burka,burka.txt,2309,2,6,3.662625,8457,0,0,58,849,1223,172,7,0
dholl,dholl.txt,2309,2,6,3.662625,8457,0,0,46,867,1225,162,9,0
fundy,fundy.txt,2309,2,6,3.662625,8457,0,0,49,860,1227,167,6,0
idees,idees.txt,2309,2,6,3.662625,8457,0,0,45,853,1255,148,8,0
kayos,kayos.txt,2309,2,6,3.662625,8457,0,0,37,866,1251,149,6,0
kwela,kwela.txt,2309,2,6,3.662625,8457,0,0,50,851,1242,160,6,0
mohua,mohua.txt,2309,2,6,3.662625,8457,0,0,55,872,1188,185,9,0
molos,molos.txt,2309,2,6,3.662625,8457,0,0,48,856,1234,169,2,0
novia,novia.txt,2309,2,6,3.662625,8457,0,0,67,860,1173,203,6,0
quant,quant.txt,2309,2,6,3.662625,8457,0,0,34,887,1219,162,7,0
suras,suras.txt,2309,2,6,3.662625,8457,0,0,48,874,1206,171,10,0
swill,swill.txt,2309,1,6,3.662625,8457,1,1,49,848,1246,160,5,0
tarka,tarka.txt,2309,2,6,3.662625,8457,0,0,51,850,1241,161,6,0
tohos,tohos.txt,2309,2,6,3.662625,8457,0,0,48,860,1229,167,5,0
tweed,tweed.txt,2309,1,6,3.662625,8457,1,1,63,824,1249,170,2,0
yowsa,yowsa.txt,2309,2,6,3.662625,8457,0,0,36,883,1219,166,5,0
abeat,abeat.txt,2309,2,6,3.663058,8458,0,0,51,860,1223,166,9,0
baloo,baloo.txt,2309,2,6,3.663058,8458,0,0,53,852,1234,160,10,0
codec,codec.txt,2309,2,6,3.663058,8458,0,0,40,864,1242,160,3,0
dooly,dooly.txt,2309,2,6,3.663058,8458,0,0,55,845,1241,159,9,0
frill,frill.txt,2309,1,6,3.663058,8458,1,1,48,854,1238,161,7,0
gecko,gecko.txt,2309,1,6,3.663058,8458,1,1,29,873,1252,152,2,0
gills,gills.txt,2309,2,6,3.663058,8458,0,0,43,865,1234,161,6,0
jalop,jalop.txt,2309,2,6,3.663058,8458,0,0,45,851,1255,153,5,0
kudos,kudos.txt,2309,2,6,3.663058,8458,0,0,31,868,1262,144,4,0
lassy,lassy.txt,2309,2,6,3.663058,8458,0,0,49,852,1241,162,5,0
noxal,noxal.txt,2309,2,6,3.663058,8458,0,0,52,847,1241,165,4,0
pests,pests.txt,2309,2,6,3.663058,8458,0,0,48,849,1251,155,6,0
plaps,plaps.txt,2309,2,6,3.663058,8458,0,0,53,840,1253,158,5,0
poori,poori.txt,2309,2,6,3.663058,8458,0,0,42,883,1203,173,8,0
redox,redox.txt,2309,2,6,3.663058,8458,0,0,51,846,1249,156,7,0
rusky,rusky.txt,2309,2,6,3.663058,8458,0,0,43,857,1248,157,4,0
seism,seism.txt,2309,2,6,3.663058,8458,0,0,56,859,1209,177,8,0
shits,shits.txt,2309,2,6,3.663058,8458,0,0,44,874,1212,174,5,0
slogs,slogs.txt,2309,2,6,3.663058,8458,0,0,35,872,1248,144,10,0
smalm,smalm.txt,2309,2,6,3.663058,8458,0,0,44,858,1246,154,7,0
soaps,soaps.txt,2309,2,6,3.663058,8458,0,0,41,886,1197,180,5,0
sords,sords.txt,2309,2,6,3.663058,8458,0,0,38,887,1206,171,7,0
stash,stash.txt,2309,1,6,3.663058,8458,1,1,38,880,1216,167,7,0
steek,steek.txt,2309,2,6,3.663058,8458,0,0,46,863,1231,161,8,0
thewy,thewy.txt,2309,2,6,3.663058,8458,0,0,53,855,1223,173,5,0
washi,washi.txt,2309,2,6,3.663058,8458,0,0,44,877,1206,177,5,0
aloha,aloha.txt,2309,2,6,3.663491,8459,0,0,43,882,1200,177,7,0
amaro,amaro.txt,2309,2,6,3.663491,8459,0,0,62,844,1221,173,9,0
azide,azide.txt,2309,2,6,3.663491,8459,0,0,39,858,1256,153,3,0
bolos,bolos.txt,2309,2,6,3.663491,8459,0,0,51,843,1251,160,4,0
circa,circa.txt,2309,1,6,3.663491,8459,1,1,54,862,1204,180,8,0
curvy,curvy.txt,2309,1,6,3.663491,8459,1,1,50,840,1257,156,5,0
ditto,ditto.txt,2309,1,6,3.663491,8459,1,1,53,848,1231,172,4,0
faugh,faugh.txt,2309,2,6,3.663491,8459,0,0,42,879,1211,168,9,0
fawny,fawny.txt,2309,2,6,3.663491,8459,0,0,48,835,1274,150,2,0
flail,flail.txt,2309,1,6,3.663491,8459,1,1,45,864,1225,168,6,0
gyver,gyver.txt,2309,2,6,3.663491,8459,0,0,51,823,1288,146,1,0
harsh,harsh.txt,2309,1,6,3.663491,8459,1,1,35,870,1242,156,5,0
hemes,hemes.txt,2309,2,6,3.663491,8459,0,0,39,873,1232,156,9,0
ketes,ketes.txt,2309,2,6,3.663491,8459,0,0,41,857,1256,148,7,0
milky,milky.txt,2309,1,6,3.663491,8459,1,1,48,835,1273,147,5,0
onned,onned.txt,2309,2,6,3.663491,8459,0,0,48,847,1251,160,3,0
poses,poses.txt,2309,2,6,3.663491,8459,0,0,45,849,1256,156,3,0
press,press.txt,2309,1,6,3.663491,8459,1,1,40,878,1212,172,6,0
rukhs,rukhs.txt,2309,2,6,3.663491,8459,0,0,39,882,1209,175,4,0
spins,spins.txt,2309,2,6,3.663491,8459,0,0,40,879,1217,164,9,0
tomme,tomme.txt,2309,2,6,3.663491,8459,0,0,50,849,1243,162,5,0
welks,welks.txt,2309,2,6,3.663491,8459,0,0,46,851,1250,158,4,0
whips,whips.txt,2309,2,6,3.663491,8459,0,0,49,857,1231,166,6,0
yarrs,yarrs.txt,2309,2,6,3.663491,8459,0,0,40,858,1254,153,4,0
zatis,zatis.txt,2309,2,6,3.663491,8459,0,0,42,858,1250,153,6,0
bekah,bekah.txt,2309,2,6,3.663924,8460,0,0,40,886,1197,182,4,0
cache,cache.txt,2309,1,6,3.663924,8460,1,1,35,887,1209,170,7,0
clach,clach.txt,2309,2,6,3.663924,8460,0,0,46,881,1191,185,6,0
devel,devel.txt,2309,2,6,3.663924,8460,0,0,53,859,1212,181,4,0
dress,dress.txt,2309,1,6,3.663924,8460,1,1,25,897,1222,154,10,0
dwaum,dwaum.txt,2309,2,6,3.663924,8460,0,0,46,850,1249,162,2,0
feces,feces.txt,2309,2,6,3.663924,8460,0,0,46,844,1266,146,7,0
fusee,fusee.txt,2309,2,6,3.663924,8460,0,0,43,858,1245,158,5,0
gorge,gorge.txt,2309,1,6,3.663924,8460,1,1,46,856,1235,167,4,0
jaune,jaune.txt,2309,2,6,3.663924,8460,0,0,33,884,1225,160,7,0
kindy,kindy.txt,2309,2,6,3.663924,8460,0,0,44,837,1286,135,7,0
maize,maize.txt,2309,1,6,3.663924,8460,1,1,46,857,1235,164,6,0
petti,petti.txt,2309,2,6,3.663924,8460,0,0,49,859,1224,173,4,0
sadis,sadis.txt,2309,2,6,3.663924,8460,0,0,41,878,1215,166,9,0
snaps,snaps.txt,2309,2,6,3.663924,8460,0,0,41,872,1226,162,8,0
statu,statu.txt,2309,2,6,3.663924,8460,0,0,44,871,1220,165,9,0
afear,afear.txt,2309,2,6,3.664357,8461,0,0,47,856,1235,167,4,0
aroha,aroha.txt,2309,2,6,3.664357,8461,0,0,41,864,1241,155,8,0
bukes,bukes.txt,2309,2,6,3.664357,8461,0,0,47,855,1239,162,6,0
butte,butte.txt,2309,1,6,3.664357,8461,1,1,61,846,1208,190,3,0
coops,coops.txt,2309,2,6,3.664357,8461,0,0,48,850,1244,163,4,0
dally,dally.txt,2309,1,6,3.664357,8461,1,1,55,836,1247,166,4,0
fugis,fugis.txt,2309,2,6,3.664357,8461,0,0,57,832,1257,155,8,0
fugly,fugly.txt,2309,2,6,3.664357,8461,0,0,57,831,1256,160,5,0
garri,garri.txt,2309,2,6,3.664357,8461,0,0,46,869,1215,172,7,0
hells,hells.txt,2309,2,6,3.664357,8461,0,0,47,867,1213,178,4,0
jiber,jiber.txt,2309,2,6,3.664357,8461,0,0,48,845,1254,158,4,0
khyal,khyal.txt,2309,2,6,3.664357,8461,0,0,42,872,1220,169,6,0
myths,myths.txt,2309,2,6,3.664357,8461,0,0,52,823,1286,144,4,0
njirl,njirl.txt,2309,2,6,3.664357,8461,0,0,33,880,1229,163,4,0
pudgy,pudgy.txt,2309,1,6,3.664357,8461,1,1,48,851,1240,163,6,0
seams,seams.txt,2309,2,6,3.664357,8461,0,0,52,848,1242,157,10,0
shies,shies.txt,2309,2,6,3.664357,8461,0,0,47,877,1196,182,7,0
sinds,sinds.txt,2309,2,6,3.664357,8461,0,0,39,855,1260,152,3,0
skody,skody.txt,2309,2,6,3.664357,8461,0,0,36,864,1252,153,4,0
tinty,tinty.txt,2309,2,6,3.664357,8461,0,0,53,848,1235,167,6,0
zoris,zoris.txt,2309,2,6,3.664357,8461,0,0,37,886,1208,171,7,0
again,again.txt,2309,1,6,3.66479,8462,1,1,53,854,1219,175,7,0
avale,avale.txt,2309,2,6,3.66479,8462,0,0,45,873,1216,161,14,0
bible,bible.txt,2309,1,6,3.66479,8462,1,1,44,836,1281,141,6,0
bortz,bortz.txt,2309,2,6,3.66479,8462,0,0,46,854,1243,160,6,0
cawks,cawks.txt,2309,2,6,3.66479,8462,0,0,35,862,1258,150,4,0
crazy,crazy.txt,2309,1,6,3.66479,8462,1,1,39,865,1237,162,5,0
iliac,iliac.txt,2309,1,6,3.66479,8462,1,1,40,855,1254,154,5,0
jatis,jatis.txt,2309,2,6,3.66479,8462,0,0,42,855,1253,153,6,0
juste,juste.txt,2309,2,6,3.66479,8462,0,0,39,863,1247,153,7,0
logon,logon.txt,2309,2,6,3.66479,8462,0,0,54,858,1209,184,4,0
mimer,mimer.txt,2309,2,6,3.66479,8462,0,0,47,872,1206,176,8,0
molla,molla.txt,2309,2,6,3.66479,8462,0,0,53,855,1221,173,7,0
palps,palps.txt,2309,2,6,3.66479,8462,0,0,50,851,1237,165,6,0
sabes,sabes.txt,2309,2,6,3.66479,8462,0,0,45,841,1268,153,2,0
schwa,schwa.txt,2309,2,5,3.66479,8462,0,0,38,865,1239,167,0,0
squit,squit.txt,2309,2,6,3.66479,8462,0,0,35,895,1197,173,9,0
suets,suets.txt,2309,2,6,3.66479,8462,0,0,43,888,1190,176,12,0
waves,waves.txt,2309,2,6,3.66479,8462,0,0,46,844,1262,152,5,0
zilas,zilas.txt,2309,2,6,3.66479,8462,0,0,39,862,1246,158,4,0
amuck,amuck.txt,2309,2,6,3.665223,8463,0,0,48,864,1214,179,4,0
becks,becks.txt,2309,2,6,3.665223,8463,0,0,37,871,1233,164,4,0
bungy,bungy.txt,2309,2,6,3.665223,8463,0,0,58,829,1255,162,5,0
daraf,daraf.txt,2309,2,6,3.665223,8463,0,0,44,850,1254,157,4,0
deems,deems.txt,2309,2,6,3.665223,8463,0,0,41,869,1232,156,11,0
doxie,doxie.txt,2309,2,6,3.665223,8463,0,0,51,867,1206,174,11,0
embay,embay.txt,2309,2,6,3.665223,8463,0,0,57,828,1260,159,5,0
litai,litai.txt,2309,2,6,3.665223,8463,0,0,46,857,1234,168,4,0
looms,looms.txt,2309,2,6,3.665223,8463,0,0,51,855,1223,176,4,0
mixte,mixte.txt,2309,2,6,3.665223,8463,0,0,53,853,1219,182,2,0
mufti,mufti.txt,2309,2,6,3.665223,8463,0,0,47,860,1227,169,6,0
piani,piani.txt,2309,2,6,3.665223,8463,0,0,47,861,1224,172,5,0
praps,praps.txt,2309,2,6,3.665223,8463,0,0,47,834,1276,149,3,0
raree,raree.txt,2309,2,6,3.665223,8463,0,0,43,866,1231,159,10,0
skatt,skatt.txt,2309,2,6,3.665223,8463,0,0,34,877,1229,166,3,0
sonny,sonny.txt,2309,2,6,3.665223,8463,0,0,44,869,1218,172,6,0
venae,venae.txt,2309,2,6,3.665223,8463,0,0,54,869,1193,182,11,0
wamus,wamus.txt,2309,2,6,3.665223,8463,0,0,41,853,1257,154,4,0
where,where.txt,2309,1,6,3.665223,8463,1,1,51,870,1194,184,9,0
yiked,yiked.txt,2309,2,6,3.665223,8463,0,0,32,876,1237,161,3,0
zerda,zerda.txt,2309,2,6,3.665223,8463,0,0,47,849,1246,164,3,0
boeuf,boeuf.txt,2309,2,6,3.665656,8464,0,0,46,875,1199,183,6,0
bribe,bribe.txt,2309,1,6,3.665656,8464,1,1,44,853,1243,164,4,0
catch,catch.txt,2309,1,6,3.665656,8464,1,1,44,856,1240,161,7,0
croci,croci.txt,2309,2,6,3.665656,8464,0,0,43,870,1222,164,10,0
dayan,dayan.txt,2309,2,6,3.665656,8464,0,0,47,860,1227,168,7,0
durrs,durrs.txt,2309,2,6,3.665656,8464,0,0,42,867,1227,167,6,0
frowy,frowy.txt,2309,2,6,3.665656,8464,0,0,41,838,1288,136,6,0
indie,indie.txt,2309,2,6,3.665656,8464,0,0,48,862,1217,178,4,0
jotas,jotas.txt,2309,2,6,3.665656,8464,0,0,37,865,1246,155,6,0
keels,keels.txt,2309,2,6,3.665656,8464,0,0,43,874,1208,180,4,0
kelep,kelep.txt,2309,2,6,3.665656,8464,0,0,52,855,1222,173,7,0
labia,labia.txt,2309,2,6,3.665656,8464,0,0,48,859,1226,169,7,0
maiko,maiko.txt,2309,2,6,3.665656,8464,0,0,52,872,1192,182,11,0
misls,misls.txt,2309,2,6,3.665656,8464,0,0,50,837,1264,151,7,0
mivey,mivey.txt,2309,2,6,3.665656,8464,0,0,51,839,1256,157,6,0
mudif,mudif.txt,2309,2,6,3.665656,8464,0,0,49,845,1249,161,5,0
mythi,mythi.txt,2309,2,6,3.665656,8464,0,0,51,839,1253,163,3,0
nanto,nanto.txt,2309,2,6,3.665656,8464,0,0,51,845,1243,165,5,0
purrs,purrs.txt,2309,2,6,3.665656,8464,0,0,49,862,1215,178,5,0
rooms,rooms.txt,2309,2,6,3.665656,8464,0,0,45,861,1227,173,3,0
ruses,ruses.txt,2309,2,6,3.665656,8464,0,0,46,864,1220,174,5,0
sleds,sleds.txt,2309,2,6,3.665656,8464,0,0,39,863,1244,157,6,0
snips,snips.txt,2309,2,6,3.665656,8464,0,0,38,878,1218,168,7,0
yoick,yoick.txt,2309,2,6,3.665656,8464,0,0,32,879,1233,159,6,0
adoon,adoon.txt,2309,2,6,3.666089,8465,0,0,53,850,1226,175,5,0
assed,assed.txt,2309,2,6,3.666089,8465,0,0,45,849,1253,156,6,0
betta,betta.txt,2309,2,6,3.666089,8465,0,0,58,830,1250,167,4,0
braai,braai.txt,2309,2,6,3.666089,8465,0,0,46,867,1215,174,7,0
bruvs,bruvs.txt,2309,2,6,3.666089,8465,0,0,48,849,1245,160,7,0
faves,faves.txt,2309,2,6,3.666089,8465,0,0,44,844,1265,151,5,0
feyer,feyer.txt,2309,2,6,3.666089,8465,0,0,41,834,1296,131,7,0
firie,firie.txt,2309,2,6,3.666089,8465,0,0,41,872,1222,165,9,0
jatos,jatos.txt,2309,2,6,3.666089,8465,0,0,43,837,1280,146,3,0
mamil,mamil.txt,2309,2,6,3.666089,8465,0,0,48,872,1199,183,7,0
marri,marri.txt,2309,2,6,3.666089,8465,0,0,46,860,1228,169,6,0
nanos,nanos.txt,2309,2,6,3.666089,8465,0,0,47,849,1248,158,7,0
oobit,oobit.txt,2309,2,6,3.666089,8465,0,0,54,848,1225,179,3,0
quist,quist.txt,2309,2,6,3.666089,8465,0,0,39,877,1217,168,8,0
saims,saims.txt,2309,2,6,3.666089,8465,0,0,51,866,1202,183,7,0
velum,velum.txt,2309,2,6,3.666089,8465,0,0,54,822,1281,145,7,0
waked,waked.txt,2309,2,6,3.666089,8465,0,0,47,841,1261,156,4,0
wingy,wingy.txt,2309,2,6,3.666089,8465,0,0,49,845,1248,162,5,0
yoghs,yoghs.txt,2309,2,6,3.666089,8465,0,0,42,863,1234,164,6,0
aargh,aargh.txt,2309,2,6,3.666522,8466,0,0,40,881,1203,179,6,0
abmho,abmho.txt,2309,2,6,3.666522,8466,0,0,46,858,1231,168,6,0
baize,baize.txt,2309,2,6,3.666522,8466,0,0,54,833,1261,151,10,0
boson,boson.txt,2309,2,6,3.666522,8466,0,0,53,836,1255,158,7,0
drere,drere.txt,2309,2,6,3.666522,8466,0,0,42,875,1210,175,7,0
egers,egers.txt,2309,2,6,3.666522,8466,0,0,46,862,1225,168,8,0
gumps,gumps.txt,2309,2,6,3.666522,8466,0,0,46,862,1224,170,7,0
heavy,heavy.txt,2309,1,6,3.666522,8466,1,1,46,855,1234,166,7,0
hebes,hebes.txt,2309,2,6,3.666522,8466,0,0,42,847,1261,157,2,0
intis,intis.txt,2309,2,6,3.666522,8466,0,0,46,835,1277,145,6,0
kanal,kanal.txt,2309,2,6,3.666522,8466,0,0,55,843,1235,169,7,0
kight,kight.txt,2309,2,6,3.666522,8466,0,0,40,855,1254,155,5,0
kofta,kofta.txt,2309,2,6,3.666522,8466,0,0,49,836,1264,156,4,0
krump,krump.txt,2309,2,6,3.666522,8466,0,0,46,861,1225,171,6,0
manoa,manoa.txt,2309,2,6,3.666522,8466,0,0,63,849,1200,189,8,0
mokey,mokey.txt,2309,2,6,3.666522,8466,0,0,42,855,1251,153,8,0
mvula,mvula.txt,2309,2,6,3.666522,8466,0,0,43,856,1244,160,6,0
nevel,nevel.txt,2309,2,6,3.666522,8466,0,0,58,847,1217,181,6,0
newbs,newbs.txt,2309,2,6,3.666522,8466,0,0,39,853,1258,157,2,0
owing,owing.txt,2309,1,6,3.666522,8466,1,1,46,832,1276,151,3,0
peeoy,peeoy.txt,2309,2,6,3.666522,8466,0,0,47,843,1260,151,8,0
pesky,pesky.txt,2309,1,6,3.666522,8466,1,1,50,838,1254,161,5,0
reeks,reeks.txt,2309,2,6,3.666522,8466,0,0,39,881,1203,183,3,0
rugby,rugby.txt,2309,1,6,3.666522,8466,1,1,55,822,1269,159,3,0
smize,smize.txt,2309,2,6,3.666522,8466,0,0,48,851,1239,165,6,0
sorus,sorus.txt,2309,2,6,3.666522,8466,0,0,45,872,1206,180,6,0
swoll,swoll.txt,2309,2,6,3.666522,8466,0,0,46,846,1252,162,3,0
twilt,twilt.txt,2309,2,6,3.666522,8466,0,0,53,848,1228,176,4,0
upbye,upbye.txt,2309,2,6,3.666522,8466,0,0,29,850,1294,134,2,0
agila,agila.txt,2309,2,6,3.666955,8467,0,0,50,844,1247,161,7,0
atuas,atuas.txt,2309,2,6,3.666955,8467,0,0,46,861,1227,166,9,0
avant,avant.txt,2309,2,6,3.666955,8467,0,0,52,835,1258,158,6,0
azure,azure.txt,2309,1,6,3.666955,8467,1,1,36,875,1224,165,8,0
bitts,bitts.txt,2309,2,6,3.666955,8467,0,0,46,844,1255,161,3,0
dumbs,dumbs.txt,2309,2,6,3.666955,8467,0,0,53,831,1259,164,2,0
frize,frize.txt,2309,2,6,3.666955,8467,0,0,53,835,1254,162,5,0
gecks,gecks.txt,2309,2,6,3.666955,8467,0,0,29,870,1254,153,3,0
lesos,lesos.txt,2309,2,6,3.666955,8467,0,0,51,855,1223,172,8,0
letty,letty.txt,2309,2,6,3.666955,8467,0,0,55,843,1232,174,5,0
lurex,lurex.txt,2309,2,6,3.666955,8467,0,0,46,859,1230,166,8,0
nexts,nexts.txt,2309,2,6,3.666955,8467,0,0,35,850,1274,149,1,0
nitto,nitto.txt,2309,2,6,3.666955,8467,0,0,55,836,1246,167,5,0
odium,odium.txt,2309,2,6,3.666955,8467,0,0,55,849,1227,166,12,0
sieve,sieve.txt,2309,1,6,3.666955,8467,1,1,42,868,1222,166,10,0
sours,sours.txt,2309,2,6,3.666955,8467,0,0,38,887,1196,182,6,0
vouge,vouge.txt,2309,2,6,3.666955,8467,0,0,57,855,1203,188,6,0
agars,agars.txt,2309,2,6,3.667388,8468,0,0,45,853,1243,161,7,0
befog,befog.txt,2309,2,6,3.667388,8468,0,0,39,851,1261,155,3,0
celly,celly.txt,2309,2,6,3.667388,8468,0,0,51,858,1214,180,6,0
elver,elver.txt,2309,2,6,3.667388,8468,0,0,64,829,1236,171,9,0
eyers,eyers.txt,2309,2,6,3.667388,8468,0,0,46,857,1235,161,10,0
fungo,fungo.txt,2309,2,6,3.667388,8468,0,0,53,836,1252,162,6,0
heeds,heeds.txt,2309,2,6,3.667388,8468,0,0,53,839,1242,173,2,0
kawed,kawed.txt,2309,2,6,3.667388,8468,0,0,47,841,1258,159,4,0
kythe,kythe.txt,2309,2,6,3.667388,8468,0,0,37,841,1287,141,3,0
lokum,lokum.txt,2309,2,6,3.667388,8468,0,0,47,856,1228,174,4,0
macas,macas.txt,2309,2,6,3.667388,8468,0,0,48,849,1240,167,5,0
maray,maray.txt,2309,2,6,3.667388,8468,0,0,57,824,1270,146,12,0
moaky,moaky.txt,2309,2,6,3.667388,8468,0,0,47,847,1249,159,7,0
monos,monos.txt,2309,2,6,3.667388,8468,0,0,48,848,1246,158,9,0
newie,newie.txt,2309,2,6,3.667388,8468,0,0,47,854,1236,164,8,0
omees,omees.txt,2309,2,6,3.667388,8468,0,0,42,842,1270,152,3,0
opium,opium.txt,2309,1,6,3.667388,8468,1,1,43,870,1210,179,6,0
pulls,pulls.txt,2309,2,6,3.667388,8468,0,0,41,870,1220,172,6,0
quilt,quilt.txt,2309,1,6,3.667388,8468,1,1,49,853,1229,168,9,0
scuse,scuse.txt,2309,2,6,3.667388,8468,0,0,50,838,1259,154,8,0
slays,slays.txt,2309,2,6,3.667388,8468,0,0,43,854,1245,162,5,0
sweed,sweed.txt,2309,2,6,3.667388,8468,0,0,56,830,1254,164,5,0
weber,weber.txt,2309,2,6,3.667388,8468,0,0,46,852,1237,172,2,0
avast,avast.txt,2309,2,6,3.667822,8469,0,0,48,842,1256,155,8,0
await,await.txt,2309,1,6,3.667822,8469,1,1,51,851,1223,177,6,0
botos,botos.txt,2309,2,6,3.667822,8469,0,0,52,843,1238,172,4,0
brass,brass.txt,2309,1,6,3.667822,8469,1,1,41,862,1235,160,10,0
chaap,chaap.txt,2309,2,6,3.667822,8469,0,0,46,872,1198,189,4,0
colog,colog.txt,2309,2,6,3.667822,8469,0,0,45,844,1257,159,4,0
dykon,dykon.txt,2309,2,6,3.667822,8469,0,0,39,851,1261,154,4,0
exult,exult.txt,2309,1,6,3.667822,8469,1,1,43,880,1190,188,7,0
floor,floor.txt,2309,1,6,3.667822,8469,1,1,54,819,1279,149,7,0
gayal,gayal.txt,2309,2,6,3.667822,8469,0,0,50,841,1248,166,4,0
gloss,gloss.txt,2309,1,6,3.667822,8469,1,1,39,863,1240,155,11,0
holos,holos.txt,2309,2,6,3.667822,8469,0,0,50,861,1211,180,7,0
jarul,jarul.txt,2309,2,6,3.667822,8469,0,0,39,866,1233,165,6,0
kydst,kydst.txt,2309,2,6,3.667822,8469,0,0,33,845,1288,142,1,0
mushy,mushy.txt,2309,1,6,3.667822,8469,1,1,52,844,1234,172,6,0
navew,navew.txt,2309,2,6,3.667822,8469,0,0,57,810,1288,151,3,0
noops,noops.txt,2309,2,6,3.667822,8469,0,0,42,845,1264,154,4,0
nulls,nulls.txt,2309,2,6,3.667822,8469,0,0,33,873,1236,162,5,0
ordos,ordos.txt,2309,2,6,3.667822,8469,0,0,43,864,1227,167,8,0
outro,outro.txt,2309,2,6,3.667822,8469,0,0,48,865,1211,176,9,0
pallu,pallu.txt,2309,2,6,3.667822,8469,0,0,36,877,1218,174,4,0
poxed,poxed.txt,2309,2,6,3.667822,8469,0,0,45,833,1278,150,3,0
sangs,sangs.txt,2309,2,6,3.667822,8469,0,0,41,857,1245,160,6,0
shris,shris.txt,2309,2,6,3.667822,8469,0,0,42,875,1207,178,7,0
snods,snods.txt,2309,2,6,3.667822,8469,0,0,34,866,1248,155,6,0
socas,socas.txt,2309,2,6,3.667822,8469,0,0,48,868,1203,183,7,0
testy,testy.txt,2309,1,6,3.667822,8469,1,1,52,835,1253,161,7,0
toity,toity.txt,2309,2,6,3.667822,8469,0,0,39,868,1230,165,7,0
whops,whops.txt,2309,2,6,3.667822,8469,0,0,54,845,1228,178,4,0
wisha,wisha.txt,2309,2,6,3.667822,8469,0,0,44,879,1194,184,8,0
withy,withy.txt,2309,2,6,3.667822,8469,0,0,51,841,1246,166,5,0
woose,woose.txt,2309,2,6,3.667822,8469,0,0,48,851,1237,166,7,0
bewet,bewet.txt,2309,2,6,3.668255,8470,0,0,46,853,1237,167,6,0
bovid,bovid.txt,2309,2,6,3.668255,8470,0,0,52,843,1239,169,6,0
doxes,doxes.txt,2309,2,6,3.668255,8470,0,0,40,830,1298,138,3,0
eking,eking.txt,2309,1,6,3.668255,8470,1,1,35,885,1202,180,6,0
ember,ember.txt,2309,1,6,3.668255,8470,1,1,46,849,1239,170,4,0
fowth,fowth.txt,2309,2,6,3.668255,8470,0,0,49,822,1287,148,3,0
gawcy,gawcy.txt,2309,2,6,3.668255,8470,0,0,39,841,1278,149,2,0
halma,halma.txt,2309,2,6,3.668255,8470,0,0,51,833,1265,151,9,0
hello,hello.txt,2309,1,6,3.668255,8470,1,1,47,853,1230,172,6,0
kirby,kirby.txt,2309,2,6,3.668255,8470,0,0,45,833,1280,145,6,0
marry,marry.txt,2309,1,6,3.668255,8470,1,1,56,823,1265,156,8,0
murva,murva.txt,2309,2,6,3.668255,8470,0,0,50,857,1217,179,6,0
pagan,pagan.txt,2309,1,6,3.668255,8470,1,1,49,849,1229,178,3,0
penna,penna.txt,2309,2,6,3.668255,8470,0,0,51,854,1220,178,6,0
pized,pized.txt,2309,2,6,3.668255,8470,0,0,43,848,1253,162,3,0
regur,regur.txt,2309,2,6,3.668255,8470,0,0,55,824,1267,158,5,0
titch,titch.txt,2309,2,6,3.668255,8470,0,0,44,878,1192,190,5,0
yumps,yumps.txt,2309,2,6,3.668255,8470,0,0,44,839,1271,149,6,0
aband,aband.txt,2309,2,6,3.668688,8471,0,0,47,847,1243,168,4,0
bells,bells.txt,2309,2,6,3.668688,8471,0,0,45,843,1257,160,4,0
bunks,bunks.txt,2309,2,6,3.668688,8471,0,0,43,860,1231,169,6,0
duchy,duchy.txt,2309,1,6,3.668688,8471,1,1,45,854,1232,172,5,0
eaver,eaver.txt,2309,2,6,3.668688,8471,0,0,59,835,1237,168,10,0
grosz,grosz.txt,2309,2,6,3.668688,8471,0,0,36,867,1236,166,4,0
neebs,neebs.txt,2309,2,6,3.668688,8471,0,0,40,858,1246,157,8,0
noxes,noxes.txt,2309,2,6,3.668688,8471,0,0,43,844,1260,159,3,0
playa,playa.txt,2309,2,6,3.668688,8471,0,0,47,848,1242,167,5,0
pucks,pucks.txt,2309,2,6,3.668688,8471,0,0,48,851,1236,166,8,0
puzel,puzel.txt,2309,2,6,3.668688,8471,0,0,48,849,1235,174,3,0
rasps,rasps.txt,2309,2,6,3.668688,8471,0,0,49,820,1289,149,2,0
rawer,rawer.txt,2309,2,6,3.668688,8471,0,0,42,838,1277,147,5,0
revow,revow.txt,2309,2,6,3.668688,8471,0,0,49,841,1252,160,7,0
sados,sados.txt,2309,2,6,3.668688,8471,0,0,40,865,1234,160,10,0
shots,shots.txt,2309,2,6,3.668688,8471,0,0,42,869,1216,176,6,0
slurs,slurs.txt,2309,2,6,3.668688,8471,0,0,42,860,1234,167,6,0
swede,swede.txt,2309,2,6,3.668688,8471,0,0,54,822,1273,155,5,0
tolyl,tolyl.txt,2309,2,6,3.668688,8471,0,0,41,851,1254,158,5,0
ulzie,ulzie.txt,2309,2,6,3.668688,8471,0,0,46,849,1244,164,6,0
vamps,vamps.txt,2309,2,6,3.668688,8471,0,0,36,853,1264,152,4,0
waved,waved.txt,2309,2,6,3.668688,8471,0,0,54,823,1271,156,5,0
whims,whims.txt,2309,2,6,3.668688,8471,0,0,56,818,1276,153,6,0
azurn,azurn.txt,2309,2,6,3.669121,8472,0,0,38,866,1235,162,8,0
botts,botts.txt,2309,2,6,3.669121,8472,0,0,45,849,1245,165,5,0
dumbo,dumbo.txt,2309,2,6,3.669121,8472,0,0,51,848,1229,176,5,0
fives,fives.txt,2309,2,6,3.669121,8472,0,0,48,833,1266,159,3,0
gloop,gloop.txt,2309,2,6,3.669121,8472,0,0,43,853,1245,161,7,0
gulfy,gulfy.txt,2309,2,6,3.669121,8472,0,0,52,830,1261,162,4,0
heath,heath.txt,2309,1,6,3.669121,8472,1,1,45,861,1218,178,6,0
metta,metta.txt,2309,2,6,3.669121,8472,0,0,56,851,1211,183,8,0
myall,myall.txt,2309,2,6,3.669121,8472,0,0,53,819,1282,149,6,0
nicky,nicky.txt,2309,2,6,3.669121,8472,0,0,43,839,1271,151,5,0
noded,noded.txt,2309,2,6,3.669121,8472,0,0,49,834,1260,164,2,0
onkus,onkus.txt,2309,2,6,3.669121,8472,0,0,35,875,1224,169,6,0
podex,podex.txt,2309,2,6,3.669121,8472,0,0,50,820,1286,150,3,0
redry,redry.txt,2309,2,6,3.669121,8472,0,0,50,829,1270,155,5,0
rolly,rolly.txt,2309,2,6,3.669121,8472,0,0,48,845,1248,159,9,0
shoes,shoes.txt,2309,2,6,3.669121,8472,0,0,43,859,1233,167,7,0
suers,suers.txt,2309,2,6,3.669121,8472,0,0,42,903,1149,207,8,0
topaz,topaz.txt,2309,1,6,3.669121,8472,1,1,41,851,1251,158,7,0
unkid,unkid.txt,2309,2,6,3.669121,8472,0,0,41,858,1237,170,3,0
wooer,wooer.txt,2309,1,6,3.669121,8472,1,1,43,866,1212,183,4,0
alack,alack.txt,2309,2,6,3.669554,8473,0,0,48,867,1201,186,7,0
boxer,boxer.txt,2309,1,6,3.669554,8473,1,1,43,846,1249,168,2,0
cabas,cabas.txt,2309,2,6,3.669554,8473,0,0,43,854,1237,173,2,0
droob,droob.txt,2309,2,6,3.669554,8473,0,0,55,844,1227,175,8,0
fools,fools.txt,2309,2,6,3.669554,8473,0,0,51,830,1264,159,5,0
froze,froze.txt,2309,1,6,3.669554,8473,1,1,44,834,1273,152,5,0
hinky,hinky.txt,2309,2,6,3.669554,8473,0,0,45,850,1244,163,7,0
hokey,hokey.txt,2309,2,6,3.669554,8473,0,0,41,868,1217,179,4,0
katal,katal.txt,2309,2,6,3.669554,8473,0,0,43,854,1241,165,6,0
oasts,oasts.txt,2309,2,6,3.669554,8473,0,0,46,849,1241,168,5,0
ogive,ogive.txt,2309,2,6,3.669554,8473,0,0,55,848,1218,181,7,0
plips,plips.txt,2309,2,6,3.669554,8473,0,0,52,838,1244,171,4,0
shama,shama.txt,2309,2,6,3.669554,8473,0,0,55,840,1233,175,6,0
urger,urger.txt,2309,2,6,3.669554,8473,0,0,50,847,1232,176,4,0
vrows,vrows.txt,2309,2,6,3.669554,8473,0,0,43,855,1237,170,4,0
zibet,zibet.txt,2309,2,6,3.669554,8473,0,0,52,831,1259,162,5,0
casco,casco.txt,2309,2,6,3.669987,8474,0,0,41,863,1229,169,7,0
doped,doped.txt,2309,2,6,3.669987,8474,0,0,45,837,1265,159,3,0
ghees,ghees.txt,2309,2,6,3.669987,8474,0,0,50,845,1238,169,7,0
gross,gross.txt,2309,1,6,3.669987,8474,1,1,38,863,1234,166,7,0
jures,jures.txt,2309,2,6,3.669987,8474,0,0,45,847,1245,169,3,0
mahal,mahal.txt,2309,2,6,3.669987,8474,0,0,51,846,1236,166,10,0
meeps,meeps.txt,2309,2,6,3.669987,8474,0,0,39,854,1250,162,4,0
paxes,paxes.txt,2309,2,6,3.669987,8474,0,0,37,858,1247,164,3,0
pekau,pekau.txt,2309,2,6,3.669987,8474,0,0,37,866,1232,170,4,0
polly,polly.txt,2309,2,6,3.669987,8474,0,0,48,840,1251,166,4,0
tempt,tempt.txt,2309,2,6,3.669987,8474,0,0,44,846,1252,162,5,0
tipis,tipis.txt,2309,2,6,3.669987,8474,0,0,42,864,1219,182,2,0
unify,unify.txt,2309,1,6,3.669987,8474,1,1,46,823,1288,146,5,0
yokul,yokul.txt,2309,2,6,3.669987,8474,0,0,35,852,1265,154,3,0
barry,barry.txt,2309,2,6,3.67042,8475,0,0,56,807,1292,150,4,0
bello,bello.txt,2309,2,6,3.67042,8475,0,0,50,844,1239,169,7,0
briss,briss.txt,2309,2,6,3.67042,8475,0,0,46,848,1240,171,4,0
burfi,burfi.txt,2309,2,6,3.67042,8475,0,0,53,831,1254,166,5,0
canny,canny.txt,2309,1,6,3.67042,8475,1,1,42,843,1257,163,3,0
dazes,dazes.txt,2309,2,6,3.67042,8475,0,0,36,849,1267,154,3,0
deads,deads.txt,2309,2,6,3.67042,8475,0,0,49,829,1274,148,9,0
dozes,dozes.txt,2309,2,6,3.67042,8475,0,0,33,846,1283,143,4,0
flowy,flowy.txt,2309,2,6,3.67042,8475,0,0,49,827,1273,156,4,0
gunks,gunks.txt,2309,2,6,3.67042,8475,0,0,35,878,1215,175,6,0
knive,knive.txt,2309,2,6,3.67042,8475,0,0,51,855,1219,172,12,0
lymph,lymph.txt,2309,1,6,3.67042,8475,1,1,49,819,1289,143,8,0
meeds,meeds.txt,2309,2,6,3.67042,8475,0,0,46,849,1245,158,11,0
nitid,nitid.txt,2309,2,6,3.67042,8475,0,0,47,841,1250,168,3,0
parps,parps.txt,2309,2,6,3.67042,8475,0,0,48,817,1294,148,2,0
perps,perps.txt,2309,2,6,3.67042,8475,0,0,42,848,1254,159,6,0
pheme,pheme.txt,2309,2,6,3.67042,8475,0,0,45,849,1243,166,6,0
quate,quate.txt,2309,2,6,3.67042,8475,0,0,38,864,1232,171,4,0
radii,radii.txt,2309,1,6,3.67042,8475,1,1,45,854,1228,176,5,0
rizas,rizas.txt,2309,2,6,3.67042,8475,0,0,44,847,1249,164,5,0
shirs,shirs.txt,2309,2,6,3.67042,8475,0,0,43,884,1182,191,9,0
sonsy,sonsy.txt,2309,2,6,3.67042,8475,0,0,47,858,1219,179,6,0
spets,spets.txt,2309,2,6,3.67042,8475,0,0,41,869,1213,182,4,0
taboo,taboo.txt,2309,1,6,3.67042,8475,1,1,60,818,1257,166,7,0
whamo,whamo.txt,2309,2,6,3.67042,8475,0,0,48,853,1227,174,7,0
wheft,wheft.txt,2309,2,6,3.67042,8475,0,0,60,835,1229,176,9,0
bocce,bocce.txt,2309,2,6,3.670853,8476,0,0,43,852,1243,164,7,0
bylaw,bylaw.txt,2309,1,6,3.670853,8476,1,1,42,834,1275,153,4,0
diced,diced.txt,2309,2,6,3.670853,8476,0,0,50,827,1266,165,1,0
durra,durra.txt,2309,2,6,3.670853,8476,0,0,50,866,1192,196,5,0
jager,jager.txt,2309,2,6,3.670853,8476,0,0,46,836,1266,154,7,0
joins,joins.txt,2309,2,6,3.670853,8476,0,0,41,862,1232,164,10,0
naeve,naeve.txt,2309,2,6,3.670853,8476,0,0,57,831,1244,169,8,0
neive,neive.txt,2309,2,6,3.670853,8476,0,0,57,830,1245,170,7,0
newed,newed.txt,2309,2,6,3.670853,8476,0,0,53,843,1226,185,2,0
nikab,nikab.txt,2309,2,6,3.670853,8476,0,0,42,851,1245,167,4,0
nixes,nixes.txt,2309,2,6,3.670853,8476,0,0,45,834,1270,156,4,0
ogmic,ogmic.txt,2309,2,6,3.670853,8476,0,0,50,839,1248,165,7,0
ovism,ovism.txt,2309,2,6,3.670853,8476,0,0,51,840,1240,174,4,0
pepla,pepla.txt,2309,2,6,3.670853,8476,0,0,55,833,1244,171,6,0
qilas,qilas.txt,2309,2,6,3.670853,8476,0,0,40,855,1246,161,7,0
rojis,rojis.txt,2309,2,6,3.670853,8476,0,0,41,856,1240,166,6,0
seiza,seiza.txt,2309,2,6,3.670853,8476,0,0,45,864,1216,174,10,0
seths,seths.txt,2309,2,6,3.670853,8476,0,0,35,874,1221,174,5,0
slobs,slobs.txt,2309,2,6,3.670853,8476,0,0,43,847,1251,163,5,0
theta,theta.txt,2309,1,6,3.670853,8476,1,1,52,854,1204,195,3,0
yaars,yaars.txt,2309,2,6,3.670853,8476,0,0,35,867,1237,163,7,0
ytost,ytost.txt,2309,2,6,3.670853,8476,0,0,42,855,1239,167,6,0
afald,afald.txt,2309,2,6,3.671286,8477,0,0,40,856,1238,173,2,0
agape,agape.txt,2309,1,6,3.671286,8477,1,1,51,842,1234,174,7,0
aided,aided.txt,2309,2,6,3.671286,8477,0,0,51,846,1230,175,7,0
apgar,apgar.txt,2309,2,6,3.671286,8477,0,0,54,820,1270,161,4,0
axons,axons.txt,2309,2,6,3.671286,8477,0,0,45,851,1239,166,8,0
azons,azons.txt,2309,2,6,3.671286,8477,0,0,36,871,1225,170,7,0
bantz,bantz.txt,2309,2,6,3.671286,8477,0,0,39,831,1292,144,3,0
bigha,bigha.txt,2309,2,6,3.671286,8477,0,0,46,853,1228,178,4,0
cauda,cauda.txt,2309,2,6,3.671286,8477,0,0,42,846,1254,163,4,0
cooms,cooms.txt,2309,2,6,3.671286,8477,0,0,51,841,1236,178,3,0
damme,damme.txt,2309,2,6,3.671286,8477,0,0,44,853,1237,168,7,0
dumpy,dumpy.txt,2309,1,6,3.671286,8477,1,1,51,835,1248,167,7,0
eyrir,eyrir.txt,2309,2,6,3.671286,8477,0,0,41,857,1234,174,3,0
honky,honky.txt,2309,2,6,3.671286,8477,0,0,52,834,1255,157,11,0
melam,melam.txt,2309,2,6,3.671286,8477,0,0,50,841,1239,176,3,0
padas,padas.txt,2309,2,6,3.671286,8477,0,0,48,837,1259,156,9,0
skirr,skirr.txt,2309,2,6,3.671286,8477,0,0,33,866,1239,169,2,0
tossy,tossy.txt,2309,2,6,3.671286,8477,0,0,46,843,1249,166,5,0
twite,twite.txt,2309,2,6,3.671286,8477,0,0,59,830,1235,181,4,0
vigas,vigas.txt,2309,2,6,3.671286,8477,0,0,54,829,1257,160,9,0
vinew,vinew.txt,2309,2,6,3.671286,8477,0,0,55,834,1242,171,7,0
yacks,yacks.txt,2309,2,6,3.671286,8477,0,0,36,843,1280,144,6,0
achar,achar.txt,2309,2,6,3.671719,8478,0,0,39,860,1234,172,4,0
ahead,ahead.txt,2309,1,6,3.671719,8478,1,1,48,843,1241,168,8,0
aioli,aioli.txt,2309,2,6,3.671719,8478,0,0,39,882,1194,186,8,0
blitz,blitz.txt,2309,1,6,3.671719,8478,1,1,39,834,1280,153,2,0
cheeb,cheeb.txt,2309,2,6,3.671719,8478,0,0,43,841,1258,165,2,0
cogon,cogon.txt,2309,2,6,3.671719,8478,0,0,55,821,1264,165,4,0
deave,deave.txt,2309,2,6,3.671719,8478,0,0,49,853,1219,183,5,0
dilly,dilly.txt,2309,1,6,3.671719,8478,1,1,53,817,1273,162,3,0
farro,farro.txt,2309,2,6,3.671719,8478,0,0,59,820,1254,172,4,0
foots,foots.txt,2309,2,6,3.671719,8478,0,0,57,810,1280,158,4,0
gotta,gotta.txt,2309,2,6,3.671719,8478,0,0,48,850,1227,180,4,0
gushy,gushy.txt,2309,2,6,3.671719,8478,0,0,51,842,1238,170,8,0
hedge,hedge.txt,2309,1,6,3.671719,8478,1,1,43,845,1248,168,4,0
hewer,hewer.txt,2309,2,6,3.671719,8478,0,0,45,869,1201,187,7,0
kyang,kyang.txt,2309,2,6,3.671719,8478,0,0,40,837,1279,147,6,0
loyal,loyal.txt,2309,1,6,3.671719,8478,1,1,49,854,1214,185,6,0
nasis,nasis.txt,2309,2,6,3.671719,8478,0,0,44,858,1227,172,8,0
ortho,ortho.txt,2309,2,6,3.671719,8478,0,0,45,851,1234,175,4,0
pipal,pipal.txt,2309,2,6,3.671719,8478,0,0,55,835,1242,167,10,0
pocky,pocky.txt,2309,2,6,3.671719,8478,0,0,48,823,1282,151,5,0
poufy,poufy.txt,2309,2,6,3.671719,8478,0,0,39,860,1236,168,6,0
props,props.txt,2309,2,6,3.671719,8478,0,0,49,841,1244,169,6,0
sweep,sweep.txt,2309,1,6,3.671719,8478,1,1,54,843,1220,186,5,0
umbos,umbos.txt,2309,2,6,3.671719,8478,0,0,46,836,1262,160,5,0
adage,adage.txt,2309,1,6,3.672152,8479,1,1,47,841,1245,169,6,0
araks,araks.txt,2309,2,6,3.672152,8479,0,0,46,838,1259,159,7,0
begum,begum.txt,2309,2,6,3.672152,8479,0,0,58,822,1253,171,5,0
falls,falls.txt,2309,2,6,3.672152,8479,0,0,45,836,1268,151,9,0
glitz,glitz.txt,2309,2,6,3.672152,8479,0,0,36,842,1278,149,4,0
knees,knees.txt,2309,2,6,3.672152,8479,0,0,42,850,1244,169,4,0
meech,meech.txt,2309,2,6,3.672152,8479,0,0,42,875,1195,192,5,0
miraa,miraa.txt,2309,2,6,3.672152,8479,0,0,55,841,1226,180,7,0
mises,mises.txt,2309,2,6,3.672152,8479,0,0,50,838,1246,169,6,0
namad,namad.txt,2309,2,6,3.672152,8479,0,0,52,832,1255,161,9,0
nanti,nanti.txt,2309,2,6,3.672152,8479,0,0,44,854,1233,171,7,0
nyala,nyala.txt,2309,2,6,3.672152,8479,0,0,41,847,1253,164,4,0
ofays,ofays.txt,2309,2,6,3.672152,8479,0,0,35,835,1295,140,4,0
pinon,pinon.txt,2309,2,6,3.672152,8479,0,0,48,852,1226,175,8,0
ryper,ryper.txt,2309,2,6,3.672152,8479,0,0,46,838,1258,161,6,0
smits,smits.txt,2309,2,6,3.672152,8479,0,0,49,827,1270,158,5,0
solus,solus.txt,2309,2,6,3.672152,8479,0,0,41,858,1234,169,7,0
yawps,yawps.txt,2309,2,6,3.672152,8479,0,0,36,845,1271,154,3,0
atmas,atmas.txt,2309,2,6,3.672586,8480,0,0,49,833,1257,165,5,0
conic,conic.txt,2309,1,6,3.672586,8480,1,1,45,844,1247,163,9,0
fauve,fauve.txt,2309,2,6,3.672586,8480,0,0,56,810,1281,158,4,0
fritz,fritz.txt,2309,1,6,3.672586,8480,1,1,49,827,1266,160,6,0
geeps,geeps.txt,2309,2,6,3.672586,8480,0,0,47,838,1253,166,5,0
lilty,lilty.txt,2309,2,6,3.672586,8480,0,0,46,833,1265,161,4,0
pacai,pacai.txt,2309,2,6,3.672586,8480,0,0,50,843,1236,173,7,0
skill,skill.txt,2309,1,6,3.672586,8480,1,1,42,856,1228,177,5,0
spics,spics.txt,2309,2,6,3.672586,8480,0,0,41,855,1235,175,3,0
vogue,vogue.txt,2309,1,6,3.672586,8480,1,1,58,849,1195,200,6,0
whaup,whaup.txt,2309,2,6,3.672586,8480,0,0,43,854,1235,170,7,0
woful,woful.txt,2309,2,6,3.672586,8480,0,0,42,848,1249,164,6,0
xeric,xeric.txt,2309,2,6,3.672586,8480,0,0,40,857,1238,167,7,0
aahed,aahed.txt,2309,2,6,3.673019,8481,0,0,38,852,1251,163,5,0
ahull,ahull.txt,2309,2,6,3.673019,8481,0,0,41,880,1191,187,10,0
capiz,capiz.txt,2309,2,6,3.673019,8481,0,0,40,852,1246,165,6,0
dinna,dinna.txt,2309,2,6,3.673019,8481,0,0,48,861,1207,184,9,0
doppe,doppe.txt,2309,2,6,3.673019,8481,0,0,48,813,1297,148,3,0
emend,emend.txt,2309,2,6,3.673019,8481,0,0,43,860,1221,179,6,0
fishy,fishy.txt,2309,1,6,3.673019,8481,1,1,44,850,1234,174,6,0
fyrds,fyrds.txt,2309,2,6,3.673019,8481,0,0,37,836,1288,141,7,0
garam,garam.txt,2309,2,6,3.673019,8481,0,0,62,829,1228,182,8,0
gouks,gouks.txt,2309,2,6,3.673019,8481,0,0,29,880,1223,171,6,0
greek,greek.txt,2309,2,6,3.673019,8481,0,0,42,859,1227,174,7,0
luxer,luxer.txt,2309,2,6,3.673019,8481,0,0,45,842,1252,163,7,0
major,major.txt,2309,1,6,3.673019,8481,1,1,54,823,1257,169,5,0
merry,merry.txt,2309,1,6,3.673019,8481,1,1,52,834,1242,174,6,0
mooli,mooli.txt,2309,2,6,3.673019,8481,0,0,48,836,1252,169,4,0
niess,niess.txt,2309,2,6,3.673019,8481,0,0,41,869,1210,182,7,0
sodas,sodas.txt,2309,2,6,3.673019,8481,0,0,41,860,1227,175,6,0
sucky,sucky.txt,2309,2,6,3.673019,8481,0,0,45,846,1241,173,4,0
topoi,topoi.txt,2309,2,6,3.673019,8481,0,0,45,850,1234,175,5,0
whilk,whilk.txt,2309,2,6,3.673019,8481,0,0,52,832,1252,165,8,0
banda,banda.txt,2309,2,6,3.673452,8482,0,0,44,841,1253,167,4,0
berry,berry.txt,2309,1,6,3.673452,8482,1,1,55,808,1281,161,3,0
bushy,bushy.txt,2309,1,6,3.673452,8482,1,1,49,835,1249,168,7,0
cooty,cooty.txt,2309,2,6,3.673452,8482,0,0,38,872,1213,178,8,0
dowfs,dowfs.txt,2309,2,6,3.673452,8482,0,0,44,808,1318,136,3,0
gally,gally.txt,2309,2,6,3.673452,8482,0,0,56,827,1246,175,5,0
ivory,ivory.txt,2309,1,6,3.673452,8482,1,1,44,852,1226,183,3,0
kumis,kumis.txt,2309,2,6,3.673452,8482,0,0,40,855,1242,163,9,0
mosts,mosts.txt,2309,2,6,3.673452,8482,0,0,51,827,1260,167,4,0
obeys,obeys.txt,2309,2,6,3.673452,8482,0,0,40,817,1314,133,5,0
poxes,poxes.txt,2309,2,6,3.673452,8482,0,0,42,835,1269,161,2,0
situs,situs.txt,2309,2,6,3.673452,8482,0,0,38,856,1243,166,6,0
unbag,unbag.txt,2309,2,6,3.673452,8482,0,0,45,849,1235,175,5,0
washy,washy.txt,2309,2,6,3.673452,8482,0,0,49,832,1257,166,5,0
beech,beech.txt,2309,1,6,3.673885,8483,1,1,41,864,1212,186,5,0
ducks,ducks.txt,2309,2,6,3.673885,8483,0,0,42,837,1266,160,4,0
edify,edify.txt,2309,1,6,3.673885,8483,1,1,45,826,1279,150,8,0
izard,izard.txt,2309,2,6,3.673885,8483,0,0,43,851,1240,166,9,0
jarps,jarps.txt,2309,2,6,3.673885,8483,0,0,41,825,1290,152,1,0
kagus,kagus.txt,2309,2,6,3.673885,8483,0,0,35,849,1264,156,5,0
kemps,kemps.txt,2309,2,6,3.673885,8483,0,0,38,844,1267,153,7,0
lossy,lossy.txt,2309,2,6,3.673885,8483,0,0,41,856,1231,177,4,0
nagas,nagas.txt,2309,2,6,3.673885,8483,0,0,51,845,1225,182,6,0
ninta,ninta.txt,2309,2,6,3.673885,8483,0,0,48,839,1248,166,8,0
nonas,nonas.txt,2309,2,6,3.673885,8483,0,0,40,859,1231,172,7,0
picky,picky.txt,2309,1,6,3.673885,8483,1,1,45,829,1269,161,4,0
pixes,pixes.txt,2309,2,6,3.673885,8483,0,0,38,851,1253,160,7,0
rower,rower.txt,2309,1,6,3.673885,8483,1,1,43,845,1243,173,4,0
schav,schav.txt,2309,2,6,3.673885,8483,0,0,33,860,1249,161,6,0
scoop,scoop.txt,2309,1,6,3.673885,8483,1,1,44,843,1246,169,6,0
sully,sully.txt,2309,1,6,3.673885,8483,1,1,47,849,1224,183,5,0
tweep,tweep.txt,2309,2,6,3.673885,8483,0,0,53,841,1227,182,6,0
veles,veles.txt,2309,2,6,3.673885,8483,0,0,56,835,1228,186,4,0
vibey,vibey.txt,2309,2,6,3.673885,8483,0,0,47,815,1294,150,3,0
wekas,wekas.txt,2309,2,6,3.673885,8483,0,0,44,836,1262,163,4,0
whigs,whigs.txt,2309,2,6,3.673885,8483,0,0,53,833,1243,174,6,0
alfas,alfas.txt,2309,2,6,3.674318,8484,0,0,49,828,1268,154,10,0
alpha,alpha.txt,2309,1,6,3.674318,8484,1,1,42,846,1246,167,7,0
attic,attic.txt,2309,1,6,3.674318,8484,1,1,49,849,1222,178,10,0
blonx,blonx.txt,2309,2,6,3.674318,8484,0,0,39,851,1248,165,6,0
logos,logos.txt,2309,2,6,3.674318,8484,0,0,50,842,1237,170,10,0
nisei,nisei.txt,2309,2,6,3.674318,8484,0,0,43,848,1241,172,5,0
sunis,sunis.txt,2309,2,6,3.674318,8484,0,0,48,854,1217,182,8,0
vouch,vouch.txt,2309,1,6,3.674318,8484,1,1,45,871,1190,192,10,0
yedes,yedes.txt,2309,2,6,3.674318,8484,0,0,37,842,1271,154,5,0
choky,choky.txt,2309,2,6,3.674751,8485,0,0,39,876,1195,195,4,0
dicky,dicky.txt,2309,2,6,3.674751,8485,0,0,44,823,1284,156,2,0
hillo,hillo.txt,2309,2,6,3.674751,8485,0,0,51,843,1230,176,9,0
meake,meake.txt,2309,2,6,3.674751,8485,0,0,41,863,1215,186,4,0
nixed,nixed.txt,2309,2,6,3.674751,8485,0,0,48,829,1264,162,6,0
pizes,pizes.txt,2309,2,6,3.674751,8485,0,0,37,849,1256,162,5,0
pucka,pucka.txt,2309,2,6,3.674751,8485,0,0,53,844,1218,189,5,0
punky,punky.txt,2309,2,6,3.674751,8485,0,0,50,827,1258,172,2,0
quiet,quiet.txt,2309,1,6,3.674751,8485,1,1,49,852,1213,186,8,0
shins,shins.txt,2309,2,6,3.674751,8485,0,0,41,861,1222,178,7,0
stops,stops.txt,2309,2,6,3.674751,8485,0,0,44,830,1271,161,3,0
tenny,tenny.txt,2309,2,6,3.674751,8485,0,0,47,846,1232,179,5,0
toyos,toyos.txt,2309,2,6,3.674751,8485,0,0,44,836,1261,163,5,0
wifey,wifey.txt,2309,2,6,3.674751,8485,0,0,49,812,1294,149,5,0
womyn,womyn.txt,2309,2,6,3.674751,8485,0,0,45,836,1260,161,7,0
yapok,yapok.txt,2309,2,6,3.674751,8485,0,0,42,840,1262,157,8,0
adnex,adnex.txt,2309,2,6,3.675184,8486,0,0,47,822,1277,160,3,0
amaut,amaut.txt,2309,2,6,3.675184,8486,0,0,51,844,1228,176,10,0
buiks,buiks.txt,2309,2,6,3.675184,8486,0,0,46,852,1225,178,8,0
bumps,bumps.txt,2309,2,6,3.675184,8486,0,0,47,827,1266,167,2,0
cacti,cacti.txt,2309,1,6,3.675184,8486,1,1,36,856,1240,171,5,0
coach,coach.txt,2309,1,6,3.675184,8486,1,1,46,866,1194,193,9,0
dobro,dobro.txt,2309,2,6,3.675184,8486,0,0,57,828,1238,180,6,0
donna,donna.txt,2309,2,6,3.675184,8486,0,0,47,868,1189,198,7,0
embog,embog.txt,2309,2,6,3.675184,8486,0,0,45,831,1268,159,6,0
ensky,ensky.txt,2309,2,6,3.675184,8486,0,0,44,850,1232,178,5,0
gager,gager.txt,2309,2,6,3.675184,8486,0,0,46,836,1258,160,9,0
khadi,khadi.txt,2309,2,6,3.675184,8486,0,0,42,852,1236,172,7,0
piped,piped.txt,2309,2,6,3.675184,8486,0,0,48,835,1249,173,4,0
semis,semis.txt,2309,2,6,3.675184,8486,0,0,49,837,1247,167,9,0
smarm,smarm.txt,2309,2,6,3.675184,8486,0,0,47,849,1226,181,6,0
srsly,srsly.txt,2309,2,6,3.675184,8486,0,0,36,844,1269,154,6,0
titup,titup.txt,2309,2,6,3.675184,8486,0,0,55,833,1232,185,4,0
tuxes,tuxes.txt,2309,2,6,3.675184,8486,0,0,40,844,1255,166,4,0
aecia,aecia.txt,2309,2,6,3.675617,8487,0,0,42,892,1159,205,11,0
bufos,bufos.txt,2309,2,6,3.675617,8487,0,0,47,829,1265,162,6,0
cutto,cutto.txt,2309,2,6,3.675617,8487,0,0,53,834,1236,181,5,0
decad,decad.txt,2309,2,6,3.675617,8487,0,0,50,835,1240,182,2,0
dulls,dulls.txt,2309,2,6,3.675617,8487,0,0,38,853,1242,172,4,0
envoi,envoi.txt,2309,2,6,3.675617,8487,0,0,52,831,1246,174,6,0
extol,extol.txt,2309,1,6,3.675617,8487,1,1,52,834,1237,178,7,0
lobos,lobos.txt,2309,2,6,3.675617,8487,0,0,55,820,1258,171,5,0
luxed,luxed.txt,2309,2,6,3.675617,8487,0,0,42,828,1278,159,2,0
murky,murky.txt,2309,1,6,3.675617,8487,1,1,45,834,1263,154,12,0
poods,poods.txt,2309,2,6,3.675617,8487,0,0,48,826,1267,163,5,0
promo,promo.txt,2309,2,6,3.675617,8487,0,0,52,837,1237,174,9,0
quest,quest.txt,2309,1,6,3.675617,8487,1,1,33,887,1191,187,10,0
quire,quire.txt,2309,2,6,3.675617,8487,0,0,35,872,1218,175,9,0
rusts,rusts.txt,2309,2,6,3.675617,8487,0,0,45,841,1246,172,5,0
smirs,smirs.txt,2309,2,6,3.675617,8487,0,0,50,832,1251,169,7,0
tinny,tinny.txt,2309,2,6,3.675617,8487,0,0,45,848,1233,177,6,0
vicus,vicus.txt,2309,2,6,3.675617,8487,0,0,44,837,1259,162,7,0
vinho,vinho.txt,2309,2,6,3.675617,8487,0,0,46,834,1256,169,4,0
vocab,vocab.txt,2309,2,6,3.675617,8487,0,0,47,826,1269,163,4,0
yogee,yogee.txt,2309,2,6,3.675617,8487,0,0,36,836,1282,151,4,0
bouks,bouks.txt,2309,2,6,3.67605,8488,0,0,40,853,1234,179,3,0
comme,comme.txt,2309,2,6,3.67605,8488,0,0,38,853,1243,169,6,0
dolly,dolly.txt,2309,1,6,3.67605,8488,1,1,51,825,1260,162,10,0
ekdam,ekdam.txt,2309,2,6,3.67605,8488,0,0,54,825,1250,175,5,0
elegy,elegy.txt,2309,1,6,3.67605,8488,1,1,47,827,1267,158,9,0
gooly,gooly.txt,2309,2,6,3.67605,8488,0,0,46,842,1241,174,6,0
grama,grama.txt,2309,2,6,3.67605,8488,0,0,60,820,1244,178,7,0
inned,inned.txt,2309,2,6,3.67605,8488,0,0,46,841,1243,173,6,0
isles,isles.txt,2309,2,6,3.67605,8488,0,0,46,834,1256,168,5,0
misky,misky.txt,2309,2,6,3.67605,8488,0,0,46,829,1267,161,6,0
moses,moses.txt,2309,2,6,3.67605,8488,0,0,45,833,1260,167,4,0
ogeed,ogeed.txt,2309,2,6,3.67605,8488,0,0,40,836,1269,160,4,0
pauas,pauas.txt,2309,2,6,3.67605,8488,0,0,44,855,1225,175,10,0
plops,plops.txt,2309,2,6,3.67605,8488,0,0,48,829,1261,165,6,0
quare,quare.txt,2309,2,6,3.67605,8488,0,0,34,876,1214,174,11,0
teths,teths.txt,2309,2,6,3.67605,8488,0,0,47,853,1215,189,5,0
ulama,ulama.txt,2309,2,6,3.67605,8488,0,0,52,824,1263,160,10,0
babel,babel.txt,2309,2,6,3.676483,8489,0,0,54,815,1267,170,3,0
belli,belli.txt,2309,2,6,3.676483,8489,0,0,48,830,1259,165,7,0
binky,binky.txt,2309,2,6,3.676483,8489,0,0,42,829,1274,162,2,0
cinqs,cinqs.txt,2309,2,6,3.676483,8489,0,0,35,844,1269,155,6,0
feued,feued.txt,2309,2,6,3.676483,8489,0,0,46,847,1230,180,6,0
harry,harry.txt,2309,1,6,3.676483,8489,1,1,47,839,1238,179,5,0
imshy,imshy.txt,2309,2,6,3.676483,8489,0,0,48,834,1250,171,6,0
jagir,jagir.txt,2309,2,6,3.676483,8489,0,0,45,823,1279,158,4,0
kutai,kutai.txt,2309,2,6,3.676483,8489,0,0,41,860,1220,181,7,0
lexis,lexis.txt,2309,2,6,3.676483,8489,0,0,44,855,1222,180,8,0
mases,mases.txt,2309,2,6,3.676483,8489,0,0,46,836,1253,167,7,0
mooly,mooly.txt,2309,2,6,3.676483,8489,0,0,49,849,1221,180,10,0
piais,piais.txt,2309,2,6,3.676483,8489,0,0,44,843,1245,170,7,0
pirai,pirai.txt,2309,2,6,3.676483,8489,0,0,45,849,1227,184,4,0
podos,podos.txt,2309,2,6,3.676483,8489,0,0,43,834,1264,163,5,0
pooey,pooey.txt,2309,2,6,3.676483,8489,0,0,43,843,1248,168,7,0
shets,shets.txt,2309,2,6,3.676483,8489,0,0,43,882,1174,199,11,0
skeed,skeed.txt,2309,2,6,3.676483,8489,0,0,36,834,1284,151,4,0
stuns,stuns.txt,2309,2,6,3.676483,8489,0,0,38,844,1261,159,7,0
varan,varan.txt,2309,2,6,3.676483,8489,0,0,56,814,1266,167,6,0
xenic,xenic.txt,2309,2,6,3.676483,8489,0,0,40,858,1225,181,5,0
yufts,yufts.txt,2309,2,6,3.676483,8489,0,0,47,827,1267,162,6,0
zinos,zinos.txt,2309,2,6,3.676483,8489,0,0,36,857,1240,170,6,0
arval,arval.txt,2309,2,6,3.676916,8490,0,0,49,840,1230,188,2,0
bhoot,bhoot.txt,2309,2,6,3.676916,8490,0,0,61,809,1257,179,3,0
breve,breve.txt,2309,2,6,3.676916,8490,0,0,45,849,1224,189,2,0
druid,druid.txt,2309,1,6,3.676916,8490,1,1,44,843,1239,176,6,0
elven,elven.txt,2309,2,6,3.676916,8490,0,0,57,826,1240,178,8,0
exons,exons.txt,2309,2,6,3.676916,8490,0,0,40,848,1243,174,4,0
forze,forze.txt,2309,2,6,3.676916,8490,0,0,43,832,1269,158,7,0
hacky,hacky.txt,2309,2,6,3.676916,8490,0,0,39,844,1255,166,5,0
keens,keens.txt,2309,2,6,3.676916,8490,0,0,40,866,1208,190,5,0
kypes,kypes.txt,2309,2,6,3.676916,8490,0,0,40,839,1260,167,3,0
palak,palak.txt,2309,2,6,3.676916,8490,0,0,52,843,1222,183,9,0
teste,teste.txt,2309,2,6,3.676916,8490,0,0,49,838,1241,172,9,0
verge,verge.txt,2309,1,6,3.676916,8490,1,1,58,832,1219,193,6,0
boxen,boxen.txt,2309,2,6,3.67735,8491,0,0,43,837,1254,172,3,0
cajun,cajun.txt,2309,2,6,3.67735,8491,0,0,39,846,1248,173,3,0
keets,keets.txt,2309,2,6,3.67735,8491,0,0,38,846,1253,167,5,0
kiaat,kiaat.txt,2309,2,6,3.67735,8491,0,0,40,850,1241,171,7,0
kiefs,kiefs.txt,2309,2,6,3.67735,8491,0,0,50,832,1245,177,5,0
kophs,kophs.txt,2309,2,6,3.67735,8491,0,0,39,846,1250,169,5,0
mixen,mixen.txt,2309,2,6,3.67735,8491,0,0,49,826,1261,167,6,0
netty,netty.txt,2309,2,6,3.67735,8491,0,0,53,822,1255,175,4,0
nided,nided.txt,2309,2,6,3.67735,8491,0,0,52,823,1258,170,6,0
quarl,quarl.txt,2309,2,6,3.67735,8491,0,0,42,840,1254,167,6,0
smoky,smoky.txt,2309,1,6,3.67735,8491,1,1,46,841,1234,183,4,0
songs,songs.txt,2309,2,6,3.67735,8491,0,0,36,848,1254,167,4,0
unmew,unmew.txt,2309,2,6,3.67735,8491,0,0,44,841,1249,166,9,0
wenge,wenge.txt,2309,2,6,3.67735,8491,0,0,52,826,1251,175,5,0
wheel,wheel.txt,2309,1,6,3.67735,8491,1,1,50,847,1213,191,7,0
wived,wived.txt,2309,2,6,3.67735,8491,0,0,49,833,1246,176,5,0
zincs,zincs.txt,2309,2,6,3.67735,8491,0,0,32,844,1274,155,4,0
acini,acini.txt,2309,2,6,3.677783,8492,0,0,43,843,1248,165,10,0
cimex,cimex.txt,2309,2,6,3.677783,8492,0,0,49,827,1257,171,5,0
dreer,dreer.txt,2309,2,6,3.677783,8492,0,0,45,854,1216,188,6,0
gases,gases.txt,2309,2,6,3.677783,8492,0,0,43,848,1236,174,8,0
hapas,hapas.txt,2309,2,6,3.677783,8492,0,0,47,847,1226,181,8,0
juice,juice.txt,2309,1,6,3.677783,8492,1,1,36,852,1241,175,4,0
leeks,leeks.txt,2309,2,6,3.677783,8492,0,0,43,859,1211,191,5,0
loopy,loopy.txt,2309,1,6,3.677783,8492,1,1,44,838,1246,175,5,0
mizen,mizen.txt,2309,2,6,3.677783,8492,0,0,42,834,1266,160,7,0
nanty,nanty.txt,2309,2,6,3.677783,8492,0,0,50,818,1270,168,3,0
pewed,pewed.txt,2309,2,6,3.677783,8492,0,0,51,832,1239,184,3,0
rilly,rilly.txt,2309,2,6,3.677783,8492,0,0,50,823,1263,167,6,0
sidas,sidas.txt,2309,2,6,3.677783,8492,0,0,36,853,1247,165,8,0
soths,soths.txt,2309,2,6,3.677783,8492,0,0,40,860,1220,182,7,0
supes,supes.txt,2309,2,6,3.677783,8492,0,0,51,838,1230,184,6,0
vulgo,vulgo.txt,2309,2,6,3.677783,8492,0,0,54,816,1266,166,7,0
wacks,wacks.txt,2309,2,6,3.677783,8492,0,0,36,837,1275,157,4,0
wools,wools.txt,2309,2,6,3.677783,8492,0,0,45,835,1252,173,4,0
xenia,xenia.txt,2309,2,6,3.677783,8492,0,0,45,859,1206,193,6,0
aleak,aleak.txt,2309,2,6,3.678216,8493,0,0,44,847,1229,186,3,0
biali,biali.txt,2309,2,6,3.678216,8493,0,0,35,856,1239,175,4,0
congo,congo.txt,2309,2,6,3.678216,8493,0,0,49,816,1277,163,4,0
ebena,ebena.txt,2309,2,6,3.678216,8493,0,0,44,847,1232,180,6,0
genin,genin.txt,2309,2,6,3.678216,8493,0,0,47,850,1218,187,7,0
gordo,gordo.txt,2309,2,6,3.678216,8493,0,0,57,816,1257,171,8,0
irids,irids.txt,2309,2,6,3.678216,8493,0,0,29,865,1244,162,9,0
laccy,laccy.txt,2309,2,6,3.678216,8493,0,0,44,827,1268,168,2,0
malms,malms.txt,2309,2,6,3.678216,8493,0,0,40,829,1280,154,6,0
masts,masts.txt,2309,2,6,3.678216,8493,0,0,50,805,1295,156,3,0
mvuli,mvuli.txt,2309,2,6,3.678216,8493,0,0,39,818,1305,141,6,0
needy,needy.txt,2309,1,6,3.678216,8493,1,1,45,826,1268,162,7,0
pooty,pooty.txt,2309,2,6,3.678216,8493,0,0,47,849,1217,192,4,0
tanka,tanka.txt,2309,2,6,3.678216,8493,0,0,56,806,1275,169,3,0
twill,twill.txt,2309,2,6,3.678216,8493,0,0,49,826,1257,173,4,0
anion,anion.txt,2309,2,6,3.678649,8494,0,0,53,849,1210,181,16,0
banns,banns.txt,2309,2,6,3.678649,8494,0,0,40,848,1241,174,6,0
bezil,bezil.txt,2309,2,6,3.678649,8494,0,0,53,804,1287,162,3,0
dwaal,dwaal.txt,2309,2,6,3.678649,8494,0,0,48,841,1229,187,4,0
ensew,ensew.txt,2309,2,6,3.678649,8494,0,0,47,820,1273,166,3,0
faena,faena.txt,2309,2,6,3.678649,8494,0,0,42,838,1255,168,6,0
haith,haith.txt,2309,2,6,3.678649,8494,0,0,42,838,1253,172,4,0
hests,hests.txt,2309,2,6,3.678649,8494,0,0,42,857,1217,187,6,0
japed,japed.txt,2309,2,6,3.678649,8494,0,0,41,824,1283,158,3,0
lucky,lucky.txt,2309,1,6,3.678649,8494,1,1,52,805,1286,160,5,0
matai,matai.txt,2309,2,6,3.678649,8494,0,0,47,840,1235,182,5,0
mirid,mirid.txt,2309,2,6,3.678649,8494,0,0,45,842,1238,178,6,0
mitta,mitta.txt,2309,2,6,3.678649,8494,0,0,54,846,1204,198,7,0
nazis,nazis.txt,2309,2,6,3.678649,8494,0,0,40,840,1257,166,6,0
odors,odors.txt,2309,2,6,3.678649,8494,0,0,44,840,1246,172,7,0
oxine,oxine.txt,2309,2,6,3.678649,8494,0,0,49,845,1222,185,8,0
pooch,pooch.txt,2309,1,6,3.678649,8494,1,1,41,857,1213,194,3,0
rosps,rosps.txt,2309,2,6,3.678649,8494,0,0,50,815,1277,161,6,0
rumor,rumor.txt,2309,1,6,3.678649,8494,1,1,53,826,1245,175,9,0
semas,semas.txt,2309,2,6,3.678649,8494,0,0,47,835,1252,163,12,0
snags,snags.txt,2309,2,6,3.678649,8494,0,0,35,861,1230,177,6,0
sneds,sneds.txt,2309,2,6,3.678649,8494,0,0,36,858,1232,178,5,0
sybow,sybow.txt,2309,2,6,3.678649,8494,0,0,43,817,1293,151,5,0
volks,volks.txt,2309,2,6,3.678649,8494,0,0,43,818,1290,154,4,0
wunga,wunga.txt,2309,2,6,3.678649,8494,0,0,50,837,1237,175,10,0
wynds,wynds.txt,2309,2,6,3.678649,8494,0,0,47,820,1271,170,1,0
agora,agora.txt,2309,2,6,3.679082,8495,0,0,50,832,1241,181,5,0
alvar,alvar.txt,2309,2,6,3.679082,8495,0,0,51,820,1261,173,4,0
award,award.txt,2309,1,6,3.679082,8495,1,1,51,826,1247,178,6,0
danny,danny.txt,2309,2,6,3.679082,8495,0,0,46,835,1248,174,6,0
feely,feely.txt,2309,2,6,3.679082,8495,0,0,53,816,1266,167,7,0
gloom,gloom.txt,2309,1,6,3.679082,8495,1,1,46,831,1250,177,4,0
natak,natak.txt,2309,2,6,3.679082,8495,0,0,49,811,1284,162,3,0
ninth,ninth.txt,2309,1,6,3.679082,8495,1,1,37,846,1250,168,7,0
oases,oases.txt,2309,2,6,3.679082,8495,0,0,45,843,1235,180,6,0
papes,papes.txt,2309,2,6,3.679082,8495,0,0,44,830,1262,169,4,0
penni,penni.txt,2309,2,6,3.679082,8495,0,0,39,845,1247,174,4,0
potty,potty.txt,2309,2,6,3.679082,8495,0,0,51,831,1240,182,5,0
synes,synes.txt,2309,2,6,3.679082,8495,0,0,36,852,1242,175,4,0
unkey,unkey.txt,2309,2,6,3.679082,8495,0,0,43,830,1267,163,6,0
wives,wives.txt,2309,2,6,3.679082,8495,0,0,40,841,1254,168,6,0
ancon,ancon.txt,2309,2,6,3.679515,8496,0,0,48,851,1213,187,10,0
annul,annul.txt,2309,1,6,3.679515,8496,1,1,47,847,1221,182,11,0
beedi,beedi.txt,2309,2,6,3.679515,8496,0,0,52,821,1257,173,6,0
biris,biris.txt,2309,2,6,3.679515,8496,0,0,48,828,1255,172,6,0
docos,docos.txt,2309,2,6,3.679515,8496,0,0,52,825,1248,179,5,0
enema,enema.txt,2309,1,6,3.679515,8496,1,1,46,849,1215,192,6,0
hizen,hizen.txt,2309,2,6,3.679515,8496,0,0,37,854,1231,186,1,0
janty,janty.txt,2309,2,6,3.679515,8496,0,0,42,823,1280,161,3,0
miasm,miasm.txt,2309,2,6,3.679515,8496,0,0,48,837,1239,177,8,0
panni,panni.txt,2309,2,6,3.679515,8496,0,0,48,853,1206,195,7,0
preps,preps.txt,2309,2,6,3.679515,8496,0,0,44,836,1251,172,6,0
pshaw,pshaw.txt,2309,2,6,3.679515,8496,0,0,46,818,1279,162,4,0
quint,quint.txt,2309,2,6,3.679515,8496,0,0,41,848,1239,172,9,0
risps,risps.txt,2309,2,6,3.679515,8496,0,0,47,834,1247,174,7,0
roopy,roopy.txt,2309,2,6,3.679515,8496,0,0,50,823,1258,173,5,0
rurps,rurps.txt,2309,2,6,3.679515,8496,0,0,52,837,1226,187,7,0
sodom,sodom.txt,2309,2,6,3.679515,8496,0,0,45,827,1264,169,4,0
voema,voema.txt,2309,2,6,3.679515,8496,0,0,54,843,1208,197,7,0
ainga,ainga.txt,2309,2,6,3.679948,8497,0,0,54,835,1224,188,8,0
amari,amari.txt,2309,2,6,3.679948,8497,0,0,52,826,1246,179,6,0
bases,bases.txt,2309,2,6,3.679948,8497,0,0,48,809,1288,162,2,0
bayou,bayou.txt,2309,1,6,3.679948,8497,1,1,38,836,1263,166,5,0
deids,deids.txt,2309,2,6,3.679948,8497,0,0,43,852,1226,177,11,0
emyds,emyds.txt,2309,2,6,3.679948,8497,0,0,44,835,1251,174,5,0
enurn,enurn.txt,2309,2,6,3.679948,8497,0,0,44,869,1188,198,10,0
extra,extra.txt,2309,1,6,3.679948,8497,1,1,51,825,1249,175,8,0
fella,fella.txt,2309,1,6,3.679948,8497,1,1,50,834,1231,188,5,0
fosse,fosse.txt,2309,2,6,3.679948,8497,0,0,41,815,1299,150,4,0
hoses,hoses.txt,2309,2,6,3.679948,8497,0,0,42,848,1234,177,8,0
kheer,kheer.txt,2309,2,6,3.679948,8497,0,0,44,856,1212,189,8,0
lipid,lipid.txt,2309,1,6,3.679948,8497,1,1,44,839,1236,187,2,0
lusts,lusts.txt,2309,2,6,3.679948,8497,0,0,44,832,1258,169,6,0
marua,marua.txt,2309,2,6,3.679948,8497,0,0,56,821,1245,180,7,0
murex,murex.txt,2309,2,6,3.679948,8497,0,0,41,838,1254,171,5,0
origo,origo.txt,2309,2,6,3.679948,8497,0,0,46,836,1247,171,9,0
pekoe,pekoe.txt,2309,2,6,3.679948,8497,0,0,38,841,1262,158,10,0
pulut,pulut.txt,2309,2,6,3.679948,8497,0,0,44,837,1246,178,4,0
sensu,sensu.txt,2309,2,6,3.679948,8497,0,0,38,848,1244,173,6,0
tawas,tawas.txt,2309,2,6,3.679948,8497,0,0,42,834,1259,169,5,0
veers,veers.txt,2309,2,6,3.679948,8497,0,0,46,836,1246,173,8,0
afars,afars.txt,2309,2,6,3.680381,8498,0,0,40,832,1270,160,7,0
aliya,aliya.txt,2309,2,6,3.680381,8498,0,0,42,850,1230,178,9,0
awkin,awkin.txt,2309,2,6,3.680381,8498,0,0,40,868,1197,198,6,0
basts,basts.txt,2309,2,6,3.680381,8498,0,0,45,818,1281,160,5,0
beeps,beeps.txt,2309,2,6,3.680381,8498,0,0,42,834,1259,168,6,0
bever,bever.txt,2309,2,6,3.680381,8498,0,0,48,836,1233,190,2,0
bunko,bunko.txt,2309,2,6,3.680381,8498,0,0,43,840,1248,168,10,0
embus,embus.txt,2309,2,6,3.680381,8498,0,0,54,805,1280,165,5,0
hanch,hanch.txt,2309,2,6,3.680381,8498,0,0,37,855,1229,185,3,0
hatch,hatch.txt,2309,1,6,3.680381,8498,1,1,42,828,1268,163,7,0
hucks,hucks.txt,2309,2,6,3.680381,8498,0,0,48,842,1225,188,6,0
iring,iring.txt,2309,2,6,3.680381,8498,0,0,42,842,1244,174,7,0
jades,jades.txt,2309,2,6,3.680381,8498,0,0,35,831,1282,159,2,0
jural,jural.txt,2309,2,6,3.680381,8498,0,0,43,830,1266,162,8,0
jutes,jutes.txt,2309,2,6,3.680381,8498,0,0,43,820,1279,166,1,0
majoe,majoe.txt,2309,2,6,3.680381,8498,0,0,39,840,1256,168,6,0
ogees,ogees.txt,2309,2,6,3.680381,8498,0,0,37,823,1293,153,3,0
rutty,rutty.txt,2309,2,6,3.680381,8498,0,0,46,823,1267,169,4,0
seres,seres.txt,2309,2,6,3.680381,8498,0,0,41,851,1230,179,8,0
stags,stags.txt,2309,2,6,3.680381,8498,0,0,37,840,1261,166,5,0
vowed,vowed.txt,2309,2,6,3.680381,8498,0,0,52,820,1256,176,5,0
walls,walls.txt,2309,2,6,3.680381,8498,0,0,40,840,1252,172,5,0
angas,angas.txt,2309,2,6,3.680814,8499,0,0,53,825,1242,184,5,0
apses,apses.txt,2309,2,6,3.680814,8499,0,0,48,824,1257,177,3,0
asura,asura.txt,2309,2,6,3.680814,8499,0,0,48,824,1261,169,7,0
booth,booth.txt,2309,1,6,3.680814,8499,1,1,57,819,1238,189,5,0
crook,crook.txt,2309,1,6,3.680814,8499,1,1,38,844,1247,172,7,0
eched,eched.txt,2309,2,6,3.680814,8499,0,0,49,815,1275,164,6,0
forky,forky.txt,2309,2,6,3.680814,8499,0,0,44,819,1281,160,5,0
labda,labda.txt,2309,2,6,3.680814,8499,0,0,49,824,1255,177,4,0
laldy,laldy.txt,2309,2,6,3.680814,8499,0,0,50,813,1275,166,5,0
meism,meism.txt,2309,2,6,3.680814,8499,0,0,50,838,1228,185,8,0
pinna,pinna.txt,2309,2,6,3.680814,8499,0,0,52,830,1234,189,4,0
rarks,rarks.txt,2309,2,6,3.680814,8499,0,0,37,814,1308,149,1,0
ritzy,ritzy.txt,2309,2,6,3.680814,8499,0,0,41,824,1281,157,6,0
sculs,sculs.txt,2309,2,6,3.680814,8499,0,0,44,834,1251,175,5,0
sixty,sixty.txt,2309,1,6,3.680814,8499,1,1,37,830,1278,156,7,0
tauty,tauty.txt,2309,2,6,3.680814,8499,0,0,55,820,1250,175,9,0
amias,amias.txt,2309,2,6,3.681247,8500,0,0,53,830,1233,186,7,0
bewig,bewig.txt,2309,2,6,3.681247,8500,0,0,42,816,1293,152,6,0
bloop,bloop.txt,2309,2,6,3.681247,8500,0,0,48,843,1221,191,6,0
chewy,chewy.txt,2309,2,6,3.681247,8500,0,0,42,857,1210,195,5,0
cowks,cowks.txt,2309,2,6,3.681247,8500,0,0,42,835,1253,175,4,0
detox,detox.txt,2309,1,6,3.681247,8500,1,1,47,812,1278,169,2,0
ditty,ditty.txt,2309,1,6,3.681247,8500,1,1,48,810,1279,169,2,0
dykes,dykes.txt,2309,2,6,3.681247,8500,0,0,32,843,1265,167,2,0
evite,evite.txt,2309,2,6,3.681247,8500,0,0,47,828,1253,176,5,0
groom,groom.txt,2309,1,6,3.681247,8500,1,1,54,816,1255,175,8,0
henna,henna.txt,2309,2,6,3.681247,8500,0,0,48,839,1228,189,5,0
japes,japes.txt,2309,2,6,3.681247,8500,0,0,34,827,1291,155,2,0
lassu,lassu.txt,2309,2,6,3.681247,8500,0,0,38,852,1235,176,8,0
leves,leves.txt,2309,2,6,3.681247,8500,0,0,53,840,1212,198,6,0
mamie,mamie.txt,2309,2,6,3.681247,8500,0,0,49,847,1210,197,6,0
napoo,napoo.txt,2309,2,6,3.681247,8500,0,0,39,856,1222,186,6,0
neefs,neefs.txt,2309,2,6,3.681247,8500,0,0,39,846,1245,170,9,0
nurtz,nurtz.txt,2309,2,6,3.681247,8500,0,0,34,836,1278,154,7,0
ooids,ooids.txt,2309,2,6,3.681247,8500,0,0,43,847,1228,185,6,0
otaku,otaku.txt,2309,2,6,3.681247,8500,0,0,38,838,1261,166,6,0
panga,panga.txt,2309,2,6,3.681247,8500,0,0,53,823,1243,187,3,0
pattu,pattu.txt,2309,2,6,3.681247,8500,0,0,44,855,1212,189,9,0
pepon,pepon.txt,2309,2,6,3.681247,8500,0,0,38,845,1246,175,5,0
renne,renne.txt,2309,2,6,3.681247,8500,0,0,36,867,1208,193,5,0
segas,segas.txt,2309,2,6,3.681247,8500,0,0,44,841,1237,181,6,0
toque,toque.txt,2309,2,6,3.681247,8500,0,0,36,864,1216,186,7,0
adman,adman.txt,2309,2,6,3.68168,8501,0,0,50,820,1264,165,10,0
chili,chili.txt,2309,1,6,3.68168,8501,1,1,38,853,1225,187,5,0
facta,facta.txt,2309,2,6,3.68168,8501,0,0,50,799,1302,152,6,0
greve,greve.txt,2309,2,6,3.68168,8501,0,0,59,837,1199,208,6,0
hists,hists.txt,2309,2,6,3.68168,8501,0,0,47,829,1250,178,5,0
hosts,hosts.txt,2309,2,6,3.68168,8501,0,0,47,836,1237,183,6,0
idled,idled.txt,2309,2,6,3.68168,8501,0,0,45,807,1300,152,5,0
imine,imine.txt,2309,2,6,3.68168,8501,0,0,43,839,1243,178,6,0
jabot,jabot.txt,2309,2,6,3.68168,8501,0,0,58,794,1285,169,3,0
knows,knows.txt,2309,2,6,3.68168,8501,0,0,38,835,1267,162,7,0
lysol,lysol.txt,2309,2,6,3.68168,8501,0,0,40,831,1269,162,7,0
odder,odder.txt,2309,1,6,3.68168,8501,1,1,50,798,1299,156,5,0
pasag,pasag.txt,2309,2,6,3.68168,8501,0,0,47,821,1270,162,9,0
pecky,pecky.txt,2309,2,6,3.68168,8501,0,0,49,829,1244,182,5,0
popes,popes.txt,2309,2,6,3.68168,8501,0,0,45,810,1292,159,3,0
scams,scams.txt,2309,2,6,3.68168,8501,0,0,49,815,1273,166,6,0
sunna,sunna.txt,2309,2,6,3.68168,8501,0,0,47,847,1221,182,12,0
tofts,tofts.txt,2309,2,6,3.68168,8501,0,0,46,814,1282,163,4,0
adoze,adoze.txt,2309,2,6,3.682113,8502,0,0,42,825,1271,167,4,0
afoot,afoot.txt,2309,1,6,3.682113,8502,1,1,47,828,1249,177,7,0
axmen,axmen.txt,2309,2,6,3.682113,8502,0,0,53,823,1245,181,7,0
bosky,bosky.txt,2309,2,6,3.682113,8502,0,0,43,835,1249,177,5,0
boyfs,boyfs.txt,2309,2,6,3.682113,8502,0,0,43,808,1302,152,4,0
curry,curry.txt,2309,1,6,3.682113,8502,1,1,50,825,1247,178,8,0
darzi,darzi.txt,2309,2,6,3.682113,8502,0,0,43,823,1272,167,4,0
djins,djins.txt,2309,2,6,3.682113,8502,0,0,37,831,1271,169,1,0
dotty,dotty.txt,2309,2,6,3.682113,8502,0,0,41,834,1258,170,6,0
fitts,fitts.txt,2309,2,6,3.682113,8502,0,0,49,809,1281,167,3,0
gadje,gadje.txt,2309,2,6,3.682113,8502,0,0,36,823,1296,147,7,0
nonis,nonis.txt,2309,2,6,3.682113,8502,0,0,40,857,1220,181,11,0
nullo,nullo.txt,2309,2,6,3.682113,8502,0,0,30,875,1211,185,8,0
pinax,pinax.txt,2309,2,6,3.682113,8502,0,0,51,825,1246,181,6,0
raker,raker.txt,2309,2,6,3.682113,8502,0,0,36,836,1267,166,4,0
tewit,tewit.txt,2309,2,6,3.682113,8502,0,0,50,844,1213,194,8,0
wanta,wanta.txt,2309,2,6,3.682113,8502,0,0,53,804,1282,164,6,0
aloof,aloof.txt,2309,1,6,3.682547,8503,1,1,43,832,1252,174,7,0
arrow,arrow.txt,2309,1,6,3.682547,8503,1,1,47,820,1264,170,7,0
batty,batty.txt,2309,1,6,3.682547,8503,1,1,51,802,1287,162,6,0
bawdy,bawdy.txt,2309,1,6,3.682547,8503,1,1,43,794,1324,144,3,0
boldo,boldo.txt,2309,2,6,3.682547,8503,0,0,57,809,1260,176,7,0
boyau,boyau.txt,2309,2,6,3.682547,8503,0,0,40,848,1234,179,8,0
cocas,cocas.txt,2309,2,6,3.682547,8503,0,0,49,834,1235,183,8,0
dinic,dinic.txt,2309,2,6,3.682547,8503,0,0,45,808,1294,159,3,0
ettle,ettle.txt,2309,2,6,3.682547,8503,0,0,53,820,1249,181,6,0
fecks,fecks.txt,2309,2,6,3.682547,8503,0,0,43,818,1284,157,7,0
gleek,gleek.txt,2309,2,6,3.682547,8503,0,0,45,822,1268,169,5,0
herry,herry.txt,2309,2,6,3.682547,8503,0,0,45,831,1251,176,6,0
hurra,hurra.txt,2309,2,6,3.682547,8503,0,0,50,845,1206,204,4,0
hykes,hykes.txt,2309,2,6,3.682547,8503,0,0,35,826,1288,157,3,0
lisps,lisps.txt,2309,2,6,3.682547,8503,0,0,43,837,1243,182,4,0
mixed,mixed.txt,2309,2,6,3.682547,8503,0,0,47,826,1254,177,5,0
mucks,mucks.txt,2309,2,6,3.682547,8503,0,0,51,823,1250,178,7,0
okehs,okehs.txt,2309,2,6,3.682547,8503,0,0,32,865,1224,180,8,0
pipes,pipes.txt,2309,2,6,3.682547,8503,0,0,44,829,1258,172,6,0
quorl,quorl.txt,2309,2,6,3.682547,8503,0,0,31,865,1231,170,12,0
ridic,ridic.txt,2309,2,6,3.682547,8503,0,0,44,816,1283,161,5,0
signs,signs.txt,2309,2,6,3.682547,8503,0,0,35,855,1235,176,8,0
ticca,ticca.txt,2309,2,6,3.682547,8503,0,0,45,846,1218,197,3,0
yirrs,yirrs.txt,2309,2,6,3.682547,8503,0,0,35,852,1241,173,8,0
zendo,zendo.txt,2309,2,6,3.682547,8503,0,0,36,825,1290,152,6,0
ackee,ackee.txt,2309,2,6,3.68298,8504,0,0,37,848,1243,172,9,0
aigas,aigas.txt,2309,2,6,3.68298,8504,0,0,51,820,1257,172,9,0
desis,desis.txt,2309,2,6,3.68298,8504,0,0,38,850,1237,174,10,0
dosas,dosas.txt,2309,2,6,3.68298,8504,0,0,39,850,1230,184,6,0
envoy,envoy.txt,2309,1,6,3.68298,8504,1,1,55,798,1284,163,8,0
erred,erred.txt,2309,2,6,3.68298,8504,0,0,45,840,1232,186,6,0
expat,expat.txt,2309,2,6,3.68298,8504,0,0,56,816,1247,184,6,0
fovea,fovea.txt,2309,2,6,3.68298,8504,0,0,50,827,1240,189,3,0
fungi,fungi.txt,2309,1,6,3.68298,8504,1,1,43,818,1278,163,6,0
hithe,hithe.txt,2309,2,6,3.68298,8504,0,0,43,843,1231,187,5,0
mazed,mazed.txt,2309,2,6,3.68298,8504,0,0,43,821,1278,159,8,0
mixes,mixes.txt,2309,2,6,3.68298,8504,0,0,42,820,1280,162,5,0
odeon,odeon.txt,2309,2,6,3.68298,8504,0,0,53,805,1278,167,6,0
oking,oking.txt,2309,2,6,3.68298,8504,0,0,37,838,1259,170,5,0
palpi,palpi.txt,2309,2,6,3.68298,8504,0,0,45,828,1258,170,8,0
robur,robur.txt,2309,2,6,3.68298,8504,0,0,65,792,1269,176,7,0
roque,roque.txt,2309,2,6,3.68298,8504,0,0,35,848,1246,174,6,0
rusas,rusas.txt,2309,2,6,3.68298,8504,0,0,46,828,1254,174,7,0
somas,somas.txt,2309,2,6,3.68298,8504,0,0,45,843,1226,189,6,0
sorbs,sorbs.txt,2309,2,6,3.68298,8504,0,0,44,825,1265,169,6,0
sylis,sylis.txt,2309,2,6,3.68298,8504,0,0,42,831,1257,175,4,0
ville,ville.txt,2309,2,6,3.68298,8504,0,0,57,811,1252,185,4,0
awful,awful.txt,2309,1,6,3.683413,8505,1,1,43,804,1301,158,2,0
bally,bally.txt,2309,2,6,3.683413,8505,0,0,60,796,1274,173,6,0
maxed,maxed.txt,2309,2,6,3.683413,8505,0,0,43,818,1277,169,2,0
mists,mists.txt,2309,2,6,3.683413,8505,0,0,54,797,1290,162,6,0
mizes,mizes.txt,2309,2,6,3.683413,8505,0,0,39,828,1273,163,6,0
murrs,murrs.txt,2309,2,6,3.683413,8505,0,0,53,833,1223,192,8,0
nulla,nulla.txt,2309,2,6,3.683413,8505,0,0,39,858,1217,185,10,0
padam,padam.txt,2309,2,6,3.683413,8505,0,0,51,816,1260,177,5,0
pecke,pecke.txt,2309,2,6,3.683413,8505,0,0,48,837,1229,188,7,0
putts,putts.txt,2309,2,6,3.683413,8505,0,0,43,842,1231,189,4,0
scuts,scuts.txt,2309,2,6,3.683413,8505,0,0,40,818,1293,149,9,0
snyes,snyes.txt,2309,2,6,3.683413,8505,0,0,35,843,1253,174,4,0
sokol,sokol.txt,2309,2,6,3.683413,8505,0,0,37,837,1259,172,4,0
spues,spues.txt,2309,2,6,3.683413,8505,0,0,51,834,1225,193,6,0
theek,theek.txt,2309,2,6,3.683413,8505,0,0,48,828,1242,189,2,0
tifts,tifts.txt,2309,2,6,3.683413,8505,0,0,47,809,1284,166,3,0
waugh,waugh.txt,2309,2,6,3.683413,8505,0,0,42,855,1214,188,10,0
yfere,yfere.txt,2309,2,6,3.683413,8505,0,0,40,814,1301,145,9,0
zloty,zloty.txt,2309,2,6,3.683413,8505,0,0,42,811,1297,154,5,0
bless,bless.txt,2309,1,6,3.683846,8506,1,1,37,840,1250,175,6,0
borax,borax.txt,2309,1,6,3.683846,8506,1,1,49,820,1252,183,4,0
epopt,epopt.txt,2309,2,6,3.683846,8506,0,0,45,839,1232,187,6,0
karas,karas.txt,2309,2,6,3.683846,8506,0,0,44,812,1286,164,3,0
marga,marga.txt,2309,2,6,3.683846,8506,0,0,60,814,1238,190,7,0
mokus,mokus.txt,2309,2,6,3.683846,8506,0,0,38,833,1267,163,8,0
natya,natya.txt,2309,2,6,3.683846,8506,0,0,43,812,1290,160,4,0
nuevo,nuevo.txt,2309,2,6,3.683846,8506,0,0,40,858,1212,190,9,0
quite,quite.txt,2309,1,6,3.683846,8506,1,1,47,839,1224,190,8,0
simas,simas.txt,2309,2,6,3.683846,8506,0,0,42,847,1226,187,7,0
agria,agria.txt,2309,2,6,3.684279,8507,0,0,47,836,1232,187,7,0
bufty,bufty.txt,2309,2,6,3.684279,8507,0,0,49,808,1283,161,8,0
delly,delly.txt,2309,2,6,3.684279,8507,0,0,50,825,1244,184,6,0
dooms,dooms.txt,2309,2,6,3.684279,8507,0,0,48,813,1272,172,4,0
elves,elves.txt,2309,2,6,3.684279,8507,0,0,50,819,1254,182,4,0
emery,emery.txt,2309,2,6,3.684279,8507,0,0,57,821,1231,194,6,0
gasts,gasts.txt,2309,2,6,3.684279,8507,0,0,35,828,1281,161,4,0
goory,goory.txt,2309,2,6,3.684279,8507,0,0,49,845,1209,198,8,0
haiku,haiku.txt,2309,2,6,3.684279,8507,0,0,33,866,1217,183,10,0
hazed,hazed.txt,2309,2,6,3.684279,8507,0,0,42,823,1270,170,4,0
honan,honan.txt,2309,2,6,3.684279,8507,0,0,40,875,1179,204,11,0
howay,howay.txt,2309,2,6,3.684279,8507,0,0,44,837,1237,186,5,0
izars,izars.txt,2309,2,6,3.684279,8507,0,0,35,848,1242,179,5,0
kingy,kingy.txt,2309,2,6,3.684279,8507,0,0,40,839,1247,176,7,0
ligge,ligge.txt,2309,2,6,3.684279,8507,0,0,45,818,1274,165,7,0
mooth,mooth.txt,2309,2,6,3.684279,8507,0,0,57,827,1223,192,10,0
musse,musse.txt,2309,2,6,3.684279,8507,0,0,47,841,1224,188,9,0
obols,obols.txt,2309,2,6,3.684279,8507,0,0,40,823,1278,162,6,0
quern,quern.txt,2309,2,6,3.684279,8507,0,0,34,862,1220,185,8,0
quirl,quirl.txt,2309,2,6,3.684279,8507,0,0,42,842,1234,185,6,0
sinus,sinus.txt,2309,2,6,3.684279,8507,0,0,41,832,1258,171,7,0
snigs,snigs.txt,2309,2,6,3.684279,8507,0,0,37,851,1233,180,8,0
vacuo,vacuo.txt,2309,2,6,3.684279,8507,0,0,54,810,1260,181,4,0
askoi,askoi.txt,2309,2,6,3.684712,8508,0,0,35,855,1228,185,6,0
casus,casus.txt,2309,2,6,3.684712,8508,0,0,38,835,1257,175,4,0
dadis,dadis.txt,2309,2,6,3.684712,8508,0,0,42,844,1232,182,9,0
fixer,fixer.txt,2309,1,6,3.684712,8508,1,1,48,825,1246,182,7,0
frass,frass.txt,2309,2,6,3.684712,8508,0,0,40,826,1272,164,7,0
hwyls,hwyls.txt,2309,2,6,3.684712,8508,0,0,42,824,1267,172,4,0
linny,linny.txt,2309,2,6,3.684712,8508,0,0,41,837,1244,183,4,0
miltz,miltz.txt,2309,2,6,3.684712,8508,0,0,40,814,1295,154,6,0
mugho,mugho.txt,2309,2,6,3.684712,8508,0,0,44,859,1196,201,9,0
okays,okays.txt,2309,2,6,3.684712,8508,0,0,29,839,1279,155,7,0
pawks,pawks.txt,2309,2,6,3.684712,8508,0,0,37,821,1288,159,4,0
taxus,taxus.txt,2309,2,6,3.684712,8508,0,0,37,832,1272,158,10,0
tenne,tenne.txt,2309,2,6,3.684712,8508,0,0,37,847,1238,181,6,0
varna,varna.txt,2309,2,6,3.684712,8508,0,0,55,791,1295,163,5,0
wedgy,wedgy.txt,2309,2,6,3.684712,8508,0,0,51,811,1267,175,5,0
weeis,weeis.txt,2309,2,6,3.684712,8508,0,0,46,831,1246,177,9,0
wifty,wifty.txt,2309,2,6,3.684712,8508,0,0,47,796,1308,154,4,0
agita,agita.txt,2309,2,6,3.685145,8509,0,0,47,827,1248,180,7,0
akees,akees.txt,2309,2,6,3.685145,8509,0,0,36,831,1271,166,5,0
askew,askew.txt,2309,1,6,3.685145,8509,1,1,43,809,1287,167,2,0
blini,blini.txt,2309,2,6,3.685145,8509,0,0,40,838,1247,177,7,0
folky,folky.txt,2309,2,6,3.685145,8509,0,0,47,812,1277,167,6,0
forex,forex.txt,2309,2,6,3.685145,8509,0,0,44,822,1265,173,5,0
golly,golly.txt,2309,1,6,3.685145,8509,1,1,49,817,1257,179,6,0
kaugh,kaugh.txt,2309,2,6,3.685145,8509,0,0,31,852,1247,171,8,0
nawal,nawal.txt,2309,2,6,3.685145,8509,0,0,46,819,1267,170,7,0
redds,redds.txt,2309,2,6,3.685145,8509,0,0,40,830,1262,171,6,0
slush,slush.txt,2309,1,6,3.685145,8509,1,1,46,838,1224,194,6,0
smeke,smeke.txt,2309,2,6,3.685145,8509,0,0,52,812,1266,169,10,0
toxic,toxic.txt,2309,1,6,3.685145,8509,1,1,43,826,1257,176,6,0
vagus,vagus.txt,2309,2,6,3.685145,8509,0,0,50,812,1269,171,7,0
vampy,vampy.txt,2309,2,6,3.685145,8509,0,0,40,814,1294,155,6,0
wanze,wanze.txt,2309,2,6,3.685145,8509,0,0,47,817,1270,166,9,0
cusec,cusec.txt,2309,2,6,3.685578,8510,0,0,34,846,1247,176,6,0
knowd,knowd.txt,2309,2,6,3.685578,8510,0,0,47,799,1301,157,5,0
laika,laika.txt,2309,2,6,3.685578,8510,0,0,48,823,1253,177,8,0
luxes,luxes.txt,2309,2,6,3.685578,8510,0,0,43,822,1269,168,7,0
ombus,ombus.txt,2309,2,6,3.685578,8510,0,0,49,809,1274,173,4,0
petty,petty.txt,2309,1,6,3.685578,8510,1,1,54,808,1262,175,9,0
rayah,rayah.txt,2309,2,6,3.685578,8510,0,0,44,822,1265,172,6,0
zilch,zilch.txt,2309,2,6,3.685578,8510,0,0,33,836,1268,168,4,0
addin,addin.txt,2309,2,6,3.686011,8511,0,0,47,834,1236,181,11,0
aevum,aevum.txt,2309,2,6,3.686011,8511,0,0,53,823,1235,192,6,0
cozey,cozey.txt,2309,2,6,3.686011,8511,0,0,39,811,1298,158,3,0
dawks,dawks.txt,2309,2,6,3.686011,8511,0,0,33,813,1313,146,4,0
dusky,dusky.txt,2309,1,6,3.686011,8511,1,1,39,816,1285,164,4,0
edges,edges.txt,2309,2,6,3.686011,8511,0,0,37,816,1298,151,7,0
femes,femes.txt,2309,2,6,3.686011,8511,0,0,34,829,1281,158,7,0
fills,fills.txt,2309,2,6,3.686011,8511,0,0,43,816,1278,167,5,0
haded,haded.txt,2309,2,6,3.686011,8511,0,0,46,819,1263,176,5,0
klett,klett.txt,2309,2,6,3.686011,8511,0,0,35,858,1217,195,4,0
krill,krill.txt,2309,1,6,3.686011,8511,1,1,36,837,1254,175,6,0
mayan,mayan.txt,2309,2,6,3.686011,8511,0,0,48,812,1271,173,5,0
mocos,mocos.txt,2309,2,6,3.686011,8511,0,0,46,823,1253,184,3,0
moory,moory.txt,2309,2,6,3.686011,8511,0,0,49,839,1222,186,13,0
murra,murra.txt,2309,2,6,3.686011,8511,0,0,50,831,1228,194,6,0
nelly,nelly.txt,2309,2,6,3.686011,8511,0,0,53,823,1240,182,11,0
noxas,noxas.txt,2309,2,6,3.686011,8511,0,0,47,815,1269,172,6,0
odour,odour.txt,2309,2,6,3.686011,8511,0,0,52,815,1259,172,11,0
paips,paips.txt,2309,2,6,3.686011,8511,0,0,45,832,1247,173,12,0
pesos,pesos.txt,2309,2,6,3.686011,8511,0,0,45,811,1281,168,4,0
photo,photo.txt,2309,1,6,3.686011,8511,1,1,48,831,1229,195,5,0
raver,raver.txt,2309,2,6,3.686011,8511,0,0,50,809,1274,168,8,0
sagos,sagos.txt,2309,2,6,3.686011,8511,0,0,41,833,1254,172,9,0
segos,segos.txt,2309,2,6,3.686011,8511,0,0,38,826,1271,171,3,0
sheas,sheas.txt,2309,2,6,3.686011,8511,0,0,42,867,1183,208,9,0
skool,skool.txt,2309,2,6,3.686011,8511,0,0,39,826,1269,171,4,0
whelk,whelk.txt,2309,2,6,3.686011,8511,0,0,55,808,1258,183,5,0
abaht,abaht.txt,2309,2,6,3.686444,8512,0,0,40,818,1282,164,5,0
agasp,agasp.txt,2309,2,6,3.686444,8512,0,0,47,825,1250,179,8,0
asyla,asyla.txt,2309,2,6,3.686444,8512,0,0,46,819,1263,175,6,0
azoth,azoth.txt,2309,2,6,3.686444,8512,0,0,36,839,1252,177,5,0
backy,backy.txt,2309,2,6,3.686444,8512,0,0,51,784,1314,158,2,0
conch,conch.txt,2309,1,6,3.686444,8512,1,1,52,831,1222,192,11,0
cuzes,cuzes.txt,2309,2,6,3.686444,8512,0,0,36,822,1287,158,6,0
funks,funks.txt,2309,2,6,3.686444,8512,0,0,44,817,1273,169,6,0
horah,horah.txt,2309,2,6,3.686444,8512,0,0,41,839,1239,183,7,0
khafs,khafs.txt,2309,2,6,3.686444,8512,0,0,44,801,1302,159,3,0
kurre,kurre.txt,2309,2,6,3.686444,8512,0,0,34,843,1250,177,5,0
maban,maban.txt,2309,2,6,3.686444,8512,0,0,49,832,1229,192,7,0
makee,makee.txt,2309,2,6,3.686444,8512,0,0,38,831,1262,173,5,0
matty,matty.txt,2309,2,6,3.686444,8512,0,0,54,795,1285,171,4,0
mazes,mazes.txt,2309,2,6,3.686444,8512,0,0,38,816,1293,156,6,0
moloi,moloi.txt,2309,2,6,3.686444,8512,0,0,46,821,1257,181,4,0
niopo,niopo.txt,2309,2,6,3.686444,8512,0,0,45,818,1270,168,8,0
phono,phono.txt,2309,2,6,3.686444,8512,0,0,46,831,1242,181,9,0
roofs,roofs.txt,2309,2,6,3.686444,8512,0,0,44,814,1279,166,6,0
sifts,sifts.txt,2309,2,6,3.686444,8512,0,0,45,803,1296,161,4,0
sings,sings.txt,2309,2,6,3.686444,8512,0,0,43,827,1257,175,7,0
specs,specs.txt,2309,2,6,3.686444,8512,0,0,42,834,1246,180,7,0
speos,speos.txt,2309,2,6,3.686444,8512,0,0,40,828,1263,172,6,0
steps,steps.txt,2309,2,6,3.686444,8512,0,0,43,835,1238,189,4,0
tafia,tafia.txt,2309,2,6,3.686444,8512,0,0,50,825,1241,185,8,0
vygie,vygie.txt,2309,2,6,3.686444,8512,0,0,53,779,1323,147,7,0
yeesh,yeesh.txt,2309,2,6,3.686444,8512,0,0,40,851,1223,183,12,0
yills,yills.txt,2309,2,6,3.686444,8512,0,0,41,829,1258,175,6,0
zedas,zedas.txt,2309,2,6,3.686444,8512,0,0,38,816,1292,158,5,0
abacs,abacs.txt,2309,2,6,3.686877,8513,0,0,40,819,1276,172,2,0
axion,axion.txt,2309,1,6,3.686877,8513,1,1,51,843,1204,195,15,0
discs,discs.txt,2309,2,6,3.686877,8513,0,0,33,820,1296,157,3,0
fakey,fakey.txt,2309,2,6,3.686877,8513,0,0,49,792,1306,157,5,0
fewer,fewer.txt,2309,1,6,3.686877,8513,1,1,46,824,1250,180,8,0
flurr,flurr.txt,2309,2,6,3.686877,8513,0,0,47,793,1306,162,1,0
fubsy,fubsy.txt,2309,2,6,3.686877,8513,0,0,40,830,1258,175,6,0
guana,guana.txt,2309,2,6,3.686877,8513,0,0,46,830,1245,177,11,0
koala,koala.txt,2309,1,6,3.686877,8513,1,1,41,831,1250,179,7,0
krubi,krubi.txt,2309,2,6,3.686877,8513,0,0,45,824,1261,167,12,0
kuyas,kuyas.txt,2309,2,6,3.686877,8513,0,0,37,824,1280,161,7,0
mondo,mondo.txt,2309,2,6,3.686877,8513,0,0,56,800,1272,173,8,0
moxie,moxie.txt,2309,2,6,3.686877,8513,0,0,48,822,1250,183,6,0
mulls,mulls.txt,2309,2,6,3.686877,8513,0,0,45,827,1251,178,8,0
navar,navar.txt,2309,2,6,3.686877,8513,0,0,54,796,1284,169,6,0
nymph,nymph.txt,2309,1,6,3.686877,8513,1,1,39,815,1284,167,3,0
ogham,ogham.txt,2309,2,6,3.686877,8513,0,0,42,828,1258,173,8,0
oohed,oohed.txt,2309,2,6,3.686877,8513,0,0,39,829,1260,178,3,0
opgaf,opgaf.txt,2309,2,6,3.686877,8513,0,0,41,822,1269,173,4,0
pacay,pacay.txt,2309,2,6,3.686877,8513,0,0,45,822,1258,179,5,0
panny,panny.txt,2309,2,6,3.686877,8513,0,0,49,820,1247,191,2,0
puses,puses.txt,2309,2,6,3.686877,8513,0,0,47,823,1251,182,6,0
putto,putto.txt,2309,2,6,3.686877,8513,0,0,51,816,1250,189,3,0
remix,remix.txt,2309,2,6,3.686877,8513,0,0,50,819,1248,188,4,0
serfs,serfs.txt,2309,2,6,3.686877,8513,0,0,39,827,1267,170,6,0
snabs,snabs.txt,2309,2,6,3.686877,8513,0,0,35,827,1280,160,7,0
stims,stims.txt,2309,2,6,3.686877,8513,0,0,44,821,1262,178,4,0
yukes,yukes.txt,2309,2,6,3.686877,8513,0,0,30,854,1241,177,7,0
aixes,aixes.txt,2309,2,6,3.687311,8514,0,0,40,847,1225,189,8,0
amnia,amnia.txt,2309,2,6,3.687311,8514,0,0,57,833,1204,205,10,0
anima,anima.txt,2309,2,6,3.687311,8514,0,0,48,853,1193,203,12,0
bomor,bomor.txt,2309,2,6,3.687311,8514,0,0,58,793,1277,175,6,0
broom,broom.txt,2309,1,6,3.687311,8514,1,1,57,793,1279,170,9,0
cotch,cotch.txt,2309,2,6,3.687311,8514,0,0,48,828,1237,190,6,0
cycle,cycle.txt,2309,1,6,3.687311,8514,1,1,35,820,1284,167,2,0
heyed,heyed.txt,2309,2,6,3.687311,8514,0,0,43,822,1265,172,7,0
jotun,jotun.txt,2309,2,6,3.687311,8514,0,0,44,813,1279,167,6,0
kroon,kroon.txt,2309,2,6,3.687311,8514,0,0,42,839,1235,185,8,0
maxes,maxes.txt,2309,2,6,3.687311,8514,0,0,37,820,1286,160,6,0
miais,miais.txt,2309,2,6,3.687311,8514,0,0,48,822,1251,180,8,0
mitis,mitis.txt,2309,2,6,3.687311,8514,0,0,46,809,1279,171,4,0
mozes,mozes.txt,2309,2,6,3.687311,8514,0,0,36,818,1291,160,4,0
nitty,nitty.txt,2309,2,6,3.687311,8514,0,0,56,797,1274,177,5,0
nuses,nuses.txt,2309,2,6,3.687311,8514,0,0,44,820,1265,174,6,0
ohelo,ohelo.txt,2309,2,6,3.687311,8514,0,0,44,834,1237,188,6,0
okrug,okrug.txt,2309,2,6,3.687311,8514,0,0,37,855,1218,191,8,0
omasa,omasa.txt,2309,2,6,3.687311,8514,0,0,53,807,1265,177,7,0
oxers,oxers.txt,2309,2,6,3.687311,8514,0,0,36,842,1247,176,8,0
preux,preux.txt,2309,2,6,3.687311,8514,0,0,39,849,1223,191,7,0
quine,quine.txt,2309,2,6,3.687311,8514,0,0,44,834,1239,184,8,0
spads,spads.txt,2309,2,6,3.687311,8514,0,0,38,823,1278,163,7,0
stucs,stucs.txt,2309,2,6,3.687311,8514,0,0,42,805,1304,149,9,0
swell,swell.txt,2309,1,6,3.687311,8514,1,1,47,823,1245,188,5,0
woold,woold.txt,2309,2,6,3.687311,8514,0,0,60,795,1270,175,9,0
dildo,dildo.txt,2309,2,6,3.687744,8515,0,0,49,826,1241,183,10,0
emerg,emerg.txt,2309,2,6,3.687744,8515,0,0,47,821,1254,180,7,0
gymps,gymps.txt,2309,2,6,3.687744,8515,0,0,43,797,1311,154,4,0
hatty,hatty.txt,2309,2,6,3.687744,8515,0,0,55,800,1271,177,6,0
kneed,kneed.txt,2309,1,6,3.687744,8515,1,1,41,827,1255,179,6,0
loofs,loofs.txt,2309,2,6,3.687744,8515,0,0,47,804,1285,169,4,0
milia,milia.txt,2309,2,6,3.687744,8515,0,0,54,824,1226,199,6,0
mukti,mukti.txt,2309,2,6,3.687744,8515,0,0,41,832,1251,177,8,0
nieve,nieve.txt,2309,2,6,3.687744,8515,0,0,49,807,1274,174,5,0
nomen,nomen.txt,2309,2,6,3.687744,8515,0,0,46,818,1263,175,7,0
purry,purry.txt,2309,2,6,3.687744,8515,0,0,50,810,1264,181,4,0
rubor,rubor.txt,2309,2,6,3.687744,8515,0,0,65,780,1281,177,6,0
sinhs,sinhs.txt,2309,2,6,3.687744,8515,0,0,36,845,1239,182,7,0
sposa,sposa.txt,2309,2,6,3.687744,8515,0,0,40,856,1205,201,7,0
takas,takas.txt,2309,2,6,3.687744,8515,0,0,35,819,1292,158,5,0
tawts,tawts.txt,2309,2,6,3.687744,8515,0,0,45,820,1261,177,6,0
teene,teene.txt,2309,2,6,3.687744,8515,0,0,38,843,1236,186,6,0
tiyin,tiyin.txt,2309,2,6,3.687744,8515,0,0,35,847,1239,180,8,0
wicks,wicks.txt,2309,2,6,3.687744,8515,0,0,41,816,1277,173,2,0
wombs,wombs.txt,2309,2,6,3.687744,8515,0,0,32,819,1299,156,3,0
ajies,ajies.txt,2309,2,6,3.688177,8516,0,0,36,845,1236,187,5,0
bises,bises.txt,2309,2,6,3.688177,8516,0,0,51,800,1280,174,4,0
boded,boded.txt,2309,2,6,3.688177,8516,0,0,46,803,1292,161,7,0
cisco,cisco.txt,2309,2,6,3.688177,8516,0,0,38,835,1258,165,13,0
cooee,cooee.txt,2309,2,6,3.688177,8516,0,0,34,849,1238,179,9,0
gazes,gazes.txt,2309,2,6,3.688177,8516,0,0,39,827,1263,175,5,0
gilia,gilia.txt,2309,2,6,3.688177,8516,0,0,56,808,1254,182,9,0
godso,godso.txt,2309,2,6,3.688177,8516,0,0,47,817,1260,179,6,0
helve,helve.txt,2309,2,6,3.688177,8516,0,0,54,815,1245,187,8,0
hided,hided.txt,2309,2,6,3.688177,8516,0,0,44,829,1243,189,4,0
hooly,hooly.txt,2309,2,6,3.688177,8516,0,0,44,831,1240,189,5,0
kanas,kanas.txt,2309,2,6,3.688177,8516,0,0,44,817,1268,175,5,0
nomos,nomos.txt,2309,2,6,3.688177,8516,0,0,44,815,1276,165,9,0
pasha,pasha.txt,2309,2,6,3.688177,8516,0,0,51,826,1232,192,8,0
poupt,poupt.txt,2309,2,6,3.688177,8516,0,0,43,827,1248,189,2,0
reefy,reefy.txt,2309,2,6,3.688177,8516,0,0,41,809,1294,159,6,0
timid,timid.txt,2309,1,6,3.688177,8516,1,1,50,793,1293,168,4,0
twats,twats.txt,2309,2,6,3.688177,8516,0,0,50,806,1273,174,6,0
whisk,whisk.txt,2309,1,6,3.688177,8516,1,1,50,821,1241,188,8,0
burrs,burrs.txt,2309,2,6,3.68861,8517,0,0,55,799,1269,182,4,0
eleet,eleet.txt,2309,2,6,3.68861,8517,0,0,50,815,1255,182,7,0
fells,fells.txt,2309,2,6,3.68861,8517,0,0,45,812,1275,171,6,0
hazes,hazes.txt,2309,2,6,3.68861,8517,0,0,32,831,1278,160,8,0
mesas,mesas.txt,2309,2,6,3.68861,8517,0,0,46,814,1274,163,12,0
moony,moony.txt,2309,2,6,3.68861,8517,0,0,51,821,1241,188,8,0
poulp,poulp.txt,2309,2,6,3.68861,8517,0,0,41,818,1274,171,5,0
samps,samps.txt,2309,2,6,3.68861,8517,0,0,43,830,1245,185,6,0
snogs,snogs.txt,2309,2,6,3.68861,8517,0,0,33,843,1247,182,4,0
surds,surds.txt,2309,2,6,3.68861,8517,0,0,38,839,1246,176,10,0
wodgy,wodgy.txt,2309,2,6,3.68861,8517,0,0,58,780,1299,167,5,0
afanc,afanc.txt,2309,2,6,3.689043,8518,0,0,34,831,1269,169,6,0
bests,bests.txt,2309,2,6,3.689043,8518,0,0,41,815,1276,175,2,0
chawk,chawk.txt,2309,2,6,3.689043,8518,0,0,43,845,1213,203,5,0
chivy,chivy.txt,2309,2,6,3.689043,8518,0,0,43,816,1269,178,3,0
endew,endew.txt,2309,2,6,3.689043,8518,0,0,49,812,1258,188,2,0
idiot,idiot.txt,2309,1,6,3.689043,8518,1,1,45,805,1283,170,5,0
julep,julep.txt,2309,2,6,3.689043,8518,0,0,43,806,1290,166,4,0
laksa,laksa.txt,2309,2,6,3.689043,8518,0,0,40,828,1257,178,6,0
pyrex,pyrex.txt,2309,2,6,3.689043,8518,0,0,46,810,1275,172,6,0
sabos,sabos.txt,2309,2,6,3.689043,8518,0,0,49,818,1254,178,10,0
sense,sense.txt,2309,1,6,3.689043,8518,1,1,36,846,1231,187,8,0
swoon,swoon.txt,2309,1,6,3.689043,8518,1,1,51,816,1245,189,7,0
towno,towno.txt,2309,2,6,3.689043,8518,0,0,47,800,1291,166,5,0
wills,wills.txt,2309,2,6,3.689043,8518,0,0,41,813,1282,169,4,0
wimpy,wimpy.txt,2309,1,6,3.689043,8518,1,1,34,831,1264,174,5,0
aheap,aheap.txt,2309,2,6,3.689476,8519,0,0,46,832,1234,187,10,0
cohos,cohos.txt,2309,2,6,3.689476,8519,0,0,49,821,1244,188,7,0
eches,eches.txt,2309,2,6,3.689476,8519,0,0,44,814,1271,175,5,0
evert,evert.txt,2309,2,6,3.689476,8519,0,0,51,823,1233,196,6,0
ewers,ewers.txt,2309,2,6,3.689476,8519,0,0,48,823,1241,192,5,0
flood,flood.txt,2309,1,6,3.689476,8519,1,1,51,814,1250,184,9,0
gazed,gazed.txt,2309,2,6,3.689476,8519,0,0,41,811,1282,174,1,0
ginge,ginge.txt,2309,2,6,3.689476,8519,0,0,46,823,1248,186,6,0
gooey,gooey.txt,2309,1,6,3.689476,8519,1,1,43,806,1287,166,6,0
hevel,hevel.txt,2309,2,6,3.689476,8519,0,0,51,823,1235,192,8,0
neoza,neoza.txt,2309,2,6,3.689476,8519,0,0,43,824,1256,179,7,0
pisos,pisos.txt,2309,2,6,3.689476,8519,0,0,46,827,1239,192,5,0
pooay,pooay.txt,2309,2,6,3.689476,8519,0,0,41,836,1240,183,9,0
pulli,pulli.txt,2309,2,6,3.689476,8519,0,0,42,822,1264,173,8,0
scads,scads.txt,2309,2,6,3.689476,8519,0,0,33,838,1258,173,7,0
scurs,scurs.txt,2309,2,6,3.689476,8519,0,0,38,839,1240,186,6,0
shaps,shaps.txt,2309,2,6,3.689476,8519,0,0,46,834,1227,195,7,0
stabs,stabs.txt,2309,2,6,3.689476,8519,0,0,34,822,1285,163,5,0
sunny,sunny.txt,2309,1,6,3.689476,8519,1,1,44,821,1257,177,9,0
towts,towts.txt,2309,2,6,3.689476,8519,0,0,43,816,1269,177,4,0
whomp,whomp.txt,2309,2,6,3.689476,8519,0,0,42,830,1246,185,6,0
appts,appts.txt,2309,2,6,3.689909,8520,0,0,38,802,1313,150,6,0
berob,berob.txt,2309,2,6,3.689909,8520,0,0,46,809,1273,177,4,0
bumph,bumph.txt,2309,2,6,3.689909,8520,0,0,45,807,1280,173,4,0
floss,floss.txt,2309,1,6,3.689909,8520,1,1,42,817,1268,174,7,0
humfs,humfs.txt,2309,2,6,3.689909,8520,0,0,48,803,1280,173,5,0
minis,minis.txt,2309,2,6,3.689909,8520,0,0,45,812,1271,176,5,0
mooch,mooch.txt,2309,2,6,3.689909,8520,0,0,40,847,1220,193,9,0
mooey,mooey.txt,2309,2,6,3.689909,8520,0,0,51,810,1262,176,10,0
osars,osars.txt,2309,2,6,3.689909,8520,0,0,42,838,1231,190,8,0
quote,quote.txt,2309,1,6,3.689909,8520,1,1,29,849,1242,182,6,0
rymer,rymer.txt,2309,2,6,3.689909,8520,0,0,46,800,1292,166,5,0
smash,smash.txt,2309,1,6,3.689909,8520,1,1,48,812,1259,183,6,0
spasm,spasm.txt,2309,1,6,3.689909,8520,1,1,44,820,1256,181,7,0
umphs,umphs.txt,2309,2,6,3.689909,8520,0,0,43,824,1254,182,6,0
zinco,zinco.txt,2309,2,6,3.689909,8520,0,0,38,814,1288,164,5,0
blabs,blabs.txt,2309,2,6,3.690342,8521,0,0,41,821,1266,174,7,0
mimes,mimes.txt,2309,2,6,3.690342,8521,0,0,44,816,1266,177,6,0
osmol,osmol.txt,2309,2,6,3.690342,8521,0,0,39,816,1281,167,6,0
roker,roker.txt,2309,2,6,3.690342,8521,0,0,35,835,1251,186,2,0
slebs,slebs.txt,2309,2,6,3.690342,8521,0,0,38,831,1254,180,6,0
softs,softs.txt,2309,2,6,3.690342,8521,0,0,40,804,1300,161,4,0
sowls,sowls.txt,2309,2,6,3.690342,8521,0,0,37,819,1279,170,4,0
uveas,uveas.txt,2309,2,6,3.690342,8521,0,0,46,825,1243,188,7,0
wembs,wembs.txt,2309,2,6,3.690342,8521,0,0,35,827,1270,172,5,0
woons,woons.txt,2309,2,6,3.690342,8521,0,0,49,806,1271,177,6,0
abash,abash.txt,2309,2,6,3.690775,8522,0,0,42,830,1247,180,10,0
bukos,bukos.txt,2309,2,6,3.690775,8522,0,0,41,828,1248,188,4,0
fugio,fugio.txt,2309,2,6,3.690775,8522,0,0,50,830,1221,200,8,0
hulky,hulky.txt,2309,2,6,3.690775,8522,0,0,47,801,1286,169,6,0
humpy,humpy.txt,2309,2,6,3.690775,8522,0,0,52,802,1270,178,7,0
kalas,kalas.txt,2309,2,6,3.690775,8522,0,0,42,822,1259,180,6,0
marms,marms.txt,2309,2,6,3.690775,8522,0,0,44,826,1245,188,6,0
mimed,mimed.txt,2309,2,6,3.690775,8522,0,0,49,812,1258,184,6,0
moods,moods.txt,2309,2,6,3.690775,8522,0,0,44,810,1275,176,4,0
neves,neves.txt,2309,2,6,3.690775,8522,0,0,54,799,1268,183,5,0
ouzel,ouzel.txt,2309,2,6,3.690775,8522,0,0,40,828,1255,178,8,0
proxy,proxy.txt,2309,1,6,3.690775,8522,1,1,36,821,1274,172,5,0
river,river.txt,2309,1,6,3.690775,8522,1,1,50,818,1243,187,10,0
shams,shams.txt,2309,2,6,3.690775,8522,0,0,50,810,1260,182,7,0
spams,spams.txt,2309,2,6,3.690775,8522,0,0,46,821,1250,185,7,0
twits,twits.txt,2309,2,6,3.690775,8522,0,0,49,793,1293,171,3,0
wheen,wheen.txt,2309,2,6,3.690775,8522,0,0,53,826,1219,204,7,0
worky,worky.txt,2309,2,6,3.690775,8522,0,0,48,802,1278,178,3,0
yitie,yitie.txt,2309,2,6,3.690775,8522,0,0,34,820,1289,158,8,0
agger,agger.txt,2309,2,6,3.691208,8523,0,0,44,798,1303,155,9,0
bloom,bloom.txt,2309,1,6,3.691208,8523,1,1,56,802,1253,190,7,0
durry,durry.txt,2309,2,6,3.691208,8523,0,0,49,812,1260,179,9,0
gadge,gadge.txt,2309,2,6,3.691208,8523,0,0,45,800,1293,165,6,0
garba,garba.txt,2309,2,6,3.691208,8523,0,0,47,801,1285,170,6,0
gesso,gesso.txt,2309,2,6,3.691208,8523,0,0,40,811,1283,172,3,0
gests,gests.txt,2309,2,6,3.691208,8523,0,0,38,828,1253,189,1,0
gulls,gulls.txt,2309,2,6,3.691208,8523,0,0,41,821,1262,180,5,0
helix,helix.txt,2309,1,6,3.691208,8523,1,1,48,819,1241,195,5,0
index,index.txt,2309,1,6,3.691208,8523,1,1,44,801,1290,167,6,0
molly,molly.txt,2309,2,6,3.691208,8523,0,0,52,804,1266,179,8,0
mozed,mozed.txt,2309,2,6,3.691208,8523,0,0,36,819,1281,168,5,0
pacha,pacha.txt,2309,2,6,3.691208,8523,0,0,44,827,1240,194,4,0
pekea,pekea.txt,2309,2,6,3.691208,8523,0,0,44,833,1231,194,7,0
slums,slums.txt,2309,2,6,3.691208,8523,0,0,47,819,1251,184,8,0
smeek,smeek.txt,2309,2,6,3.691208,8523,0,0,45,820,1256,179,9,0
vasal,vasal.txt,2309,2,6,3.691208,8523,0,0,50,809,1259,186,5,0
watts,watts.txt,2309,2,6,3.691208,8523,0,0,45,812,1269,177,6,0
baaps,baaps.txt,2309,2,6,3.691641,8524,0,0,38,822,1271,170,8,0
bevel,bevel.txt,2309,1,6,3.691641,8524,1,1,48,816,1250,185,9,0
boxed,boxed.txt,2309,2,6,3.691641,8524,0,0,41,793,1319,149,7,0
brere,brere.txt,2309,2,6,3.691641,8524,0,0,40,829,1246,191,3,0
cully,cully.txt,2309,2,6,3.691641,8524,0,0,49,814,1258,176,12,0
cuvee,cuvee.txt,2309,2,6,3.691641,8524,0,0,44,825,1249,181,10,0
dekes,dekes.txt,2309,2,6,3.691641,8524,0,0,30,821,1293,161,4,0
digit,digit.txt,2309,1,6,3.691641,8524,1,1,46,814,1253,193,2,0
dumka,dumka.txt,2309,2,6,3.691641,8524,0,0,53,813,1246,187,10,0
fetta,fetta.txt,2309,2,6,3.691641,8524,0,0,62,795,1254,189,9,0
goxes,goxes.txt,2309,2,6,3.691641,8524,0,0,37,797,1317,157,1,0
okole,okole.txt,2309,2,6,3.691641,8524,0,0,40,826,1255,182,6,0
resus,resus.txt,2309,2,6,3.691641,8524,0,0,42,827,1250,181,9,0
saddo,saddo.txt,2309,2,6,3.691641,8524,0,0,40,827,1255,179,8,0
safes,safes.txt,2309,2,6,3.691641,8524,0,0,42,820,1263,176,8,0
shads,shads.txt,2309,2,6,3.691641,8524,0,0,43,819,1260,181,6,0
snibs,snibs.txt,2309,2,6,3.691641,8524,0,0,31,832,1271,168,7,0
wanky,wanky.txt,2309,2,6,3.691641,8524,0,0,44,805,1283,173,4,0
xerus,xerus.txt,2309,2,6,3.691641,8524,0,0,36,833,1258,171,11,0
bulls,bulls.txt,2309,2,6,3.692074,8525,0,0,46,815,1259,182,7,0
dowak,dowak.txt,2309,2,6,3.692074,8525,0,0,42,821,1257,184,5,0
gists,gists.txt,2309,2,6,3.692074,8525,0,0,42,810,1276,179,2,0
goony,goony.txt,2309,2,6,3.692074,8525,0,0,46,815,1262,176,10,0
jirds,jirds.txt,2309,2,6,3.692074,8525,0,0,33,816,1293,163,4,0
lurry,lurry.txt,2309,2,6,3.692074,8525,0,0,48,805,1273,176,7,0
lytta,lytta.txt,2309,2,6,3.692074,8525,0,0,45,814,1262,183,5,0
magna,magna.txt,2309,2,6,3.692074,8525,0,0,55,795,1269,186,4,0
mucko,mucko.txt,2309,2,6,3.692074,8525,0,0,44,812,1273,171,9,0
oligo,oligo.txt,2309,2,6,3.692074,8525,0,0,45,817,1261,176,10,0
pittu,pittu.txt,2309,2,6,3.692074,8525,0,0,45,816,1257,187,4,0
slaws,slaws.txt,2309,2,6,3.692074,8525,0,0,44,821,1252,186,6,0
syens,syens.txt,2309,2,6,3.692074,8525,0,0,31,855,1226,188,9,0
apeek,apeek.txt,2309,2,6,3.692508,8526,0,0,48,817,1247,191,6,0
chevy,chevy.txt,2309,2,6,3.692508,8526,0,0,40,844,1219,198,8,0
disas,disas.txt,2309,2,6,3.692508,8526,0,0,37,833,1250,181,8,0
domed,domed.txt,2309,2,6,3.692508,8526,0,0,46,804,1279,174,6,0
hulls,hulls.txt,2309,2,6,3.692508,8526,0,0,37,848,1220,196,8,0
james,james.txt,2309,2,6,3.692508,8526,0,0,32,815,1296,163,3,0
kynds,kynds.txt,2309,2,6,3.692508,8526,0,0,36,808,1297,166,2,0
padma,padma.txt,2309,2,6,3.692508,8526,0,0,53,799,1267,185,5,0
revue,revue.txt,2309,1,6,3.692508,8526,1,1,47,815,1252,186,8,0
roomy,roomy.txt,2309,1,6,3.692508,8526,1,1,45,823,1243,188,9,0
sarks,sarks.txt,2309,2,6,3.692508,8526,0,0,34,815,1289,169,2,0
seles,seles.txt,2309,2,6,3.692508,8526,0,0,39,834,1240,190,6,0
tatar,tatar.txt,2309,2,6,3.692508,8526,0,0,47,818,1249,188,7,0
teaze,teaze.txt,2309,2,6,3.692508,8526,0,0,40,821,1268,169,11,0
yokeg,yokeg.txt,2309,2,6,3.692508,8526,0,0,31,808,1314,152,4,0
gazon,gazon.txt,2309,2,6,3.692941,8527,0,0,49,809,1260,184,7,0
glazy,glazy.txt,2309,2,6,3.692941,8527,0,0,51,782,1305,167,4,0
jhils,jhils.txt,2309,2,6,3.692941,8527,0,0,31,837,1257,178,6,0
knubs,knubs.txt,2309,2,6,3.692941,8527,0,0,36,833,1250,184,6,0
mewed,mewed.txt,2309,2,6,3.692941,8527,0,0,46,801,1282,176,4,0
noobs,noobs.txt,2309,2,6,3.692941,8527,0,0,45,805,1280,172,7,0
plexi,plexi.txt,2309,2,6,3.692941,8527,0,0,39,818,1270,177,5,0
quran,quran.txt,2309,2,6,3.692941,8527,0,0,28,843,1260,166,12,0
slugs,slugs.txt,2309,2,6,3.692941,8527,0,0,41,815,1269,180,4,0
triff,triff.txt,2309,2,6,3.692941,8527,0,0,45,798,1293,167,6,0
usure,usure.txt,2309,2,6,3.692941,8527,0,0,38,836,1242,183,10,0
waacs,waacs.txt,2309,2,6,3.692941,8527,0,0,35,830,1258,181,5,0
wauks,wauks.txt,2309,2,6,3.692941,8527,0,0,35,806,1304,161,3,0
wocks,wocks.txt,2309,2,6,3.692941,8527,0,0,45,810,1267,183,4,0
yuked,yuked.txt,2309,2,6,3.692941,8527,0,0,29,830,1274,173,3,0
alibi,alibi.txt,2309,1,6,3.693374,8528,1,1,31,836,1256,177,8,0
bulky,bulky.txt,2309,1,6,3.693374,8528,1,1,43,806,1279,173,7,0
choss,choss.txt,2309,2,6,3.693374,8528,0,0,44,834,1224,200,7,0
dados,dados.txt,2309,2,6,3.693374,8528,0,0,37,827,1262,173,10,0
folio,folio.txt,2309,1,6,3.693374,8528,1,1,42,811,1272,176,7,0
hoach,hoach.txt,2309,2,6,3.693374,8528,0,0,36,850,1218,196,9,0
hoods,hoods.txt,2309,2,6,3.693374,8528,0,0,45,805,1278,175,6,0
kreef,kreef.txt,2309,2,6,3.693374,8528,0,0,44,818,1254,188,5,0
luaus,luaus.txt,2309,2,6,3.693374,8528,0,0,36,839,1239,187,8,0
mulla,mulla.txt,2309,2,6,3.693374,8528,0,0,48,818,1249,182,12,0
nancy,nancy.txt,2309,2,6,3.693374,8528,0,0,41,811,1276,177,4,0
nikau,nikau.txt,2309,2,6,3.693374,8528,0,0,30,844,1249,176,10,0
pomos,pomos.txt,2309,2,6,3.693374,8528,0,0,42,824,1252,182,9,0
pupil,pupil.txt,2309,1,6,3.693374,8528,1,1,55,803,1251,190,9,0
qaids,qaids.txt,2309,2,6,3.693374,8528,0,0,38,826,1261,174,10,0
rejig,rejig.txt,2309,2,6,3.693374,8528,0,0,38,808,1293,164,6,0
ripps,ripps.txt,2309,2,6,3.693374,8528,0,0,45,815,1260,181,8,0
sabha,sabha.txt,2309,2,6,3.693374,8528,0,0,41,824,1254,182,8,0
seise,seise.txt,2309,2,6,3.693374,8528,0,0,41,847,1210,201,10,0
shiai,shiai.txt,2309,2,6,3.693374,8528,0,0,39,843,1221,199,7,0
sigri,sigri.txt,2309,2,6,3.693374,8528,0,0,35,833,1255,177,9,0
sowse,sowse.txt,2309,2,6,3.693374,8528,0,0,41,826,1250,184,8,0
stedd,stedd.txt,2309,2,6,3.693374,8528,0,0,40,821,1259,185,4,0
swats,swats.txt,2309,2,6,3.693374,8528,0,0,44,806,1280,172,7,0
tagma,tagma.txt,2309,2,6,3.693374,8528,0,0,54,799,1263,187,6,0
udyog,udyog.txt,2309,2,6,3.693374,8528,0,0,35,836,1245,188,5,0
agaty,agaty.txt,2309,2,6,3.693807,8529,0,0,48,798,1285,169,9,0
akela,akela.txt,2309,2,6,3.693807,8529,0,0,40,837,1224,206,2,0
bykes,bykes.txt,2309,2,6,3.693807,8529,0,0,37,793,1321,156,2,0
compo,compo.txt,2309,2,6,3.693807,8529,0,0,44,804,1280,177,4,0
dodge,dodge.txt,2309,1,6,3.693807,8529,1,1,49,804,1265,182,8,0
exits,exits.txt,2309,2,6,3.693807,8529,0,0,43,818,1258,183,7,0
grigs,grigs.txt,2309,2,6,3.693807,8529,0,0,38,825,1260,178,8,0
hilch,hilch.txt,2309,2,6,3.693807,8529,0,0,34,829,1261,180,5,0
hoxed,hoxed.txt,2309,2,6,3.693807,8529,0,0,44,808,1270,185,2,0
joram,joram.txt,2309,2,6,3.693807,8529,0,0,55,781,1293,176,4,0
joual,joual.txt,2309,2,6,3.693807,8529,0,0,43,807,1278,176,5,0
jours,jours.txt,2309,2,6,3.693807,8529,0,0,38,827,1252,188,4,0
milly,milly.txt,2309,2,6,3.693807,8529,0,0,51,786,1296,171,5,0
okapi,okapi.txt,2309,2,6,3.693807,8529,0,0,37,827,1258,180,7,0
prexy,prexy.txt,2309,2,6,3.693807,8529,0,0,39,819,1267,178,6,0
rikwa,rikwa.txt,2309,2,6,3.693807,8529,0,0,34,843,1234,192,6,0
swits,swits.txt,2309,2,6,3.693807,8529,0,0,44,796,1296,169,4,0
wacko,wacko.txt,2309,2,6,3.693807,8529,0,0,47,797,1289,168,8,0
warez,warez.txt,2309,2,6,3.693807,8529,0,0,45,794,1299,165,6,0
whack,whack.txt,2309,1,6,3.693807,8529,1,1,46,825,1229,203,5,0
yocks,yocks.txt,2309,2,6,3.693807,8529,0,0,33,803,1314,156,3,0
aboon,aboon.txt,2309,2,6,3.69424,8530,0,0,52,824,1220,204,9,0
bedye,bedye.txt,2309,2,6,3.69424,8530,0,0,41,803,1294,163,8,0
debye,debye.txt,2309,2,6,3.69424,8530,0,0,37,812,1287,166,7,0
dudes,dudes.txt,2309,2,6,3.69424,8530,0,0,43,807,1277,177,5,0
duxes,duxes.txt,2309,2,6,3.69424,8530,0,0,36,809,1294,165,5,0
feeds,feeds.txt,2309,2,6,3.69424,8530,0,0,46,803,1279,173,8,0
ferry,ferry.txt,2309,1,6,3.69424,8530,1,1,47,797,1283,174,7,0
iodin,iodin.txt,2309,2,6,3.69424,8530,0,0,45,806,1277,172,9,0
katas,katas.txt,2309,2,6,3.69424,8530,0,0,38,793,1319,155,4,0
oopsy,oopsy.txt,2309,2,6,3.69424,8530,0,0,42,821,1254,185,7,0
opzit,opzit.txt,2309,2,6,3.69424,8530,0,0,49,802,1270,182,6,0
pongo,pongo.txt,2309,2,6,3.69424,8530,0,0,47,798,1283,176,5,0
proof,proof.txt,2309,1,6,3.69424,8530,1,1,37,822,1262,181,6,0
putti,putti.txt,2309,2,6,3.69424,8530,0,0,46,822,1240,194,7,0
sauba,sauba.txt,2309,2,6,3.69424,8530,0,0,45,816,1256,184,8,0
spoom,spoom.txt,2309,2,6,3.69424,8530,0,0,40,822,1257,184,6,0
yells,yells.txt,2309,2,6,3.69424,8530,0,0,42,801,1292,169,5,0
yeuks,yeuks.txt,2309,2,6,3.69424,8530,0,0,30,842,1249,180,8,0
zonda,zonda.txt,2309,2,6,3.69424,8530,0,0,39,833,1237,195,5,0
bided,bided.txt,2309,2,6,3.694673,8531,0,0,46,807,1269,180,7,0
bumpy,bumpy.txt,2309,2,6,3.694673,8531,0,0,44,790,1307,163,5,0
doobs,doobs.txt,2309,2,6,3.694673,8531,0,0,49,796,1280,179,5,0
fetts,fetts.txt,2309,2,6,3.694673,8531,0,0,49,811,1249,196,4,0
grogs,grogs.txt,2309,2,6,3.694673,8531,0,0,38,817,1273,174,7,0
parka,parka.txt,2309,1,6,3.694673,8531,1,1,52,784,1294,170,8,0
primi,primi.txt,2309,2,6,3.694673,8531,0,0,39,829,1247,186,8,0
sexer,sexer.txt,2309,2,6,3.694673,8531,0,0,45,814,1259,183,8,0
tavas,tavas.txt,2309,2,6,3.694673,8531,0,0,40,802,1297,163,7,0
vrouw,vrouw.txt,2309,2,6,3.694673,8531,0,0,36,824,1264,179,6,0
yetts,yetts.txt,2309,2,6,3.694673,8531,0,0,44,798,1293,167,7,0
borgo,borgo.txt,2309,2,6,3.695106,8532,0,0,55,787,1285,171,11,0
cinch,cinch.txt,2309,1,6,3.695106,8532,1,1,46,812,1255,187,8,0
fryer,fryer.txt,2309,2,6,3.695106,8532,0,0,44,785,1316,159,5,0
hajes,hajes.txt,2309,2,6,3.695106,8532,0,0,27,835,1270,169,8,0
hawks,hawks.txt,2309,2,6,3.695106,8532,0,0,36,805,1299,165,4,0
jobed,jobed.txt,2309,2,6,3.695106,8532,0,0,39,793,1314,159,4,0
limax,limax.txt,2309,2,6,3.695106,8532,0,0,45,805,1276,175,8,0
momes,momes.txt,2309,2,6,3.695106,8532,0,0,43,795,1298,169,4,0
momie,momie.txt,2309,2,6,3.695106,8532,0,0,45,829,1226,203,6,0
mooni,mooni.txt,2309,2,6,3.695106,8532,0,0,46,824,1237,192,10,0
nouns,nouns.txt,2309,2,6,3.695106,8532,0,0,32,827,1271,171,8,0
ology,ology.txt,2309,2,6,3.695106,8532,0,0,44,795,1297,167,6,0
pikau,pikau.txt,2309,2,6,3.695106,8532,0,0,36,835,1245,183,10,0
prook,prook.txt,2309,2,6,3.695106,8532,0,0,44,813,1260,187,5,0
rekey,rekey.txt,2309,2,6,3.695106,8532,0,0,31,819,1288,165,6,0
rioja,rioja.txt,2309,2,6,3.695106,8532,0,0,47,815,1248,193,6,0
rover,rover.txt,2309,1,6,3.695106,8532,1,1,46,807,1262,188,5,0
selfs,selfs.txt,2309,2,6,3.695106,8532,0,0,44,802,1283,174,6,0
wooed,wooed.txt,2309,2,6,3.695106,8532,0,0,51,803,1263,183,9,0
ziram,ziram.txt,2309,2,6,3.695106,8532,0,0,50,806,1257,190,6,0
agloo,agloo.txt,2309,2,6,3.695539,8533,0,0,46,809,1264,182,8,0
bucks,bucks.txt,2309,2,6,3.695539,8533,0,0,45,793,1295,172,4,0
cissy,cissy.txt,2309,2,6,3.695539,8533,0,0,37,824,1256,189,3,0
eaved,eaved.txt,2309,2,6,3.695539,8533,0,0,45,812,1258,189,5,0
hejra,hejra.txt,2309,2,6,3.695539,8533,0,0,44,830,1229,197,9,0
hench,hench.txt,2309,2,6,3.695539,8533,0,0,35,854,1205,209,6,0
keyer,keyer.txt,2309,2,6,3.695539,8533,0,0,30,814,1301,157,7,0
mutts,mutts.txt,2309,2,6,3.695539,8533,0,0,47,811,1256,188,7,0
pinny,pinny.txt,2309,2,6,3.695539,8533,0,0,49,814,1242,199,5,0
redux,redux.txt,2309,2,6,3.695539,8533,0,0,43,811,1268,180,7,0
repps,repps.txt,2309,2,6,3.695539,8533,0,0,40,801,1295,168,5,0
sease,sease.txt,2309,2,6,3.695539,8533,0,0,36,844,1231,183,15,0
styes,styes.txt,2309,2,6,3.695539,8533,0,0,34,814,1283,177,1,0
telex,telex.txt,2309,2,6,3.695539,8533,0,0,42,807,1277,178,5,0
vacui,vacui.txt,2309,2,6,3.695539,8533,0,0,48,811,1256,184,10,0
zineb,zineb.txt,2309,2,6,3.695539,8533,0,0,39,795,1308,164,3,0
belly,belly.txt,2309,1,6,3.695972,8534,1,1,55,787,1276,182,8,0
bizes,bizes.txt,2309,2,6,3.695972,8534,0,0,45,802,1276,182,4,0
choom,choom.txt,2309,2,6,3.695972,8534,0,0,49,823,1227,201,9,0
dacha,dacha.txt,2309,2,6,3.695972,8534,0,0,37,816,1269,186,1,0
furor,furor.txt,2309,1,6,3.695972,8534,1,1,47,811,1253,188,9,0
gelly,gelly.txt,2309,2,6,3.695972,8534,0,0,50,801,1268,181,9,0
holly,holly.txt,2309,1,6,3.695972,8534,1,1,47,819,1234,202,6,0
hoxes,hoxes.txt,2309,2,6,3.695972,8534,0,0,38,810,1284,170,7,0
jolty,jolty.txt,2309,2,6,3.695972,8534,0,0,44,798,1288,174,5,0
keeno,keeno.txt,2309,2,6,3.695972,8534,0,0,34,840,1234,196,5,0
mocky,mocky.txt,2309,2,6,3.695972,8534,0,0,43,796,1294,172,4,0
moops,moops.txt,2309,2,6,3.695972,8534,0,0,42,818,1258,182,9,0
pekes,pekes.txt,2309,2,6,3.695972,8534,0,0,34,821,1275,171,8,0
pomme,pomme.txt,2309,2,6,3.695972,8534,0,0,38,804,1297,162,8,0
reerd,reerd.txt,2309,2,6,3.695972,8534,0,0,39,836,1231,194,9,0
rigid,rigid.txt,2309,1,6,3.695972,8534,1,1,43,821,1245,190,9,0
sobas,sobas.txt,2309,2,6,3.695972,8534,0,0,48,812,1255,182,12,0
spurs,spurs.txt,2309,2,6,3.695972,8534,0,0,43,823,1241,197,5,0
steds,steds.txt,2309,2,6,3.695972,8534,0,0,36,824,1259,186,4,0
tatou,tatou.txt,2309,2,6,3.695972,8534,0,0,44,827,1237,189,12,0
belve,belve.txt,2309,2,6,3.696405,8535,0,0,50,808,1255,185,11,0
bewdy,bewdy.txt,2309,2,6,3.696405,8535,0,0,47,787,1298,174,3,0
booty,booty.txt,2309,1,6,3.696405,8535,1,1,50,808,1249,192,9,0
faqir,faqir.txt,2309,2,6,3.696405,8535,0,0,46,790,1301,163,9,0
gumbo,gumbo.txt,2309,1,6,3.696405,8535,1,1,44,817,1245,197,5,0
ionic,ionic.txt,2309,1,6,3.696405,8535,1,1,45,796,1289,168,10,0
jigot,jigot.txt,2309,2,6,3.696405,8535,0,0,45,791,1300,166,7,0
kehua,kehua.txt,2309,2,6,3.696405,8535,0,0,34,849,1223,190,13,0
missa,missa.txt,2309,2,6,3.696405,8535,0,0,46,826,1228,201,8,0
papri,papri.txt,2309,2,6,3.696405,8535,0,0,45,802,1278,177,7,0
primp,primp.txt,2309,2,6,3.696405,8535,0,0,42,822,1249,187,9,0
quats,quats.txt,2309,2,6,3.696405,8535,0,0,37,813,1282,168,9,0
reccy,reccy.txt,2309,2,6,3.696405,8535,0,0,41,810,1272,181,5,0
scops,scops.txt,2309,2,6,3.696405,8535,0,0,41,809,1275,178,6,0
senes,senes.txt,2309,2,6,3.696405,8535,0,0,34,836,1242,191,6,0
stogs,stogs.txt,2309,2,6,3.696405,8535,0,0,36,817,1273,178,5,0
torot,torot.txt,2309,2,6,3.696405,8535,0,0,51,828,1212,207,11,0
venue,venue.txt,2309,1,6,3.696405,8535,1,1,47,814,1245,194,8,0
zoeas,zoeas.txt,2309,2,6,3.696405,8535,0,0,34,835,1242,194,4,0
amiss,amiss.txt,2309,1,6,3.696838,8536,1,1,56,809,1230,202,11,0
dryad,dryad.txt,2309,2,6,3.696838,8536,0,0,45,794,1296,164,10,0
dusts,dusts.txt,2309,2,6,3.696838,8536,0,0,36,817,1271,181,4,0
ferox,ferox.txt,2309,2,6,3.696838,8536,0,0,49,796,1275,184,5,0
fichu,fichu.txt,2309,2,6,3.696838,8536,0,0,34,819,1274,177,5,0
fulwa,fulwa.txt,2309,2,6,3.696838,8536,0,0,37,813,1278,175,6,0
jelab,jelab.txt,2309,2,6,3.696838,8536,0,0,38,818,1265,182,6,0
khuds,khuds.txt,2309,2,6,3.696838,8536,0,0,36,827,1250,193,3,0
lyses,lyses.txt,2309,2,6,3.696838,8536,0,0,38,819,1262,185,5,0
madid,madid.txt,2309,2,6,3.696838,8536,0,0,47,811,1252,193,6,0
oxies,oxies.txt,2309,2,6,3.696838,8536,0,0,39,825,1251,185,9,0
paaho,paaho.txt,2309,2,6,3.696838,8536,0,0,45,823,1238,193,10,0
rebab,rebab.txt,2309,2,6,3.696838,8536,0,0,44,802,1277,182,4,0
skell,skell.txt,2309,2,6,3.696838,8536,0,0,39,837,1224,203,6,0
adhan,adhan.txt,2309,2,6,3.697272,8537,0,0,37,812,1280,173,7,0
adzes,adzes.txt,2309,2,6,3.697272,8537,0,0,37,794,1314,159,5,0
burro,burro.txt,2309,2,6,3.697272,8537,0,0,58,785,1273,184,9,0
calyx,calyx.txt,2309,2,6,3.697272,8537,0,0,28,824,1283,167,7,0
cusso,cusso.txt,2309,2,6,3.697272,8537,0,0,36,851,1210,200,12,0
disci,disci.txt,2309,2,6,3.697272,8537,0,0,38,790,1318,159,4,0
erevs,erevs.txt,2309,2,6,3.697272,8537,0,0,49,812,1245,195,8,0
gurge,gurge.txt,2309,2,6,3.697272,8537,0,0,43,815,1255,190,6,0
howdy,howdy.txt,2309,1,6,3.697272,8537,1,1,48,789,1287,179,5,0
jibed,jibed.txt,2309,2,6,3.697272,8537,0,0,39,800,1294,173,3,0
mbuga,mbuga.txt,2309,2,6,3.697272,8537,0,0,53,801,1251,200,4,0
merer,merer.txt,2309,2,6,3.697272,8537,0,0,48,813,1245,196,7,0
micky,micky.txt,2309,2,6,3.697272,8537,0,0,47,780,1313,163,6,0
nujol,nujol.txt,2309,2,6,3.697272,8537,0,0,34,826,1259,185,5,0
pogos,pogos.txt,2309,2,6,3.697272,8537,0,0,40,820,1257,183,9,0
qadis,qadis.txt,2309,2,6,3.697272,8537,0,0,39,813,1274,174,9,0
raddi,raddi.txt,2309,2,6,3.697272,8537,0,0,50,796,1271,187,5,0
raggs,raggs.txt,2309,2,6,3.697272,8537,0,0,42,787,1314,160,6,0
sahab,sahab.txt,2309,2,6,3.697272,8537,0,0,38,827,1249,186,9,0
samba,samba.txt,2309,2,6,3.697272,8537,0,0,43,812,1263,183,8,0
bucko,bucko.txt,2309,2,6,3.697705,8538,0,0,41,819,1256,183,10,0
caffe,caffe.txt,2309,2,6,3.697705,8538,0,0,43,792,1301,166,7,0
deere,deere.txt,2309,2,6,3.697705,8538,0,0,41,826,1242,190,10,0
esker,esker.txt,2309,2,6,3.697705,8538,0,0,34,821,1266,185,3,0
gamas,gamas.txt,2309,2,6,3.697705,8538,0,0,48,804,1262,188,7,0
heave,heave.txt,2309,1,6,3.697705,8538,1,1,46,829,1220,200,13,0
hilly,hilly.txt,2309,1,6,3.697705,8538,1,1,48,799,1266,190,5,0
jamon,jamon.txt,2309,2,6,3.697705,8538,0,0,49,800,1266,188,6,0
leaze,leaze.txt,2309,2,6,3.697705,8538,0,0,45,792,1296,168,8,0
nonyl,nonyl.txt,2309,2,6,3.697705,8538,0,0,39,782,1330,154,4,0
oboes,oboes.txt,2309,2,6,3.697705,8538,0,0,42,784,1318,160,5,0
orixa,orixa.txt,2309,2,6,3.697705,8538,0,0,46,831,1219,201,12,0
oxide,oxide.txt,2309,1,6,3.697705,8538,1,1,36,832,1242,187,11,0
shiso,shiso.txt,2309,2,6,3.697705,8538,0,0,48,834,1203,216,8,0
slows,slows.txt,2309,2,6,3.697705,8538,0,0,40,798,1294,174,3,0
tokos,tokos.txt,2309,2,6,3.697705,8538,0,0,39,808,1278,180,4,0
wells,wells.txt,2309,2,6,3.697705,8538,0,0,40,807,1278,179,5,0
zebra,zebra.txt,2309,1,6,3.697705,8538,1,1,50,790,1278,185,5,0
abram,abram.txt,2309,2,6,3.698138,8539,0,0,55,778,1293,175,8,0
abray,abray.txt,2309,2,6,3.698138,8539,0,0,44,787,1306,166,6,0
billy,billy.txt,2309,1,6,3.698138,8539,1,1,52,780,1293,176,7,0
botty,botty.txt,2309,2,6,3.698138,8539,0,0,46,799,1278,178,8,0
breer,breer.txt,2309,2,6,3.698138,8539,0,0,41,812,1261,193,2,0
burra,burra.txt,2309,2,6,3.698138,8539,0,0,57,795,1252,198,7,0
gowfs,gowfs.txt,2309,2,6,3.698138,8539,0,0,34,798,1311,163,3,0
hewed,hewed.txt,2309,2,6,3.698138,8539,0,0,48,813,1241,202,5,0
jonty,jonty.txt,2309,2,6,3.698138,8539,0,0,43,792,1298,171,5,0
manga,manga.txt,2309,1,6,3.698138,8539,1,1,58,779,1274,193,4,0
motty,motty.txt,2309,2,6,3.698138,8539,0,0,49,796,1272,187,5,0
nonic,nonic.txt,2309,2,6,3.698138,8539,0,0,45,797,1286,172,9,0
shaya,shaya.txt,2309,2,6,3.698138,8539,0,0,36,831,1242,194,6,0
sleys,sleys.txt,2309,2,6,3.698138,8539,0,0,35,825,1259,182,8,0
tight,tight.txt,2309,1,6,3.698138,8539,1,1,39,824,1244,194,7,0
varas,varas.txt,2309,2,6,3.698138,8539,0,0,55,776,1294,179,5,0
vying,vying.txt,2309,1,6,3.698138,8539,1,1,48,766,1329,162,3,0
wheys,wheys.txt,2309,2,6,3.698138,8539,0,0,48,804,1261,189,7,0
allow,allow.txt,2309,1,6,3.698571,8540,1,1,39,825,1239,200,5,0
donny,donny.txt,2309,2,6,3.698571,8540,0,0,46,790,1294,172,7,0
fasts,fasts.txt,2309,2,6,3.698571,8540,0,0,43,778,1326,156,6,0
haoma,haoma.txt,2309,2,6,3.698571,8540,0,0,41,823,1241,199,5,0
kills,kills.txt,2309,2,6,3.698571,8540,0,0,38,811,1274,181,5,0
recce,recce.txt,2309,2,6,3.698571,8540,0,0,40,816,1258,190,5,0
towze,towze.txt,2309,2,6,3.698571,8540,0,0,43,796,1290,174,6,0
bolix,bolix.txt,2309,2,6,3.699004,8541,0,0,49,790,1283,181,6,0
bromo,bromo.txt,2309,2,6,3.699004,8541,0,0,56,779,1287,178,9,0
genii,genii.txt,2309,2,6,3.699004,8541,0,0,43,802,1276,183,5,0
hullo,hullo.txt,2309,2,6,3.699004,8541,0,0,37,831,1239,194,8,0
konbu,konbu.txt,2309,2,6,3.699004,8541,0,0,39,807,1280,176,7,0
masha,masha.txt,2309,2,6,3.699004,8541,0,0,48,785,1295,176,5,0
patka,patka.txt,2309,2,6,3.699004,8541,0,0,51,788,1281,183,6,0
poeps,poeps.txt,2309,2,6,3.699004,8541,0,0,49,784,1294,177,5,0
razee,razee.txt,2309,2,6,3.699004,8541,0,0,40,810,1273,177,9,0
seppo,seppo.txt,2309,2,6,3.699004,8541,0,0,43,800,1279,183,4,0
shuls,shuls.txt,2309,2,6,3.699004,8541,0,0,44,826,1226,207,6,0
shuts,shuts.txt,2309,2,6,3.699004,8541,0,0,45,827,1222,208,7,0
slubs,slubs.txt,2309,2,6,3.699004,8541,0,0,46,802,1269,185,7,0
swans,swans.txt,2309,2,6,3.699004,8541,0,0,41,814,1258,191,5,0
udder,udder.txt,2309,1,6,3.699004,8541,1,1,49,790,1276,190,3,0
whups,whups.txt,2309,2,6,3.699004,8541,0,0,45,821,1232,206,5,0
arear,arear.txt,2309,2,6,3.699437,8542,0,0,39,826,1241,196,7,0
avail,avail.txt,2309,1,6,3.699437,8542,1,1,45,824,1225,205,9,0
basso,basso.txt,2309,2,6,3.699437,8542,0,0,49,802,1262,186,10,0
eiked,eiked.txt,2309,2,6,3.699437,8542,0,0,30,828,1263,182,6,0
facia,facia.txt,2309,2,6,3.699437,8542,0,0,46,802,1270,182,9,0
gamme,gamme.txt,2309,2,6,3.699437,8542,0,0,46,810,1254,190,9,0
gilly,gilly.txt,2309,2,6,3.699437,8542,0,0,51,781,1291,183,3,0
gonna,gonna.txt,2309,2,6,3.699437,8542,0,0,49,814,1236,202,8,0
leese,leese.txt,2309,2,6,3.699437,8542,0,0,39,833,1226,205,6,0
modoc,modoc.txt,2309,2,6,3.699437,8542,0,0,45,795,1285,177,7,0
nihil,nihil.txt,2309,2,6,3.699437,8542,0,0,34,830,1247,192,6,0
pully,pully.txt,2309,2,6,3.699437,8542,0,0,49,797,1269,187,7,0
simps,simps.txt,2309,2,6,3.699437,8542,0,0,42,813,1260,185,9,0
stays,stays.txt,2309,2,6,3.699437,8542,0,0,31,815,1285,173,5,0
stook,stook.txt,2309,2,6,3.699437,8542,0,0,36,815,1267,189,2,0
aflap,aflap.txt,2309,2,6,3.69987,8543,0,0,40,796,1297,169,7,0
awato,awato.txt,2309,2,6,3.69987,8543,0,0,46,795,1286,170,12,0
coyly,coyly.txt,2309,1,6,3.69987,8543,1,1,35,797,1304,167,5,0
eaves,eaves.txt,2309,2,6,3.69987,8543,0,0,49,779,1303,172,6,0
fever,fever.txt,2309,1,6,3.69987,8543,1,1,46,806,1253,198,5,0
gyves,gyves.txt,2309,2,6,3.69987,8543,0,0,42,787,1308,166,6,0
inurn,inurn.txt,2309,2,6,3.69987,8543,0,0,45,813,1254,184,13,0
koros,koros.txt,2309,2,6,3.69987,8543,0,0,35,823,1256,190,5,0
naval,naval.txt,2309,1,6,3.69987,8543,1,1,50,799,1260,189,10,0
nebek,nebek.txt,2309,2,6,3.69987,8543,0,0,40,812,1266,183,8,0
nemns,nemns.txt,2309,2,6,3.69987,8543,0,0,34,806,1294,169,6,0
plups,plups.txt,2309,2,6,3.69987,8543,0,0,46,794,1282,181,6,0
snook,snook.txt,2309,2,6,3.69987,8543,0,0,38,825,1246,192,8,0
venge,venge.txt,2309,2,6,3.69987,8543,0,0,52,801,1247,206,3,0
waxer,waxer.txt,2309,2,6,3.69987,8543,0,0,41,787,1309,168,4,0
zoism,zoism.txt,2309,2,6,3.69987,8543,0,0,39,817,1256,192,5,0
begem,begem.txt,2309,2,6,3.700303,8544,0,0,49,785,1289,181,5,0
bitty,bitty.txt,2309,1,6,3.700303,8544,1,1,45,783,1300,176,4,0
chiti,chiti.txt,2309,2,6,3.700303,8544,0,0,38,820,1252,194,5,0
duped,duped.txt,2309,2,6,3.700303,8544,0,0,48,793,1275,189,4,0
frory,frory.txt,2309,2,6,3.700303,8544,0,0,47,783,1301,171,7,0
goods,goods.txt,2309,2,6,3.700303,8544,0,0,39,818,1254,192,6,0
goosy,goosy.txt,2309,2,6,3.700303,8544,0,0,40,815,1259,187,8,0
hunky,hunky.txt,2309,1,6,3.700303,8544,1,1,45,802,1265,189,7,0
india,india.txt,2309,2,6,3.700303,8544,0,0,45,827,1221,207,9,0
logoi,logoi.txt,2309,2,6,3.700303,8544,0,0,41,815,1257,187,9,0
nonda,nonda.txt,2309,2,6,3.700303,8544,0,0,38,831,1232,201,7,0
pepos,pepos.txt,2309,2,6,3.700303,8544,0,0,43,784,1308,170,4,0
soyas,soyas.txt,2309,2,6,3.700303,8544,0,0,42,806,1270,184,7,0
tagua,tagua.txt,2309,2,6,3.700303,8544,0,0,56,792,1258,194,9,0
veena,veena.txt,2309,2,6,3.700303,8544,0,0,56,807,1233,199,14,0
verra,verra.txt,2309,2,6,3.700303,8544,0,0,54,797,1255,193,10,0
watap,watap.txt,2309,2,6,3.700303,8544,0,0,49,791,1277,187,5,0
yagna,yagna.txt,2309,2,6,3.700303,8544,0,0,45,795,1286,173,10,0
bedad,bedad.txt,2309,2,6,3.700736,8545,0,0,55,773,1292,186,3,0
bicky,bicky.txt,2309,2,6,3.700736,8545,0,0,44,776,1323,159,7,0
event,event.txt,2309,1,6,3.700736,8545,1,1,46,800,1263,194,5,0
fifer,fifer.txt,2309,2,6,3.700736,8545,0,0,51,791,1275,182,10,0
gages,gages.txt,2309,2,6,3.700736,8545,0,0,43,806,1267,185,8,0
goops,goops.txt,2309,2,6,3.700736,8545,0,0,44,801,1275,180,9,0
jasey,jasey.txt,2309,2,6,3.700736,8545,0,0,42,792,1296,173,6,0
kulfi,kulfi.txt,2309,2,6,3.700736,8545,0,0,43,782,1313,165,6,0
manny,manny.txt,2309,2,6,3.700736,8545,0,0,42,808,1263,191,5,0
pupal,pupal.txt,2309,2,6,3.700736,8545,0,0,53,792,1262,197,5,0
putty,putty.txt,2309,1,6,3.700736,8545,1,1,43,802,1267,192,4,0
sawah,sawah.txt,2309,2,6,3.700736,8545,0,0,43,802,1275,181,8,0
silks,silks.txt,2309,2,6,3.700736,8545,0,0,41,804,1274,185,5,0
spods,spods.txt,2309,2,6,3.700736,8545,0,0,31,802,1310,159,7,0
stems,stems.txt,2309,2,6,3.700736,8545,0,0,43,818,1246,191,11,0
stobs,stobs.txt,2309,2,6,3.700736,8545,0,0,36,792,1314,161,6,0
swots,swots.txt,2309,2,6,3.700736,8545,0,0,40,799,1287,178,5,0
boxes,boxes.txt,2309,2,6,3.701169,8546,0,0,41,786,1307,172,3,0
comix,comix.txt,2309,2,6,3.701169,8546,0,0,49,791,1276,187,6,0
dandy,dandy.txt,2309,1,6,3.701169,8546,1,1,43,792,1288,179,6,0
gauze,gauze.txt,2309,1,6,3.701169,8546,1,1,50,796,1263,189,10,0
hiois,hiois.txt,2309,2,6,3.701169,8546,0,0,35,825,1250,193,6,0
hotch,hotch.txt,2309,2,6,3.701169,8546,0,0,36,822,1253,192,6,0
jedis,jedis.txt,2309,2,6,3.701169,8546,0,0,38,802,1288,174,7,0
jiaos,jiaos.txt,2309,2,6,3.701169,8546,0,0,37,818,1261,184,9,0
larva,larva.txt,2309,1,6,3.701169,8546,1,1,56,782,1267,199,4,0
maims,maims.txt,2309,2,6,3.701169,8546,0,0,45,807,1257,193,7,0
matzo,matzo.txt,2309,2,6,3.701169,8546,0,0,49,781,1297,175,7,0
modem,modem.txt,2309,1,6,3.701169,8546,1,1,46,783,1297,176,6,0
oldly,oldly.txt,2309,2,6,3.701169,8546,0,0,50,785,1289,175,10,0
ousts,ousts.txt,2309,2,6,3.701169,8546,0,0,48,778,1306,170,7,0
penny,penny.txt,2309,1,6,3.701169,8546,1,1,46,806,1251,199,6,0
pissy,pissy.txt,2309,2,6,3.701169,8546,0,0,45,810,1251,196,7,0
pogge,pogge.txt,2309,2,6,3.701169,8546,0,0,38,808,1275,182,6,0
pupae,pupae.txt,2309,2,6,3.701169,8546,0,0,46,811,1246,199,7,0
quits,quits.txt,2309,2,6,3.701169,8546,0,0,41,797,1288,177,6,0
salal,salal.txt,2309,2,6,3.701169,8546,0,0,44,817,1247,187,14,0
senex,senex.txt,2309,2,6,3.701169,8546,0,0,44,800,1271,190,4,0
ships,ships.txt,2309,2,6,3.701169,8546,0,0,45,827,1221,205,11,0
skroo,skroo.txt,2309,2,6,3.701169,8546,0,0,32,825,1258,189,5,0
sposh,sposh.txt,2309,2,6,3.701169,8546,0,0,39,840,1211,210,9,0
weeny,weeny.txt,2309,2,6,3.701169,8546,0,0,48,800,1265,186,10,0
wefte,wefte.txt,2309,2,6,3.701169,8546,0,0,50,761,1332,161,5,0
chess,chess.txt,2309,1,6,3.701602,8547,1,1,38,843,1205,211,11,0
didos,didos.txt,2309,2,6,3.701602,8547,0,0,40,809,1268,184,8,0
edema,edema.txt,2309,2,6,3.701602,8547,0,0,46,784,1299,173,7,0
embed,embed.txt,2309,1,6,3.701602,8547,1,1,32,809,1285,177,5,0
gaged,gaged.txt,2309,2,6,3.701602,8547,0,0,41,791,1294,182,1,0
gangs,gangs.txt,2309,2,6,3.701602,8547,0,0,36,821,1255,190,7,0
gigot,gigot.txt,2309,2,6,3.701602,8547,0,0,43,791,1296,170,9,0
grego,grego.txt,2309,2,6,3.701602,8547,0,0,43,806,1263,191,6,0
helly,helly.txt,2309,2,6,3.701602,8547,0,0,49,798,1265,187,10,0
looby,looby.txt,2309,2,6,3.701602,8547,0,0,50,782,1288,185,4,0
mauvy,mauvy.txt,2309,2,6,3.701602,8547,0,0,44,794,1283,183,5,0
maxis,maxis.txt,2309,2,6,3.701602,8547,0,0,43,800,1275,185,6,0
neemb,neemb.txt,2309,2,6,3.701602,8547,0,0,34,809,1286,172,8,0
phlox,phlox.txt,2309,2,6,3.701602,8547,0,0,42,808,1264,187,8,0
pipul,pipul.txt,2309,2,6,3.701602,8547,0,0,46,797,1272,188,6,0
snush,snush.txt,2309,2,6,3.701602,8547,0,0,39,833,1226,200,11,0
tetes,tetes.txt,2309,2,6,3.701602,8547,0,0,44,798,1272,193,2,0
upper,upper.txt,2309,1,6,3.701602,8547,1,1,44,791,1283,187,3,0
urari,urari.txt,2309,2,6,3.701602,8547,0,0,41,818,1243,203,4,0
waltz,waltz.txt,2309,1,6,3.701602,8547,1,1,41,778,1319,166,4,0
youks,youks.txt,2309,2,6,3.701602,8547,0,0,28,815,1292,166,8,0
bamas,bamas.txt,2309,2,6,3.702036,8548,0,0,49,787,1284,181,8,0
barbs,barbs.txt,2309,2,6,3.702036,8548,0,0,46,765,1337,153,8,0
evade,evade.txt,2309,1,6,3.702036,8548,1,1,46,789,1283,184,6,0
feyed,feyed.txt,2309,2,6,3.702036,8548,0,0,38,793,1305,165,8,0
fordo,fordo.txt,2309,2,6,3.702036,8548,0,0,49,778,1299,178,5,0
gucks,gucks.txt,2309,2,6,3.702036,8548,0,0,33,813,1277,181,5,0
hokum,hokum.txt,2309,2,6,3.702036,8548,0,0,38,822,1246,196,7,0
kapow,kapow.txt,2309,2,6,3.702036,8548,0,0,43,796,1283,180,7,0
knoll,knoll.txt,2309,1,6,3.702036,8548,1,1,32,813,1276,182,5,0
magas,magas.txt,2309,2,6,3.702036,8548,0,0,51,789,1273,189,7,0
misos,misos.txt,2309,2,6,3.702036,8548,0,0,55,791,1256,201,6,0
outdo,outdo.txt,2309,1,6,3.702036,8548,1,1,46,786,1287,185,4,0
quail,quail.txt,2309,1,6,3.702036,8548,1,1,38,822,1244,195,9,0
rooks,rooks.txt,2309,2,6,3.702036,8548,0,0,39,812,1263,188,7,0
snobs,snobs.txt,2309,2,6,3.702036,8548,0,0,29,823,1272,177,8,0
tutee,tutee.txt,2309,2,6,3.702036,8548,0,0,51,821,1207,225,5,0
umiak,umiak.txt,2309,2,6,3.702036,8548,0,0,43,797,1281,181,7,0
untin,untin.txt,2309,2,6,3.702036,8548,0,0,51,799,1254,197,8,0
battu,battu.txt,2309,2,6,3.702469,8549,0,0,41,797,1288,174,9,0
cylix,cylix.txt,2309,2,6,3.702469,8549,0,0,36,795,1304,168,6,0
firni,firni.txt,2309,2,6,3.702469,8549,0,0,37,799,1293,174,6,0
howfs,howfs.txt,2309,2,6,3.702469,8549,0,0,41,795,1284,188,1,0
imide,imide.txt,2309,2,6,3.702469,8549,0,0,37,801,1288,178,5,0
novum,novum.txt,2309,2,6,3.702469,8549,0,0,46,796,1272,189,6,0
poupe,poupe.txt,2309,2,6,3.702469,8549,0,0,46,805,1255,196,7,0
resee,resee.txt,2309,2,6,3.702469,8549,0,0,42,811,1256,192,8,0
scoog,scoog.txt,2309,2,6,3.702469,8549,0,0,40,805,1276,178,10,0
seaze,seaze.txt,2309,2,6,3.702469,8549,0,0,37,816,1265,179,12,0
suids,suids.txt,2309,2,6,3.702469,8549,0,0,42,811,1257,190,9,0
sunup,sunup.txt,2309,2,6,3.702469,8549,0,0,38,816,1259,187,9,0
weeds,weeds.txt,2309,2,6,3.702469,8549,0,0,52,778,1291,181,7,0
annoy,annoy.txt,2309,1,6,3.702902,8550,1,1,49,805,1246,196,12,0
boxla,boxla.txt,2309,2,6,3.702902,8550,0,0,45,797,1273,187,7,0
cesse,cesse.txt,2309,2,6,3.702902,8550,0,0,33,813,1274,185,4,0
fleek,fleek.txt,2309,2,6,3.702902,8550,0,0,51,782,1282,190,4,0
fluky,fluky.txt,2309,2,6,3.702902,8550,0,0,42,780,1314,168,5,0
gadid,gadid.txt,2309,2,6,3.702902,8550,0,0,49,801,1254,197,8,0
gyved,gyved.txt,2309,2,6,3.702902,8550,0,0,46,767,1328,163,5,0
halfa,halfa.txt,2309,2,6,3.702902,8550,0,0,41,783,1311,169,5,0
hooey,hooey.txt,2309,2,6,3.702902,8550,0,0,39,826,1235,200,9,0
idlis,idlis.txt,2309,2,6,3.702902,8550,0,0,39,789,1301,179,1,0
lavra,lavra.txt,2309,2,6,3.702902,8550,0,0,53,796,1248,208,4,0
lemma,lemma.txt,2309,2,6,3.702902,8550,0,0,46,790,1282,186,5,0
linux,linux.txt,2309,2,6,3.702902,8550,0,0,41,800,1280,180,8,0
papey,papey.txt,2309,2,6,3.702902,8550,0,0,52,771,1302,179,5,0
psias,psias.txt,2309,2,6,3.702902,8550,0,0,40,814,1255,192,8,0
rakia,rakia.txt,2309,2,6,3.702902,8550,0,0,37,804,1283,178,7,0
sappy,sappy.txt,2309,1,6,3.702902,8550,1,1,52,767,1305,180,4,0
seize,seize.txt,2309,1,6,3.702902,8550,1,1,35,822,1251,191,9,0
spags,spags.txt,2309,2,6,3.702902,8550,0,0,41,816,1250,192,10,0
views,views.txt,2309,2,6,3.702902,8550,0,0,36,811,1270,187,5,0
zamis,zamis.txt,2309,2,6,3.702902,8550,0,0,38,806,1278,178,9,0
blobs,blobs.txt,2309,2,6,3.703335,8551,0,0,44,780,1307,173,5,0
crack,crack.txt,2309,1,6,3.703335,8551,1,1,42,816,1239,204,7,0
fillo,fillo.txt,2309,2,6,3.703335,8551,0,0,45,807,1252,198,7,0
hooty,hooty.txt,2309,2,6,3.703335,8551,0,0,42,807,1263,188,9,0
mecca,mecca.txt,2309,1,6,3.703335,8551,1,1,46,805,1253,193,11,0
nasus,nasus.txt,2309,2,6,3.703335,8551,0,0,38,810,1271,179,11,0
pepsi,pepsi.txt,2309,2,6,3.703335,8551,0,0,44,804,1262,191,8,0
poohs,poohs.txt,2309,2,6,3.703335,8551,0,0,46,810,1245,199,9,0
serks,serks.txt,2309,2,6,3.703335,8551,0,0,27,843,1233,200,6,0
shuns,shuns.txt,2309,2,6,3.703335,8551,0,0,39,824,1239,197,10,0
aduki,aduki.txt,2309,2,6,3.703768,8552,0,0,41,793,1291,177,7,0
apays,apays.txt,2309,2,6,3.703768,8552,0,0,43,789,1290,183,4,0
benni,benni.txt,2309,2,6,3.703768,8552,0,0,43,792,1287,180,7,0
betty,betty.txt,2309,2,6,3.703768,8552,0,0,49,786,1281,186,7,0
byked,byked.txt,2309,2,6,3.703768,8552,0,0,37,789,1307,173,3,0
gassy,gassy.txt,2309,1,6,3.703768,8552,1,1,37,795,1291,182,3,0
gawks,gawks.txt,2309,2,6,3.703768,8552,0,0,27,791,1333,155,3,0
junta,junta.txt,2309,1,6,3.703768,8552,1,1,44,782,1300,175,7,0
khoum,khoum.txt,2309,2,6,3.703768,8552,0,0,34,826,1247,194,8,0
kranz,kranz.txt,2309,2,6,3.703768,8552,0,0,32,809,1284,179,5,0
manzo,manzo.txt,2309,2,6,3.703768,8552,0,0,44,803,1259,199,4,0
musky,musky.txt,2309,1,6,3.703768,8552,1,1,44,798,1266,195,5,0
outta,outta.txt,2309,2,6,3.703768,8552,0,0,57,812,1209,220,11,0
raddy,raddy.txt,2309,2,6,3.703768,8552,0,0,47,771,1315,171,5,0
risus,risus.txt,2309,2,6,3.703768,8552,0,0,41,810,1258,192,8,0
rotor,rotor.txt,2309,1,6,3.703768,8552,1,1,50,782,1285,181,10,0
stush,stush.txt,2309,2,6,3.703768,8552,0,0,47,801,1257,197,7,0
vatas,vatas.txt,2309,2,6,3.703768,8552,0,0,43,779,1312,169,6,0
xylan,xylan.txt,2309,2,6,3.703768,8552,0,0,32,803,1295,175,4,0
yeeds,yeeds.txt,2309,2,6,3.703768,8552,0,0,38,798,1291,174,8,0
zayin,zayin.txt,2309,2,6,3.703768,8552,0,0,34,802,1295,170,8,0
appro,appro.txt,2309,2,6,3.704201,8553,0,0,43,805,1261,192,8,0
apsis,apsis.txt,2309,2,6,3.704201,8553,0,0,47,800,1260,193,9,0
bossa,bossa.txt,2309,2,6,3.704201,8553,0,0,43,806,1263,185,12,0
eevns,eevns.txt,2309,2,6,3.704201,8553,0,0,44,797,1270,194,4,0
gunky,gunky.txt,2309,2,6,3.704201,8553,0,0,34,816,1266,185,8,0
heths,heths.txt,2309,2,6,3.704201,8553,0,0,39,809,1262,194,5,0
imlis,imlis.txt,2309,2,6,3.704201,8553,0,0,46,783,1297,174,9,0
lavas,lavas.txt,2309,2,6,3.704201,8553,0,0,49,783,1284,188,5,0
loofa,loofa.txt,2309,2,6,3.704201,8553,0,0,46,802,1258,195,8,0
looks,looks.txt,2309,2,6,3.704201,8553,0,0,42,803,1265,194,5,0
massy,massy.txt,2309,2,6,3.704201,8553,0,0,40,796,1286,181,6,0
ozena,ozena.txt,2309,2,6,3.704201,8553,0,0,43,794,1281,185,6,0
peeks,peeks.txt,2309,2,6,3.704201,8553,0,0,40,821,1239,200,9,0
psoas,psoas.txt,2309,2,6,3.704201,8553,0,0,38,824,1235,207,5,0
tythe,tythe.txt,2309,2,6,3.704201,8553,0,0,46,771,1317,170,5,0
wavey,wavey.txt,2309,2,6,3.704201,8553,0,0,46,764,1329,167,3,0
wedge,wedge.txt,2309,1,6,3.704201,8553,1,1,47,798,1258,198,7,0
abaci,abaci.txt,2309,2,6,3.704634,8554,0,0,35,802,1290,174,8,0
cheth,cheth.txt,2309,2,6,3.704634,8554,0,0,44,811,1244,203,7,0
indri,indri.txt,2309,2,6,3.704634,8554,0,0,41,790,1294,178,6,0
jongs,jongs.txt,2309,2,6,3.704634,8554,0,0,34,792,1311,166,6,0
kembs,kembs.txt,2309,2,6,3.704634,8554,0,0,33,819,1262,187,8,0
lyssa,lyssa.txt,2309,2,6,3.704634,8554,0,0,37,798,1290,178,6,0
moong,moong.txt,2309,2,6,3.704634,8554,0,0,48,803,1249,201,8,0
runny,runny.txt,2309,2,6,3.704634,8554,0,0,48,785,1287,179,10,0
saddy,saddy.txt,2309,2,6,3.704634,8554,0,0,41,780,1311,174,3,0
scags,scags.txt,2309,2,6,3.704634,8554,0,0,36,811,1266,191,5,0
seifs,seifs.txt,2309,2,6,3.704634,8554,0,0,46,809,1244,201,9,0
upjet,upjet.txt,2309,2,6,3.704634,8554,0,0,42,802,1266,194,5,0
urbex,urbex.txt,2309,2,6,3.704634,8554,0,0,44,778,1307,176,4,0
weeps,weeps.txt,2309,2,6,3.704634,8554,0,0,48,790,1274,190,7,0
amahs,amahs.txt,2309,2,6,3.705067,8555,0,0,51,760,1321,173,4,0
apsos,apsos.txt,2309,2,6,3.705067,8555,0,0,46,811,1236,210,6,0
braxy,braxy.txt,2309,2,6,3.705067,8555,0,0,41,773,1327,162,6,0
bulla,bulla.txt,2309,2,6,3.705067,8555,0,0,50,793,1264,192,10,0
clack,clack.txt,2309,1,6,3.705067,8555,1,1,45,808,1243,204,8,0
crick,crick.txt,2309,1,6,3.705067,8555,1,1,41,801,1269,189,8,0
dered,dered.txt,2309,2,6,3.705067,8555,0,0,39,811,1258,194,7,0
drook,drook.txt,2309,2,6,3.705067,8555,0,0,37,822,1244,197,9,0
dunno,dunno.txt,2309,2,6,3.705067,8555,0,0,43,804,1264,187,11,0
hajis,hajis.txt,2309,2,6,3.705067,8555,0,0,32,807,1283,184,3,0
hexad,hexad.txt,2309,2,6,3.705067,8555,0,0,47,784,1288,183,7,0
laddy,laddy.txt,2309,2,6,3.705067,8555,0,0,40,787,1300,178,4,0
neele,neele.txt,2309,2,6,3.705067,8555,0,0,39,827,1228,206,9,0
oakum,oakum.txt,2309,2,6,3.705067,8555,0,0,39,827,1227,208,8,0
runup,runup.txt,2309,2,6,3.705067,8555,0,0,40,793,1289,182,5,0
sakes,sakes.txt,2309,2,6,3.705067,8555,0,0,29,816,1276,183,5,0
tunny,tunny.txt,2309,2,6,3.705067,8555,0,0,44,803,1256,202,4,0
advew,advew.txt,2309,2,6,3.7055,8556,0,0,52,762,1315,174,6,0
buaze,buaze.txt,2309,2,6,3.7055,8556,0,0,48,793,1265,197,6,0
chowk,chowk.txt,2309,2,6,3.7055,8556,0,0,43,823,1221,215,7,0
fanon,fanon.txt,2309,2,6,3.7055,8556,0,0,40,812,1251,200,6,0
furrs,furrs.txt,2309,2,6,3.7055,8556,0,0,46,783,1290,185,5,0
hitch,hitch.txt,2309,1,6,3.7055,8556,1,1,36,819,1244,204,5,0
jibes,jibes.txt,2309,2,6,3.7055,8556,0,0,39,785,1305,177,3,0
juris,juris.txt,2309,2,6,3.7055,8556,0,0,41,820,1234,206,8,0
kybos,kybos.txt,2309,2,6,3.7055,8556,0,0,38,780,1319,168,4,0
lappy,lappy.txt,2309,2,6,3.7055,8556,0,0,52,772,1294,186,5,0
mawks,mawks.txt,2309,2,6,3.7055,8556,0,0,36,782,1322,164,5,0
mieve,mieve.txt,2309,2,6,3.7055,8556,0,0,38,805,1271,189,6,0
muses,muses.txt,2309,2,6,3.7055,8556,0,0,50,784,1281,184,10,0
obiit,obiit.txt,2309,2,6,3.7055,8556,0,0,37,803,1278,185,6,0
varia,varia.txt,2309,2,6,3.7055,8556,0,0,55,792,1251,200,11,0
axing,axing.txt,2309,2,6,3.705933,8557,0,0,42,807,1258,192,10,0
ditzy,ditzy.txt,2309,2,6,3.705933,8557,0,0,42,769,1327,168,3,0
duads,duads.txt,2309,2,6,3.705933,8557,0,0,40,800,1278,181,10,0
enemy,enemy.txt,2309,1,6,3.705933,8557,1,1,41,801,1267,191,8,0
hotty,hotty.txt,2309,2,6,3.705933,8557,0,0,43,811,1246,200,9,0
iddat,iddat.txt,2309,2,6,3.705933,8557,0,0,43,789,1290,178,9,0
jobes,jobes.txt,2309,2,6,3.705933,8557,0,0,33,781,1329,164,2,0
johns,johns.txt,2309,2,6,3.705933,8557,0,0,38,802,1275,189,5,0
nongs,nongs.txt,2309,2,6,3.705933,8557,0,0,31,807,1287,178,6,0
posho,posho.txt,2309,2,6,3.705933,8557,0,0,47,805,1246,202,9,0
pulus,pulus.txt,2309,2,6,3.705933,8557,0,0,41,796,1279,187,6,0
rully,rully.txt,2309,2,6,3.705933,8557,0,0,43,800,1265,195,6,0
skats,skats.txt,2309,2,6,3.705933,8557,0,0,25,813,1292,174,5,0
thoft,thoft.txt,2309,2,6,3.705933,8557,0,0,45,787,1284,188,5,0
veney,veney.txt,2309,2,6,3.705933,8557,0,0,48,783,1287,182,9,0
zigan,zigan.txt,2309,2,6,3.705933,8557,0,0,46,785,1286,186,6,0
bedew,bedew.txt,2309,2,6,3.706366,8558,0,0,48,783,1278,199,1,0
chaco,chaco.txt,2309,2,6,3.706366,8558,0,0,47,815,1224,215,8,0
cheek,cheek.txt,2309,1,6,3.706366,8558,1,1,38,824,1226,215,5,0
curch,curch.txt,2309,2,6,3.706366,8558,0,0,45,806,1248,202,8,0
fists,fists.txt,2309,2,6,3.706366,8558,0,0,45,764,1329,166,5,0
husky,husky.txt,2309,1,6,3.706366,8558,1,1,46,794,1265,195,8,0
karez,karez.txt,2309,2,6,3.706366,8558,0,0,40,782,1309,172,6,0
kotos,kotos.txt,2309,2,6,3.706366,8558,0,0,37,802,1275,192,3,0
mazut,mazut.txt,2309,2,6,3.706366,8558,0,0,48,775,1302,175,9,0
sakia,sakia.txt,2309,2,6,3.706366,8558,0,0,39,808,1262,192,8,0
sechs,sechs.txt,2309,2,6,3.706366,8558,0,0,31,823,1255,193,7,0
shags,shags.txt,2309,2,6,3.706366,8558,0,0,40,809,1257,195,8,0
smuts,smuts.txt,2309,2,6,3.706366,8558,0,0,43,784,1297,178,7,0
wryer,wryer.txt,2309,2,6,3.706366,8558,0,0,36,795,1293,181,4,0
zincy,zincy.txt,2309,2,6,3.706366,8558,0,0,33,777,1339,155,5,0
abbot,abbot.txt,2309,1,6,3.706799,8559,1,1,49,781,1279,193,6,0
amban,amban.txt,2309,2,6,3.706799,8559,0,0,44,802,1260,193,10,0
basis,basis.txt,2309,1,6,3.706799,8559,1,1,45,787,1283,183,10,0
butts,butts.txt,2309,2,6,3.706799,8559,0,0,51,779,1282,190,7,0
eggar,eggar.txt,2309,2,6,3.706799,8559,0,0,47,781,1290,184,7,0
favus,favus.txt,2309,2,6,3.706799,8559,0,0,41,791,1289,180,8,0
gauje,gauje.txt,2309,2,6,3.706799,8559,0,0,43,794,1275,191,6,0
hoops,hoops.txt,2309,2,6,3.706799,8559,0,0,45,805,1250,200,9,0
kolos,kolos.txt,2309,2,6,3.706799,8559,0,0,36,800,1282,187,4,0
kufis,kufis.txt,2309,2,6,3.706799,8559,0,0,45,793,1270,196,5,0
mompe,mompe.txt,2309,2,6,3.706799,8559,0,0,34,790,1312,165,8,0
ommel,ommel.txt,2309,2,6,3.706799,8559,0,0,47,791,1272,190,9,0
spims,spims.txt,2309,2,6,3.706799,8559,0,0,46,791,1276,186,10,0
tasks,tasks.txt,2309,2,6,3.706799,8559,0,0,29,800,1304,171,5,0
axoid,axoid.txt,2309,2,6,3.707233,8560,0,0,52,794,1249,206,8,0
boong,boong.txt,2309,2,6,3.707233,8560,0,0,54,784,1260,206,5,0
chocs,chocs.txt,2309,2,6,3.707233,8560,0,0,48,797,1254,203,7,0
coofs,coofs.txt,2309,2,6,3.707233,8560,0,0,45,781,1292,187,4,0
doofs,doofs.txt,2309,2,6,3.707233,8560,0,0,42,779,1307,175,6,0
ducky,ducky.txt,2309,2,6,3.707233,8560,0,0,42,778,1308,176,5,0
enews,enews.txt,2309,2,6,3.707233,8560,0,0,38,805,1267,193,6,0
fudgy,fudgy.txt,2309,2,6,3.707233,8560,0,0,46,779,1297,179,8,0
hecht,hecht.txt,2309,2,6,3.707233,8560,0,0,35,816,1253,200,5,0
junto,junto.txt,2309,1,6,3.707233,8560,1,1,49,758,1323,173,5,0
malmy,malmy.txt,2309,2,6,3.707233,8560,0,0,51,763,1312,177,6,0
passu,passu.txt,2309,2,6,3.707233,8560,0,0,36,820,1246,198,9,0
phish,phish.txt,2309,2,6,3.707233,8560,0,0,42,817,1236,203,11,0
pocho,pocho.txt,2309,2,6,3.707233,8560,0,0,42,808,1246,210,3,0
pulps,pulps.txt,2309,2,6,3.707233,8560,0,0,47,780,1290,186,6,0
reggo,reggo.txt,2309,2,6,3.707233,8560,0,0,46,776,1298,186,3,0
tibia,tibia.txt,2309,1,6,3.707233,8560,1,1,42,799,1265,194,8,0
unpen,unpen.txt,2309,2,6,3.707233,8560,0,0,46,786,1281,190,6,0
wonky,wonky.txt,2309,2,6,3.707233,8560,0,0,46,777,1298,183,5,0
zesty,zesty.txt,2309,1,6,3.707233,8560,1,1,33,787,1315,166,7,0
abaft,abaft.txt,2309,2,6,3.707666,8561,0,0,39,783,1304,180,3,0
avows,avows.txt,2309,2,6,3.707666,8561,0,0,39,793,1288,182,7,0
bassi,bassi.txt,2309,2,6,3.707666,8561,0,0,44,793,1274,190,8,0
bunje,bunje.txt,2309,2,6,3.707666,8561,0,0,46,789,1276,190,8,0
fauna,fauna.txt,2309,1,6,3.707666,8561,1,1,38,808,1259,194,9,0
hurry,hurry.txt,2309,1,6,3.707666,8561,1,1,47,784,1278,192,7,0
lacka,lacka.txt,2309,2,6,3.707666,8561,0,0,44,796,1267,195,7,0
moxas,moxas.txt,2309,2,6,3.707666,8561,0,0,39,787,1298,180,5,0
murry,murry.txt,2309,2,6,3.707666,8561,0,0,46,776,1303,175,9,0
ngwee,ngwee.txt,2309,2,6,3.707666,8561,0,0,42,787,1289,186,5,0
skits,skits.txt,2309,2,6,3.707666,8561,0,0,27,814,1282,179,7,0
winky,winky.txt,2309,2,6,3.707666,8561,0,0,40,790,1286,191,2,0
xrays,xrays.txt,2309,2,6,3.707666,8561,0,0,26,815,1283,178,7,0
attar,attar.txt,2309,2,6,3.708099,8562,0,0,45,792,1272,192,8,0
ceaze,ceaze.txt,2309,2,6,3.708099,8562,0,0,38,810,1260,190,11,0
froom,froom.txt,2309,2,6,3.708099,8562,0,0,47,785,1278,193,6,0
furze,furze.txt,2309,2,6,3.708099,8562,0,0,42,764,1333,166,4,0
hasps,hasps.txt,2309,2,6,3.708099,8562,0,0,45,802,1250,206,6,0
hodad,hodad.txt,2309,2,6,3.708099,8562,0,0,45,817,1225,211,11,0
kedgy,kedgy.txt,2309,2,6,3.708099,8562,0,0,41,790,1286,186,6,0
kembo,kembo.txt,2309,2,6,3.708099,8562,0,0,44,793,1273,191,8,0
oxlip,oxlip.txt,2309,2,6,3.708099,8562,0,0,50,771,1295,189,4,0
sheds,sheds.txt,2309,2,6,3.708099,8562,0,0,41,804,1258,200,6,0
wases,wases.txt,2309,2,6,3.708099,8562,0,0,40,799,1275,185,10,0
wirra,wirra.txt,2309,2,6,3.708099,8562,0,0,40,796,1279,186,8,0
banya,banya.txt,2309,2,6,3.708532,8563,0,0,40,776,1315,173,5,0
belle,belle.txt,2309,1,6,3.708532,8563,1,1,42,804,1258,190,14,0
cutty,cutty.txt,2309,2,6,3.708532,8563,0,0,44,794,1271,191,9,0
groof,groof.txt,2309,2,6,3.708532,8563,0,0,45,795,1266,194,9,0
makar,makar.txt,2309,2,6,3.708532,8563,0,0,48,790,1261,207,3,0
motza,motza.txt,2309,2,6,3.708532,8563,0,0,49,774,1295,183,8,0
nakas,nakas.txt,2309,2,6,3.708532,8563,0,0,39,784,1302,179,5,0
oxmen,oxmen.txt,2309,2,6,3.708532,8563,0,0,52,759,1313,180,5,0
piing,piing.txt,2309,2,6,3.708532,8563,0,0,40,794,1281,187,7,0
seels,seels.txt,2309,2,6,3.708532,8563,0,0,36,821,1240,204,8,0
skols,skols.txt,2309,2,6,3.708532,8563,0,0,30,811,1275,188,5,0
spays,spays.txt,2309,2,6,3.708532,8563,0,0,42,788,1286,187,6,0
succi,succi.txt,2309,2,6,3.708532,8563,0,0,40,800,1267,197,5,0
swies,swies.txt,2309,2,6,3.708532,8563,0,0,47,794,1262,197,9,0
teets,teets.txt,2309,2,6,3.708532,8563,0,0,46,798,1255,203,7,0
whirr,whirr.txt,2309,2,6,3.708532,8563,0,0,39,807,1259,196,8,0
babes,babes.txt,2309,2,6,3.708965,8564,0,0,47,753,1336,171,2,0
basha,basha.txt,2309,2,6,3.708965,8564,0,0,45,783,1288,185,8,0
bumfs,bumfs.txt,2309,2,6,3.708965,8564,0,0,48,767,1309,179,6,0
ficin,ficin.txt,2309,2,6,3.708965,8564,0,0,39,775,1320,169,6,0
kalpa,kalpa.txt,2309,2,6,3.708965,8564,0,0,47,791,1267,195,9,0
kivas,kivas.txt,2309,2,6,3.708965,8564,0,0,42,771,1318,173,5,0
krewe,krewe.txt,2309,2,6,3.708965,8564,0,0,38,817,1239,209,6,0
murri,murri.txt,2309,2,6,3.708965,8564,0,0,41,801,1267,189,11,0
noncy,noncy.txt,2309,2,6,3.708965,8564,0,0,43,777,1303,181,5,0
piezo,piezo.txt,2309,2,6,3.708965,8564,0,0,46,772,1305,180,6,0
quins,quins.txt,2309,2,6,3.708965,8564,0,0,36,810,1262,192,9,0
skull,skull.txt,2309,1,6,3.708965,8564,1,1,32,814,1259,197,6,0
tombo,tombo.txt,2309,2,6,3.708965,8564,0,0,53,767,1295,187,7,0
undue,undue.txt,2309,1,6,3.708965,8564,1,1,41,795,1272,192,8,0
welke,welke.txt,2309,2,6,3.708965,8564,0,0,44,802,1251,206,6,0
zarfs,zarfs.txt,2309,2,6,3.708965,8564,0,0,38,755,1360,153,3,0
apayd,apayd.txt,2309,2,6,3.709398,8565,0,0,44,775,1300,188,2,0
bassy,bassy.txt,2309,2,6,3.709398,8565,0,0,44,769,1313,180,3,0
bawks,bawks.txt,2309,2,6,3.709398,8565,0,0,36,785,1305,180,3,0
crock,crock.txt,2309,1,6,3.709398,8565,1,1,35,800,1278,188,7,0
dsomo,dsomo.txt,2309,2,6,3.709398,8565,0,0,43,774,1307,181,4,0
fests,fests.txt,2309,2,6,3.709398,8565,0,0,40,788,1290,185,6,0
firry,firry.txt,2309,2,6,3.709398,8565,0,0,44,790,1278,187,10,0
kievs,kievs.txt,2309,2,6,3.709398,8565,0,0,37,795,1284,188,5,0
mayas,mayas.txt,2309,2,6,3.709398,8565,0,0,38,786,1301,177,7,0
mirza,mirza.txt,2309,2,6,3.709398,8565,0,0,51,783,1266,204,5,0
muxed,muxed.txt,2309,2,6,3.709398,8565,0,0,38,787,1297,182,5,0
nully,nully.txt,2309,2,6,3.709398,8565,0,0,43,788,1282,189,7,0
shaka,shaka.txt,2309,2,6,3.709398,8565,0,0,47,806,1237,209,10,0
spesh,spesh.txt,2309,2,6,3.709398,8565,0,0,44,829,1198,230,8,0
unsex,unsex.txt,2309,2,6,3.709398,8565,0,0,45,776,1297,187,4,0
waxen,waxen.txt,2309,1,6,3.709398,8565,1,1,41,780,1301,178,8,0
wazir,wazir.txt,2309,2,6,3.709398,8565,0,0,39,782,1304,179,5,0
aggie,aggie.txt,2309,2,6,3.709831,8566,0,0,45,796,1262,196,10,0
culch,culch.txt,2309,2,6,3.709831,8566,0,0,46,801,1247,207,8,0
dully,dully.txt,2309,1,6,3.709831,8566,1,1,47,788,1270,191,12,0
gimme,gimme.txt,2309,2,6,3.709831,8566,0,0,46,762,1323,172,6,0
gongs,gongs.txt,2309,2,6,3.709831,8566,0,0,34,786,1310,174,5,0
hohed,hohed.txt,2309,2,6,3.709831,8566,0,0,35,795,1286,191,2,0
icily,icily.txt,2309,1,6,3.709831,8566,1,1,44,768,1312,179,5,0
inrun,inrun.txt,2309,2,6,3.709831,8566,0,0,45,799,1261,189,15,0
jupes,jupes.txt,2309,2,6,3.709831,8566,0,0,38,781,1309,175,6,0
kempy,kempy.txt,2309,2,6,3.709831,8566,0,0,40,798,1269,196,6,0
knurr,knurr.txt,2309,2,6,3.709831,8566,0,0,26,814,1276,190,3,0
leccy,leccy.txt,2309,2,6,3.709831,8566,0,0,42,792,1275,194,6,0
pique,pique.txt,2309,1,6,3.709831,8566,1,1,28,805,1289,178,8,0
qualm,qualm.txt,2309,1,6,3.709831,8566,1,1,35,791,1299,172,11,0
snaws,snaws.txt,2309,2,6,3.709831,8566,0,0,38,813,1245,207,6,0
studs,studs.txt,2309,2,6,3.709831,8566,0,0,33,793,1299,179,5,0
tiddy,tiddy.txt,2309,2,6,3.709831,8566,0,0,42,775,1306,183,3,0
wrawl,wrawl.txt,2309,2,6,3.709831,8566,0,0,39,772,1325,166,7,0
yewen,yewen.txt,2309,2,6,3.709831,8566,0,0,38,784,1307,170,10,0
anyon,anyon.txt,2309,2,6,3.710264,8567,0,0,49,789,1265,194,12,0
apply,apply.txt,2309,1,6,3.710264,8567,1,1,44,778,1293,186,7,0
becke,becke.txt,2309,2,6,3.710264,8567,0,0,39,787,1296,178,9,0
haafs,haafs.txt,2309,2,6,3.710264,8567,0,0,40,769,1326,168,6,0
heedy,heedy.txt,2309,2,6,3.710264,8567,0,0,41,801,1262,196,9,0
kimbo,kimbo.txt,2309,2,6,3.710264,8567,0,0,44,775,1299,188,3,0
lysis,lysis.txt,2309,2,6,3.710264,8567,0,0,33,793,1299,178,6,0
mawla,mawla.txt,2309,2,6,3.710264,8567,0,0,38,786,1298,181,6,0
musts,musts.txt,2309,2,6,3.710264,8567,0,0,49,775,1289,188,8,0
nucin,nucin.txt,2309,2,6,3.710264,8567,0,0,50,777,1286,184,12,0
nutty,nutty.txt,2309,1,6,3.710264,8567,1,1,47,778,1281,198,4,0
plook,plook.txt,2309,2,6,3.710264,8567,0,0,40,799,1268,194,8,0
sibia,sibia.txt,2309,2,6,3.710264,8567,0,0,37,801,1274,188,9,0
syces,syces.txt,2309,2,6,3.710264,8567,0,0,31,791,1308,174,5,0
untax,untax.txt,2309,2,6,3.710264,8567,0,0,47,766,1310,181,5,0
wasts,wasts.txt,2309,2,6,3.710264,8567,0,0,38,791,1289,184,7,0
whyda,whyda.txt,2309,2,6,3.710264,8567,0,0,43,787,1283,188,8,0
adawn,adawn.txt,2309,2,6,3.710697,8568,0,0,41,787,1285,191,5,0
agood,agood.txt,2309,2,6,3.710697,8568,0,0,48,794,1255,202,10,0
annus,annus.txt,2309,2,6,3.710697,8568,0,0,41,807,1254,193,14,0
cavas,cavas.txt,2309,2,6,3.710697,8568,0,0,40,796,1271,196,6,0
click,click.txt,2309,1,6,3.710697,8568,1,1,44,781,1285,192,6,0
coomy,coomy.txt,2309,2,6,3.710697,8568,0,0,42,801,1258,199,9,0
fonio,fonio.txt,2309,2,6,3.710697,8568,0,0,42,797,1267,193,10,0
gauss,gauss.txt,2309,2,6,3.710697,8568,0,0,42,790,1282,184,11,0
kabar,kabar.txt,2309,2,6,3.710697,8568,0,0,52,757,1315,177,8,0
kells,kells.txt,2309,2,6,3.710697,8568,0,0,38,793,1283,189,6,0
oleyl,oleyl.txt,2309,2,6,3.710697,8568,0,0,34,807,1271,187,10,0
purps,purps.txt,2309,2,6,3.710697,8568,0,0,46,806,1235,214,8,0
qorma,qorma.txt,2309,2,6,3.710697,8568,0,0,43,795,1267,195,9,0
qursh,qursh.txt,2309,2,6,3.710697,8568,0,0,34,843,1205,211,16,0
scabs,scabs.txt,2309,2,6,3.710697,8568,0,0,34,786,1306,180,3,0
smurs,smurs.txt,2309,2,6,3.710697,8568,0,0,41,808,1250,198,12,0
soups,soups.txt,2309,2,6,3.710697,8568,0,0,38,819,1234,209,9,0
ydred,ydred.txt,2309,2,6,3.710697,8568,0,0,34,790,1302,176,7,0
yukos,yukos.txt,2309,2,6,3.710697,8568,0,0,29,805,1290,175,10,0
zayde,zayde.txt,2309,2,6,3.710697,8568,0,0,37,749,1373,145,5,0
aimag,aimag.txt,2309,2,6,3.71113,8569,0,0,47,783,1278,192,9,0
auxin,auxin.txt,2309,2,6,3.71113,8569,0,0,46,810,1230,211,12,0
banak,banak.txt,2309,2,6,3.71113,8569,0,0,43,803,1248,208,7,0
buroo,buroo.txt,2309,2,6,3.71113,8569,0,0,53,782,1262,203,9,0
cloff,cloff.txt,2309,2,6,3.71113,8569,0,0,37,764,1344,157,7,0
comms,comms.txt,2309,2,6,3.71113,8569,0,0,39,783,1296,188,3,0
coomb,coomb.txt,2309,2,6,3.71113,8569,0,0,45,778,1291,189,6,0
lumme,lumme.txt,2309,2,6,3.71113,8569,0,0,39,794,1280,187,9,0
memos,memos.txt,2309,2,6,3.71113,8569,0,0,42,781,1296,182,8,0
pipas,pipas.txt,2309,2,6,3.71113,8569,0,0,40,795,1274,192,8,0
rokos,rokos.txt,2309,2,6,3.71113,8569,0,0,37,798,1276,191,7,0
vegie,vegie.txt,2309,2,6,3.71113,8569,0,0,56,778,1264,199,12,0
badam,badam.txt,2309,2,6,3.711563,8570,0,0,50,775,1280,199,5,0
cliff,cliff.txt,2309,1,6,3.711563,8570,1,1,42,765,1320,176,5,0
cutch,cutch.txt,2309,2,6,3.711563,8570,0,0,48,788,1264,200,9,0
deoxy,deoxy.txt,2309,2,6,3.711563,8570,0,0,36,777,1320,169,7,0
lammy,lammy.txt,2309,2,6,3.711563,8570,0,0,45,769,1307,183,5,0
mimeo,mimeo.txt,2309,2,6,3.711563,8570,0,0,48,793,1253,207,8,0
mogos,mogos.txt,2309,2,6,3.711563,8570,0,0,42,781,1292,189,5,0
nabam,nabam.txt,2309,2,6,3.711563,8570,0,0,42,799,1258,203,7,0
wilis,wilis.txt,2309,2,6,3.711563,8570,0,0,33,790,1300,182,4,0
adraw,adraw.txt,2309,2,6,3.711997,8571,0,0,47,766,1304,189,3,0
bidri,bidri.txt,2309,2,6,3.711997,8571,0,0,40,781,1297,186,5,0
chaya,chaya.txt,2309,2,6,3.711997,8571,0,0,33,809,1263,198,6,0
fatty,fatty.txt,2309,1,6,3.711997,8571,1,1,47,763,1310,181,7,0
fieri,fieri.txt,2309,2,6,3.711997,8571,0,0,37,798,1275,191,8,0
frere,frere.txt,2309,2,6,3.711997,8571,0,0,42,801,1258,196,12,0
gutta,gutta.txt,2309,2,6,3.711997,8571,0,0,51,794,1241,215,8,0
meved,meved.txt,2309,2,6,3.711997,8571,0,0,43,787,1280,190,9,0
rafiq,rafiq.txt,2309,2,6,3.711997,8571,0,0,38,767,1334,162,8,0
reddy,reddy.txt,2309,2,6,3.711997,8571,0,0,40,778,1304,181,6,0
reded,reded.txt,2309,2,6,3.711997,8571,0,0,39,801,1263,198,8,0
suhur,suhur.txt,2309,2,6,3.711997,8571,0,0,36,814,1246,205,8,0
sumis,sumis.txt,2309,2,6,3.711997,8571,0,0,43,795,1265,196,10,0
usual,usual.txt,2309,1,6,3.711997,8571,1,1,40,783,1291,187,7,0
weems,weems.txt,2309,2,6,3.711997,8571,0,0,38,798,1273,191,9,0
yests,yests.txt,2309,2,6,3.711997,8571,0,0,37,777,1316,172,7,0
busky,busky.txt,2309,2,6,3.71243,8572,0,0,39,788,1286,190,6,0
caboc,caboc.txt,2309,2,6,3.71243,8572,0,0,42,789,1282,183,13,0
cueca,cueca.txt,2309,2,6,3.71243,8572,0,0,37,835,1198,233,6,0
cumec,cumec.txt,2309,2,6,3.71243,8572,0,0,38,805,1254,207,5,0
embow,embow.txt,2309,2,6,3.71243,8572,0,0,40,778,1304,180,7,0
hafta,hafta.txt,2309,2,6,3.71243,8572,0,0,48,761,1312,183,5,0
homme,homme.txt,2309,2,6,3.71243,8572,0,0,34,798,1282,188,7,0
homos,homos.txt,2309,2,6,3.71243,8572,0,0,40,795,1275,187,12,0
howks,howks.txt,2309,2,6,3.71243,8572,0,0,42,798,1256,208,5,0
libri,libri.txt,2309,2,6,3.71243,8572,0,0,41,761,1330,175,2,0
objet,objet.txt,2309,2,6,3.71243,8572,0,0,47,746,1342,172,2,0
reede,reede.txt,2309,2,6,3.71243,8572,0,0,37,799,1272,193,8,0
seers,seers.txt,2309,2,6,3.71243,8572,0,0,32,815,1257,195,10,0
sixmo,sixmo.txt,2309,2,6,3.71243,8572,0,0,40,805,1249,209,6,0
soppy,soppy.txt,2309,2,6,3.71243,8572,0,0,46,778,1285,194,6,0
akita,akita.txt,2309,2,6,3.712863,8573,0,0,37,799,1272,192,9,0
bodoh,bodoh.txt,2309,2,6,3.712863,8573,0,0,44,797,1257,200,11,0
draff,draff.txt,2309,2,6,3.712863,8573,0,0,34,792,1292,185,6,0
eerie,eerie.txt,2309,1,6,3.712863,8573,1,1,30,812,1263,194,9,0
faxed,faxed.txt,2309,2,6,3.712863,8573,0,0,41,757,1337,172,2,0
hijra,hijra.txt,2309,2,6,3.712863,8573,0,0,38,818,1229,217,7,0
junco,junco.txt,2309,2,6,3.712863,8573,0,0,38,789,1285,192,5,0
karoo,karoo.txt,2309,2,6,3.712863,8573,0,0,37,800,1269,195,8,0
majos,majos.txt,2309,2,6,3.712863,8573,0,0,38,776,1311,179,5,0
mongo,mongo.txt,2309,2,6,3.712863,8573,0,0,53,773,1274,202,7,0
occur,occur.txt,2309,1,6,3.712863,8573,1,1,42,781,1289,187,9,0
reses,reses.txt,2309,2,6,3.712863,8573,0,0,37,798,1273,193,8,0
shops,shops.txt,2309,2,6,3.712863,8573,0,0,43,808,1236,213,9,0
sinks,sinks.txt,2309,2,6,3.712863,8573,0,0,36,794,1284,187,8,0
sokes,sokes.txt,2309,2,6,3.712863,8573,0,0,32,816,1255,195,11,0
sophs,sophs.txt,2309,2,6,3.712863,8573,0,0,42,802,1253,201,11,0
vills,vills.txt,2309,2,6,3.712863,8573,0,0,39,797,1268,198,7,0
whoot,whoot.txt,2309,2,6,3.712863,8573,0,0,51,784,1256,213,5,0
winze,winze.txt,2309,2,6,3.712863,8573,0,0,39,796,1275,187,12,0
askar,askar.txt,2309,2,6,3.713296,8574,0,0,41,765,1323,175,5,0
awash,awash.txt,2309,1,6,3.713296,8574,1,1,45,790,1265,195,13,0
chics,chics.txt,2309,2,6,3.713296,8574,0,0,42,809,1234,217,7,0
clock,clock.txt,2309,1,6,3.713296,8574,1,1,33,792,1290,187,6,0
cunny,cunny.txt,2309,2,6,3.713296,8574,0,0,42,792,1273,190,12,0
oasis,oasis.txt,2309,2,6,3.713296,8574,0,0,45,802,1240,214,8,0
popsy,popsy.txt,2309,2,6,3.713296,8574,0,0,49,776,1279,198,7,0
putza,putza.txt,2309,2,6,3.713296,8574,0,0,41,803,1250,207,8,0
quair,quair.txt,2309,2,6,3.713296,8574,0,0,38,799,1265,201,6,0
rishi,rishi.txt,2309,2,6,3.713296,8574,0,0,37,797,1272,197,6,0
thawt,thawt.txt,2309,2,6,3.713296,8574,0,0,48,794,1247,212,8,0
toddy,toddy.txt,2309,1,6,3.713296,8574,1,1,41,774,1302,185,6,0
aspis,aspis.txt,2309,2,6,3.713729,8575,0,0,43,791,1268,198,9,0
basij,basij.txt,2309,2,6,3.713729,8575,0,0,32,795,1290,186,6,0
civil,civil.txt,2309,1,6,3.713729,8575,1,1,49,775,1276,201,7,0
deled,deled.txt,2309,2,6,3.713729,8575,0,0,40,793,1268,204,4,0
exuls,exuls.txt,2309,2,6,3.713729,8575,0,0,41,792,1277,185,14,0
felix,felix.txt,2309,2,6,3.713729,8575,0,0,52,768,1285,197,7,0
gurry,gurry.txt,2309,2,6,3.713729,8575,0,0,47,767,1301,188,6,0
karri,karri.txt,2309,2,6,3.713729,8575,0,0,34,793,1288,188,6,0
meves,meves.txt,2309,2,6,3.713729,8575,0,0,38,789,1288,184,10,0
nioza,nioza.txt,2309,2,6,3.713729,8575,0,0,48,798,1242,209,12,0
numen,numen.txt,2309,2,6,3.713729,8575,0,0,37,794,1280,189,9,0
nylon,nylon.txt,2309,1,6,3.713729,8575,1,1,36,783,1298,185,6,0
paddo,paddo.txt,2309,2,6,3.713729,8575,0,0,40,794,1271,195,9,0
puzta,puzta.txt,2309,2,6,3.713729,8575,0,0,38,810,1243,211,7,0
reeky,reeky.txt,2309,2,6,3.713729,8575,0,0,37,792,1281,193,6,0
sysop,sysop.txt,2309,2,6,3.713729,8575,0,0,42,789,1273,198,7,0
vatje,vatje.txt,2309,2,6,3.713729,8575,0,0,39,761,1333,174,2,0
animi,animi.txt,2309,2,6,3.714162,8576,0,0,42,800,1253,204,10,0
bayas,bayas.txt,2309,2,6,3.714162,8576,0,0,42,767,1314,181,5,0
fucks,fucks.txt,2309,2,6,3.714162,8576,0,0,41,765,1321,177,5,0
jings,jings.txt,2309,2,6,3.714162,8576,0,0,36,774,1320,172,7,0
jirga,jirga.txt,2309,2,6,3.714162,8576,0,0,45,782,1276,200,6,0
qibla,qibla.txt,2309,2,6,3.714162,8576,0,0,41,777,1299,185,7,0
quash,quash.txt,2309,1,6,3.714162,8576,1,1,33,815,1246,204,10,0
refry,refry.txt,2309,2,6,3.714162,8576,0,0,46,761,1317,177,8,0
sammy,sammy.txt,2309,2,6,3.714162,8576,0,0,43,769,1308,183,6,0
shims,shims.txt,2309,2,6,3.714162,8576,0,0,49,790,1250,212,8,0
staws,staws.txt,2309,2,6,3.714162,8576,0,0,35,790,1290,188,6,0
winns,winns.txt,2309,2,6,3.714162,8576,0,0,37,784,1298,182,8,0
zaidy,zaidy.txt,2309,2,6,3.714162,8576,0,0,37,777,1312,175,8,0
agoge,agoge.txt,2309,2,6,3.714595,8577,0,0,38,775,1310,180,6,0
dauds,dauds.txt,2309,2,6,3.714595,8577,0,0,40,777,1303,180,9,0
fulls,fulls.txt,2309,2,6,3.714595,8577,0,0,38,783,1290,196,2,0
midis,midis.txt,2309,2,6,3.714595,8577,0,0,41,771,1306,188,3,0
missy,missy.txt,2309,1,6,3.714595,8577,1,1,45,766,1305,184,8,0
oboli,oboli.txt,2309,2,6,3.714595,8577,0,0,42,771,1306,184,6,0
quoit,quoit.txt,2309,2,6,3.714595,8577,0,0,36,826,1219,217,11,0
sikes,sikes.txt,2309,2,6,3.714595,8577,0,0,32,796,1284,193,4,0
snees,snees.txt,2309,2,6,3.714595,8577,0,0,33,805,1263,204,4,0
allan,allan.txt,2309,2,6,3.715028,8578,0,0,42,796,1255,210,6,0
beefs,beefs.txt,2309,2,6,3.715028,8578,0,0,36,799,1270,195,9,0
bibes,bibes.txt,2309,2,6,3.715028,8578,0,0,43,772,1298,192,4,0
burry,burry.txt,2309,2,6,3.715028,8578,0,0,49,755,1319,177,9,0
druxy,druxy.txt,2309,2,6,3.715028,8578,0,0,36,786,1297,180,10,0
faded,faded.txt,2309,2,6,3.715028,8578,0,0,40,755,1340,171,3,0
fazed,fazed.txt,2309,2,6,3.715028,8578,0,0,42,748,1347,170,2,0
folly,folly.txt,2309,1,6,3.715028,8578,1,1,50,760,1298,195,5,0
gasps,gasps.txt,2309,2,6,3.715028,8578,0,0,40,774,1308,178,9,0
gowks,gowks.txt,2309,2,6,3.715028,8578,0,0,29,790,1305,180,5,0
kalam,kalam.txt,2309,2,6,3.715028,8578,0,0,49,781,1266,205,8,0
knell,knell.txt,2309,2,6,3.715028,8578,0,0,38,794,1272,198,7,0
noove,noove.txt,2309,2,6,3.715028,8578,0,0,49,778,1277,192,13,0
snebs,snebs.txt,2309,2,6,3.715028,8578,0,0,26,821,1255,199,8,0
tawai,tawai.txt,2309,2,6,3.715028,8578,0,0,39,773,1310,181,6,0
tipup,tipup.txt,2309,2,6,3.715028,8578,0,0,45,766,1304,190,4,0
uncut,uncut.txt,2309,1,6,3.715028,8578,1,1,41,781,1285,194,7,0
wists,wists.txt,2309,2,6,3.715028,8578,0,0,44,747,1345,169,4,0
worry,worry.txt,2309,1,6,3.715028,8578,1,1,48,750,1328,173,9,0
bacco,bacco.txt,2309,2,6,3.715461,8579,0,0,48,779,1277,192,13,0
bajri,bajri.txt,2309,2,6,3.715461,8579,0,0,35,785,1296,188,5,0
booms,booms.txt,2309,2,6,3.715461,8579,0,0,48,767,1296,190,8,0
dwell,dwell.txt,2309,1,6,3.715461,8579,1,1,48,770,1283,202,5,0
eyass,eyass.txt,2309,2,6,3.715461,8579,0,0,39,799,1262,198,11,0
fehme,fehme.txt,2309,2,6,3.715461,8579,0,0,36,781,1300,188,4,0
foods,foods.txt,2309,2,6,3.715461,8579,0,0,41,765,1319,178,6,0
fykes,fykes.txt,2309,2,6,3.715461,8579,0,0,29,775,1335,164,6,0
ixora,ixora.txt,2309,2,6,3.715461,8579,0,0,54,787,1240,218,10,0
laddu,laddu.txt,2309,2,6,3.715461,8579,0,0,37,784,1290,195,3,0
pavan,pavan.txt,2309,2,6,3.715461,8579,0,0,46,793,1247,218,5,0
quies,quies.txt,2309,2,6,3.715461,8579,0,0,38,804,1254,203,10,0
refix,refix.txt,2309,2,6,3.715461,8579,0,0,48,774,1282,197,8,0
riggs,riggs.txt,2309,2,6,3.715461,8579,0,0,38,789,1283,190,9,0
sippy,sippy.txt,2309,2,6,3.715461,8579,0,0,48,771,1287,196,7,0
tammy,tammy.txt,2309,2,6,3.715461,8579,0,0,48,749,1330,176,6,0
tavah,tavah.txt,2309,2,6,3.715461,8579,0,0,38,790,1278,197,6,0
tratt,tratt.txt,2309,2,6,3.715461,8579,0,0,34,795,1280,194,6,0
zings,zings.txt,2309,2,6,3.715461,8579,0,0,33,789,1298,180,9,0
avian,avian.txt,2309,1,6,3.715894,8580,1,1,53,773,1264,210,8,0
chica,chica.txt,2309,2,6,3.715894,8580,0,0,48,807,1217,227,10,0
jambe,jambe.txt,2309,2,6,3.715894,8580,0,0,40,761,1330,171,7,0
malwa,malwa.txt,2309,2,6,3.715894,8580,0,0,41,778,1293,190,7,0
mucky,mucky.txt,2309,1,6,3.715894,8580,1,1,44,767,1304,184,9,0
penne,penne.txt,2309,1,6,3.715894,8580,1,1,33,809,1251,208,7,0
pyxie,pyxie.txt,2309,2,6,3.715894,8580,0,0,39,766,1320,180,4,0
scyes,scyes.txt,2309,2,6,3.715894,8580,0,0,32,781,1315,173,8,0
skies,skies.txt,2309,2,6,3.715894,8580,0,0,33,794,1282,196,4,0
sypes,sypes.txt,2309,2,6,3.715894,8580,0,0,38,778,1303,182,8,0
ashes,ashes.txt,2309,2,6,3.716327,8581,0,0,37,765,1331,168,8,0
banjo,banjo.txt,2309,1,6,3.716327,8581,1,1,37,773,1307,187,4,0
bonza,bonza.txt,2309,2,6,3.716327,8581,0,0,44,778,1283,197,7,0
comic,comic.txt,2309,1,6,3.716327,8581,1,1,41,777,1290,193,7,0
convo,convo.txt,2309,2,6,3.716327,8581,0,0,45,767,1299,194,4,0
gauge,gauge.txt,2309,1,6,3.716327,8581,1,1,51,767,1282,199,9,0
gayly,gayly.txt,2309,1,6,3.716327,8581,1,1,36,778,1302,186,6,0
joyed,joyed.txt,2309,2,6,3.716327,8581,0,0,37,752,1355,159,6,0
keeps,keeps.txt,2309,2,6,3.716327,8581,0,0,41,792,1266,201,9,0
mazey,mazey.txt,2309,2,6,3.716327,8581,0,0,46,755,1319,186,3,0
pawky,pawky.txt,2309,2,6,3.716327,8581,0,0,39,775,1302,188,5,0
sabzi,sabzi.txt,2309,2,6,3.716327,8581,0,0,41,768,1311,183,6,0
sakai,sakai.txt,2309,2,6,3.716327,8581,0,0,38,781,1296,186,8,0
sekts,sekts.txt,2309,2,6,3.716327,8581,0,0,22,815,1274,192,6,0
slews,slews.txt,2309,2,6,3.716327,8581,0,0,33,794,1283,193,6,0
soaks,soaks.txt,2309,2,6,3.716327,8581,0,0,35,805,1256,206,7,0
teggs,teggs.txt,2309,2,6,3.716327,8581,0,0,34,784,1295,195,1,0
womby,womby.txt,2309,2,6,3.716327,8581,0,0,39,770,1310,187,3,0
yucks,yucks.txt,2309,2,6,3.716327,8581,0,0,37,768,1323,175,6,0
abura,abura.txt,2309,2,6,3.716761,8582,0,0,45,771,1296,187,10,0
adyta,adyta.txt,2309,2,6,3.716761,8582,0,0,44,757,1327,171,10,0
diazo,diazo.txt,2309,2,6,3.716761,8582,0,0,42,788,1267,206,6,0
dreed,dreed.txt,2309,2,6,3.716761,8582,0,0,42,803,1241,213,10,0
emeus,emeus.txt,2309,2,6,3.716761,8582,0,0,49,768,1295,182,15,0
genny,genny.txt,2309,2,6,3.716761,8582,0,0,43,780,1286,188,12,0
messy,messy.txt,2309,2,6,3.716761,8582,0,0,41,794,1264,198,12,0
smaak,smaak.txt,2309,2,6,3.716761,8582,0,0,47,785,1264,201,12,0
sofas,sofas.txt,2309,2,6,3.716761,8582,0,0,41,787,1271,205,5,0
wadas,wadas.txt,2309,2,6,3.716761,8582,0,0,38,779,1296,191,5,0
wooly,wooly.txt,2309,1,6,3.716761,8582,1,1,39,788,1271,205,5,0
yoops,yoops.txt,2309,2,6,3.716761,8582,0,0,38,774,1307,184,6,0
zupan,zupan.txt,2309,2,6,3.716761,8582,0,0,38,781,1295,187,8,0
ammon,ammon.txt,2309,2,6,3.717194,8583,0,0,48,781,1267,202,11,0
awari,awari.txt,2309,2,6,3.717194,8583,0,0,41,780,1287,193,8,0
desse,desse.txt,2309,2,6,3.717194,8583,0,0,34,793,1284,188,10,0
emyde,emyde.txt,2309,2,6,3.717194,8583,0,0,35,760,1345,161,8,0
fjord,fjord.txt,2309,1,6,3.717194,8583,1,1,33,772,1322,174,7,0
imari,imari.txt,2309,2,6,3.717194,8583,0,0,44,762,1313,183,7,0
karai,karai.txt,2309,2,6,3.717194,8583,0,0,39,793,1268,200,9,0
mutti,mutti.txt,2309,2,6,3.717194,8583,0,0,48,793,1242,216,10,0
poaka,poaka.txt,2309,2,6,3.717194,8583,0,0,47,778,1274,201,9,0
qualy,qualy.txt,2309,2,6,3.717194,8583,0,0,33,789,1289,194,4,0
skivy,skivy.txt,2309,2,6,3.717194,8583,0,0,38,776,1302,187,6,0
soddy,soddy.txt,2309,2,6,3.717194,8583,0,0,39,788,1280,191,11,0
teddy,teddy.txt,2309,1,6,3.717194,8583,1,1,40,757,1330,175,6,0
thete,thete.txt,2309,2,6,3.717194,8583,0,0,48,783,1258,214,6,0
toppy,toppy.txt,2309,2,6,3.717194,8583,0,0,45,766,1300,193,5,0
tyiyn,tyiyn.txt,2309,2,6,3.717194,8583,0,0,25,795,1303,180,6,0
yopos,yopos.txt,2309,2,6,3.717194,8583,0,0,37,777,1303,186,6,0
aidoi,aidoi.txt,2309,2,6,3.717627,8584,0,0,42,797,1250,211,9,0
buded,buded.txt,2309,2,6,3.717627,8584,0,0,51,767,1279,207,5,0
buses,buses.txt,2309,2,6,3.717627,8584,0,0,49,770,1283,198,9,0
cocus,cocus.txt,2309,2,6,3.717627,8584,0,0,36,808,1248,206,11,0
cooks,cooks.txt,2309,2,6,3.717627,8584,0,0,39,788,1275,200,7,0
lemel,lemel.txt,2309,2,6,3.717627,8584,0,0,43,790,1266,196,14,0
marka,marka.txt,2309,2,6,3.717627,8584,0,0,55,751,1301,195,7,0
muxes,muxes.txt,2309,2,6,3.717627,8584,0,0,42,771,1301,187,8,0
nisus,nisus.txt,2309,2,6,3.717627,8584,0,0,38,768,1318,178,7,0
rudds,rudds.txt,2309,2,6,3.717627,8584,0,0,40,780,1291,188,10,0
saves,saves.txt,2309,2,6,3.717627,8584,0,0,39,777,1297,189,7,0
squad,squad.txt,2309,1,6,3.717627,8584,1,1,31,780,1313,175,9,0
vifda,vifda.txt,2309,2,6,3.717627,8584,0,0,42,769,1300,195,3,0
wests,wests.txt,2309,2,6,3.717627,8584,0,0,39,782,1290,188,10,0
woxen,woxen.txt,2309,2,6,3.717627,8584,0,0,50,765,1289,197,8,0
aiyah,aiyah.txt,2309,2,6,3.71806,8585,0,0,34,815,1236,216,8,0
calla,calla.txt,2309,2,6,3.71806,8585,0,0,40,782,1281,201,5,0
evens,evens.txt,2309,2,6,3.71806,8585,0,0,36,778,1299,193,3,0
finis,finis.txt,2309,2,6,3.71806,8585,0,0,39,769,1314,178,9,0
fixed,fixed.txt,2309,2,6,3.71806,8585,0,0,45,753,1324,182,5,0
jumar,jumar.txt,2309,2,6,3.71806,8585,0,0,47,770,1284,203,5,0
laggy,laggy.txt,2309,2,6,3.71806,8585,0,0,43,766,1304,191,5,0
liwaa,liwaa.txt,2309,2,6,3.71806,8585,0,0,32,790,1293,185,9,0
mossy,mossy.txt,2309,1,6,3.71806,8585,1,1,39,774,1298,190,7,0
paspy,paspy.txt,2309,2,6,3.71806,8585,0,0,50,749,1316,190,4,0
rewax,rewax.txt,2309,2,6,3.71806,8585,0,0,37,776,1304,185,7,0
rezes,rezes.txt,2309,2,6,3.71806,8585,0,0,34,784,1299,183,9,0
syncs,syncs.txt,2309,2,6,3.71806,8585,0,0,34,785,1298,182,10,0
veery,veery.txt,2309,2,6,3.71806,8585,0,0,41,772,1302,185,9,0
wheep,wheep.txt,2309,2,6,3.71806,8585,0,0,46,795,1237,226,5,0
amici,amici.txt,2309,2,6,3.718493,8586,0,0,44,783,1269,205,8,0
atigi,atigi.txt,2309,2,6,3.718493,8586,0,0,45,787,1257,213,7,0
bonny,bonny.txt,2309,2,6,3.718493,8586,0,0,42,770,1300,190,7,0
combo,combo.txt,2309,2,6,3.718493,8586,0,0,47,757,1310,189,6,0
fanga,fanga.txt,2309,2,6,3.718493,8586,0,0,49,766,1287,200,7,0
gajos,gajos.txt,2309,2,6,3.718493,8586,0,0,38,764,1323,178,6,0
gunge,gunge.txt,2309,2,6,3.718493,8586,0,0,49,779,1267,201,13,0
iodic,iodic.txt,2309,2,6,3.718493,8586,0,0,40,769,1304,193,3,0
nomoi,nomoi.txt,2309,2,6,3.718493,8586,0,0,48,774,1279,196,12,0
nooks,nooks.txt,2309,2,6,3.718493,8586,0,0,30,786,1302,186,5,0
socko,socko.txt,2309,2,6,3.718493,8586,0,0,37,792,1271,202,7,0
vagal,vagal.txt,2309,2,6,3.718493,8586,0,0,54,760,1285,202,8,0
vezir,vezir.txt,2309,2,6,3.718493,8586,0,0,50,763,1288,203,5,0
bidis,bidis.txt,2309,2,6,3.718926,8587,0,0,40,763,1315,188,3,0
bongo,bongo.txt,2309,1,6,3.718926,8587,1,1,51,758,1290,204,5,0
boohs,boohs.txt,2309,2,6,3.718926,8587,0,0,47,773,1279,202,8,0
bosom,bosom.txt,2309,1,6,3.718926,8587,1,1,43,776,1281,200,8,0
doyly,doyly.txt,2309,2,6,3.718926,8587,0,0,43,761,1316,180,9,0
duomo,duomo.txt,2309,2,6,3.718926,8587,0,0,44,781,1275,198,11,0
faxes,faxes.txt,2309,2,6,3.718926,8587,0,0,38,768,1313,185,5,0
fazes,fazes.txt,2309,2,6,3.718926,8587,0,0,38,763,1323,180,5,0
foxed,foxed.txt,2309,2,6,3.718926,8587,0,0,38,768,1314,183,6,0
foxie,foxie.txt,2309,2,6,3.718926,8587,0,0,48,751,1318,186,6,0
gusts,gusts.txt,2309,2,6,3.718926,8587,0,0,39,784,1280,199,7,0
hogos,hogos.txt,2309,2,6,3.718926,8587,0,0,40,802,1241,219,7,0
loppy,loppy.txt,2309,2,6,3.718926,8587,0,0,47,747,1328,182,5,0
ojime,ojime.txt,2309,2,6,3.718926,8587,0,0,40,791,1268,198,12,0
oxime,oxime.txt,2309,2,6,3.718926,8587,0,0,46,772,1288,191,12,0
peple,peple.txt,2309,2,6,3.718926,8587,0,0,45,777,1280,196,11,0
piccy,piccy.txt,2309,2,6,3.718926,8587,0,0,40,777,1290,196,6,0
skins,skins.txt,2309,2,6,3.718926,8587,0,0,27,807,1270,198,7,0
snows,snows.txt,2309,2,6,3.718926,8587,0,0,36,786,1286,193,8,0
soums,soums.txt,2309,2,6,3.718926,8587,0,0,39,798,1255,207,10,0
stums,stums.txt,2309,2,6,3.718926,8587,0,0,43,762,1314,181,9,0
tippy,tippy.txt,2309,2,6,3.718926,8587,0,0,46,771,1281,208,3,0
tufts,tufts.txt,2309,2,6,3.718926,8587,0,0,42,774,1286,205,2,0
veges,veges.txt,2309,2,6,3.718926,8587,0,0,44,775,1280,206,4,0
alway,alway.txt,2309,2,6,3.719359,8588,0,0,37,774,1304,188,6,0
bunns,bunns.txt,2309,2,6,3.719359,8588,0,0,38,785,1278,203,5,0
coxib,coxib.txt,2309,2,6,3.719359,8588,0,0,40,761,1324,175,9,0
deevs,deevs.txt,2309,2,6,3.719359,8588,0,0,42,776,1286,198,7,0
going,going.txt,2309,1,6,3.719359,8588,1,1,44,784,1259,215,6,0
neese,neese.txt,2309,2,6,3.719359,8588,0,0,39,783,1279,203,5,0
punny,punny.txt,2309,2,6,3.719359,8588,0,0,44,761,1308,191,5,0
rexes,rexes.txt,2309,2,6,3.719359,8588,0,0,38,783,1285,195,8,0
wacky,wacky.txt,2309,1,6,3.719359,8588,1,1,37,758,1330,179,4,0
adays,adays.txt,2309,2,6,3.719792,8589,0,0,34,775,1307,190,3,0
azury,azury.txt,2309,2,6,3.719792,8589,0,0,35,770,1319,177,8,0
doomy,doomy.txt,2309,2,6,3.719792,8589,0,0,44,774,1287,193,11,0
dumky,dumky.txt,2309,2,6,3.719792,8589,0,0,45,754,1321,181,8,0
foxes,foxes.txt,2309,2,6,3.719792,8589,0,0,39,748,1347,171,4,0
funky,funky.txt,2309,1,6,3.719792,8589,1,1,40,757,1325,179,7,0
jamun,jamun.txt,2309,2,6,3.719792,8589,0,0,47,754,1310,195,3,0
kahal,kahal.txt,2309,2,6,3.719792,8589,0,0,37,777,1303,180,12,0
mohos,mohos.txt,2309,2,6,3.719792,8589,0,0,43,777,1285,192,12,0
nexus,nexus.txt,2309,2,6,3.719792,8589,0,0,38,764,1321,179,7,0
pinup,pinup.txt,2309,2,6,3.719792,8589,0,0,45,756,1315,187,6,0
skeef,skeef.txt,2309,2,6,3.719792,8589,0,0,36,783,1288,196,6,0
slubb,slubb.txt,2309,2,6,3.719792,8589,0,0,36,775,1305,186,7,0
theft,theft.txt,2309,1,6,3.719792,8589,1,1,46,788,1246,220,8,0
typto,typto.txt,2309,2,6,3.719792,8589,0,0,43,755,1322,184,5,0
wally,wally.txt,2309,2,6,3.719792,8589,0,0,47,758,1305,193,6,0
zinke,zinke.txt,2309,2,6,3.719792,8589,0,0,31,795,1282,192,9,0
babul,babul.txt,2309,2,6,3.720225,8590,0,0,47,752,1317,186,7,0
brook,brook.txt,2309,1,6,3.720225,8590,1,1,47,771,1277,204,9,0
enmew,enmew.txt,2309,2,6,3.720225,8590,0,0,45,753,1319,187,5,0
halwa,halwa.txt,2309,2,6,3.720225,8590,0,0,37,781,1290,193,8,0
jarks,jarks.txt,2309,2,6,3.720225,8590,0,0,35,739,1373,161,1,0
jugal,jugal.txt,2309,2,6,3.720225,8590,0,0,47,759,1301,197,5,0
mobos,mobos.txt,2309,2,6,3.720225,8590,0,0,46,768,1289,198,8,0
radar,radar.txt,2309,1,6,3.720225,8590,1,1,41,775,1285,200,7,0
rotto,rotto.txt,2309,2,6,3.720225,8590,0,0,54,760,1283,202,10,0
synds,synds.txt,2309,2,6,3.720225,8590,0,0,37,769,1312,185,6,0
uprun,uprun.txt,2309,2,6,3.720225,8590,0,0,46,772,1282,200,9,0
varda,varda.txt,2309,2,6,3.720225,8590,0,0,48,755,1307,193,6,0
boabs,boabs.txt,2309,2,6,3.720658,8591,0,0,50,749,1316,184,10,0
fixes,fixes.txt,2309,2,6,3.720658,8591,0,0,46,752,1315,193,3,0
gings,gings.txt,2309,2,6,3.720658,8591,0,0,40,773,1297,190,9,0
ginny,ginny.txt,2309,2,6,3.720658,8591,0,0,46,773,1277,206,7,0
hobos,hobos.txt,2309,2,6,3.720658,8591,0,0,45,774,1279,203,8,0
ilium,ilium.txt,2309,2,6,3.720658,8591,0,0,43,752,1330,175,9,0
jowls,jowls.txt,2309,2,6,3.720658,8591,0,0,30,763,1339,176,1,0
octic,octic.txt,2309,2,6,3.720658,8591,0,0,42,793,1252,212,10,0
peevo,peevo.txt,2309,2,6,3.720658,8591,0,0,44,776,1281,197,11,0
squeg,squeg.txt,2309,2,6,3.720658,8591,0,0,27,789,1302,184,7,0
vichy,vichy.txt,2309,2,6,3.720658,8591,0,0,38,765,1313,190,3,0
abbed,abbed.txt,2309,2,6,3.721091,8592,0,0,43,754,1318,192,2,0
ariki,ariki.txt,2309,2,6,3.721091,8592,0,0,32,783,1298,189,7,0
blebs,blebs.txt,2309,2,6,3.721091,8592,0,0,38,775,1295,195,6,0
chico,chico.txt,2309,2,6,3.721091,8592,0,0,48,800,1223,224,14,0
comma,comma.txt,2309,1,6,3.721091,8592,1,1,47,780,1257,215,9,0
cutup,cutup.txt,2309,2,6,3.721091,8592,0,0,44,773,1281,205,6,0
ferer,ferer.txt,2309,2,6,3.721091,8592,0,0,41,786,1269,202,11,0
kombi,kombi.txt,2309,2,6,3.721091,8592,0,0,39,761,1320,183,6,0
pawas,pawas.txt,2309,2,6,3.721091,8592,0,0,37,767,1312,189,4,0
poove,poove.txt,2309,2,6,3.721091,8592,0,0,45,772,1286,194,12,0
shays,shays.txt,2309,2,6,3.721091,8592,0,0,37,790,1269,206,7,0
shoji,shoji.txt,2309,2,6,3.721091,8592,0,0,33,789,1280,203,4,0
staff,staff.txt,2309,1,6,3.721091,8592,1,1,37,750,1349,161,11,0
visit,visit.txt,2309,1,6,3.721091,8592,1,1,33,786,1284,199,6,0
arars,arars.txt,2309,2,6,3.721524,8593,0,0,31,794,1279,197,8,0
bafta,bafta.txt,2309,2,6,3.721524,8593,0,0,43,752,1322,189,3,0
civie,civie.txt,2309,2,6,3.721524,8593,0,0,44,773,1282,202,8,0
forza,forza.txt,2309,2,6,3.721524,8593,0,0,47,746,1322,191,3,0
goopy,goopy.txt,2309,2,6,3.721524,8593,0,0,43,774,1285,197,10,0
jiver,jiver.txt,2309,2,6,3.721524,8593,0,0,46,770,1282,203,8,0
leggo,leggo.txt,2309,2,6,3.721524,8593,0,0,46,759,1301,198,5,0
medii,medii.txt,2309,2,6,3.721524,8593,0,0,43,771,1287,202,6,0
moobs,moobs.txt,2309,2,6,3.721524,8593,0,0,44,766,1296,195,8,0
nandu,nandu.txt,2309,2,6,3.721524,8593,0,0,34,779,1303,182,11,0
purau,purau.txt,2309,2,6,3.721524,8593,0,0,37,783,1285,194,10,0
snugs,snugs.txt,2309,2,6,3.721524,8593,0,0,36,794,1264,207,8,0
squid,squid.txt,2309,2,6,3.721524,8593,0,0,30,798,1274,199,8,0
touzy,touzy.txt,2309,2,6,3.721524,8593,0,0,36,772,1303,195,3,0
users,users.txt,2309,2,6,3.721524,8593,0,0,35,810,1236,219,9,0
zawns,zawns.txt,2309,2,6,3.721524,8593,0,0,29,772,1326,177,5,0
ayahs,ayahs.txt,2309,2,6,3.721958,8594,0,0,37,781,1288,193,10,0
benny,benny.txt,2309,2,6,3.721958,8594,0,0,41,773,1290,197,8,0
casks,casks.txt,2309,2,6,3.721958,8594,0,0,25,806,1271,200,7,0
cudda,cudda.txt,2309,2,6,3.721958,8594,0,0,41,762,1311,188,7,0
dweeb,dweeb.txt,2309,2,6,3.721958,8594,0,0,45,759,1300,203,2,0
fanny,fanny.txt,2309,1,6,3.721958,8594,1,1,40,754,1324,185,5,0
forgo,forgo.txt,2309,1,6,3.721958,8594,1,1,42,760,1309,189,8,0
leses,leses.txt,2309,2,6,3.721958,8594,0,0,40,777,1282,205,5,0
swoop,swoop.txt,2309,1,6,3.721958,8594,1,1,39,782,1273,207,7,0
vells,vells.txt,2309,2,6,3.721958,8594,0,0,41,770,1290,206,2,0
arras,arras.txt,2309,2,6,3.722391,8595,0,0,41,775,1285,200,8,0
azoic,azoic.txt,2309,2,6,3.722391,8595,0,0,40,786,1270,201,12,0
booay,booay.txt,2309,2,6,3.722391,8595,0,0,44,786,1260,205,14,0
felly,felly.txt,2309,2,6,3.722391,8595,0,0,50,760,1290,199,10,0
footy,footy.txt,2309,2,6,3.722391,8595,0,0,47,761,1297,194,10,0
gully,gully.txt,2309,1,6,3.722391,8595,1,1,50,748,1306,198,6,0
issue,issue.txt,2309,1,6,3.722391,8595,1,1,40,785,1266,207,10,0
jaker,jaker.txt,2309,2,6,3.722391,8595,0,0,31,771,1318,186,3,0
masus,masus.txt,2309,2,6,3.722391,8595,0,0,45,778,1270,205,11,0
najib,najib.txt,2309,2,6,3.722391,8595,0,0,31,779,1305,188,6,0
sabji,sabji.txt,2309,2,6,3.722391,8595,0,0,31,770,1322,181,5,0
saggy,saggy.txt,2309,2,6,3.722391,8595,0,0,36,764,1317,189,3,0
scogs,scogs.txt,2309,2,6,3.722391,8595,0,0,30,788,1295,185,11,0
stows,stows.txt,2309,2,6,3.722391,8595,0,0,34,773,1309,186,7,0
sumos,sumos.txt,2309,2,6,3.722391,8595,0,0,44,790,1249,215,11,0
abeam,abeam.txt,2309,2,6,3.722824,8596,0,0,48,750,1309,198,4,0
cabob,cabob.txt,2309,2,6,3.722824,8596,0,0,42,761,1314,179,13,0
caddy,caddy.txt,2309,1,6,3.722824,8596,1,1,37,760,1320,185,6,0
cobza,cobza.txt,2309,2,6,3.722824,8596,0,0,43,777,1274,207,8,0
cusps,cusps.txt,2309,2,6,3.722824,8596,0,0,46,769,1282,203,9,0
ennog,ennog.txt,2309,2,6,3.722824,8596,0,0,40,773,1290,199,7,0
igloo,igloo.txt,2309,1,6,3.722824,8596,1,1,42,760,1307,191,8,0
jupon,jupon.txt,2309,2,6,3.722824,8596,0,0,41,772,1287,204,5,0
kerve,kerve.txt,2309,2,6,3.722824,8596,0,0,46,765,1288,203,7,0
limma,limma.txt,2309,2,6,3.722824,8596,0,0,45,774,1273,210,7,0
lupus,lupus.txt,2309,1,6,3.722824,8596,1,1,37,771,1298,196,6,0
minny,minny.txt,2309,2,6,3.722824,8596,0,0,43,752,1321,188,5,0
narra,narra.txt,2309,2,6,3.722824,8596,0,0,42,761,1308,191,7,0
nizam,nizam.txt,2309,2,6,3.722824,8596,0,0,42,772,1286,202,7,0
nyssa,nyssa.txt,2309,2,6,3.722824,8596,0,0,40,771,1296,193,9,0
sacks,sacks.txt,2309,2,6,3.722824,8596,0,0,24,803,1278,197,7,0
steys,steys.txt,2309,2,6,3.722824,8596,0,0,30,793,1282,195,9,0
varve,varve.txt,2309,2,6,3.722824,8596,0,0,50,748,1316,182,13,0
wizen,wizen.txt,2309,2,6,3.722824,8596,0,0,39,774,1292,196,8,0
wowse,wowse.txt,2309,2,6,3.722824,8596,0,0,32,774,1313,182,8,0
aurum,aurum.txt,2309,2,6,3.723257,8597,0,0,46,762,1294,199,8,0
bindi,bindi.txt,2309,2,6,3.723257,8597,0,0,41,736,1357,171,4,0
busts,busts.txt,2309,2,6,3.723257,8597,0,0,49,750,1308,195,7,0
cynic,cynic.txt,2309,1,6,3.723257,8597,1,1,26,782,1311,180,9,0
dhaba,dhaba.txt,2309,2,6,3.723257,8597,0,0,35,778,1294,195,7,0
dsobo,dsobo.txt,2309,2,6,3.723257,8597,0,0,40,757,1319,188,5,0
ebike,ebike.txt,2309,2,6,3.723257,8597,0,0,39,759,1321,182,8,0
exams,exams.txt,2309,2,6,3.723257,8597,0,0,44,751,1323,182,9,0
feebs,feebs.txt,2309,2,6,3.723257,8597,0,0,37,780,1286,197,9,0
freer,freer.txt,2309,1,6,3.723257,8597,1,1,41,790,1251,216,10,0
hissy,hissy.txt,2309,2,6,3.723257,8597,0,0,43,781,1264,214,7,0
julia,julia.txt,2309,2,6,3.723257,8597,0,0,37,786,1278,195,13,0
peece,peece.txt,2309,2,6,3.723257,8597,0,0,40,788,1259,215,7,0
polyp,polyp.txt,2309,1,6,3.723257,8597,1,1,35,764,1317,186,6,0
roofy,roofy.txt,2309,2,6,3.723257,8597,0,0,37,756,1330,181,5,0
unaus,unaus.txt,2309,2,6,3.723257,8597,0,0,34,784,1288,193,10,0
vodka,vodka.txt,2309,1,6,3.723257,8597,1,1,43,771,1281,205,8,0
waxes,waxes.txt,2309,2,6,3.723257,8597,0,0,33,780,1297,191,8,0
yandy,yandy.txt,2309,2,6,3.723257,8597,0,0,33,765,1325,180,6,0
yojan,yojan.txt,2309,2,6,3.723257,8597,0,0,33,772,1312,185,7,0
augur,augur.txt,2309,1,6,3.72369,8598,1,1,40,772,1286,203,7,0
dunny,dunny.txt,2309,2,6,3.72369,8598,0,0,46,778,1267,204,14,0
fulla,fulla.txt,2309,2,6,3.72369,8598,0,0,41,780,1274,204,10,0
hevea,hevea.txt,2309,2,6,3.72369,8598,0,0,46,787,1248,215,13,0
hutch,hutch.txt,2309,1,6,3.72369,8598,1,1,44,769,1282,204,9,0
koses,koses.txt,2309,2,6,3.72369,8598,0,0,37,785,1277,199,11,0
poofs,poofs.txt,2309,2,6,3.72369,8598,0,0,39,766,1302,198,4,0
takht,takht.txt,2309,2,6,3.72369,8598,0,0,37,786,1269,212,5,0
valli,valli.txt,2309,2,6,3.72369,8598,0,0,42,782,1265,212,8,0
wises,wises.txt,2309,2,6,3.72369,8598,0,0,38,782,1277,204,8,0
erses,erses.txt,2309,2,6,3.724123,8599,0,0,34,782,1290,193,10,0
exile,exile.txt,2309,1,6,3.724123,8599,1,1,40,765,1297,201,5,0
gamay,gamay.txt,2309,2,6,3.724123,8599,0,0,46,761,1294,200,8,0
gobos,gobos.txt,2309,2,6,3.724123,8599,0,0,41,761,1309,190,8,0
gonof,gonof.txt,2309,2,6,3.724123,8599,0,0,44,753,1316,188,8,0
lippy,lippy.txt,2309,2,6,3.724123,8599,0,0,45,747,1321,192,4,0
melee,melee.txt,2309,1,6,3.724123,8599,1,1,34,793,1266,203,12,0
quoth,quoth.txt,2309,1,6,3.724123,8599,1,1,33,791,1266,213,5,0
sedes,sedes.txt,2309,2,6,3.724123,8599,0,0,32,778,1303,187,9,0
shogs,shogs.txt,2309,2,6,3.724123,8599,0,0,38,801,1241,218,11,0
subas,subas.txt,2309,2,6,3.724123,8599,0,0,49,770,1268,213,9,0
yabas,yabas.txt,2309,2,6,3.724123,8599,0,0,38,756,1326,183,6,0
abbes,abbes.txt,2309,2,6,3.724556,8600,0,0,38,742,1349,178,2,0
bocca,bocca.txt,2309,2,6,3.724556,8600,0,0,43,793,1241,221,11,0
couch,couch.txt,2309,1,6,3.724556,8600,1,1,48,797,1220,226,17,0
guess,guess.txt,2309,1,6,3.724556,8600,1,1,43,786,1251,217,11,0
hesps,hesps.txt,2309,2,6,3.724556,8600,0,0,44,759,1300,201,5,0
hully,hully.txt,2309,2,6,3.724556,8600,0,0,42,774,1284,196,13,0
kedge,kedge.txt,2309,2,6,3.724556,8600,0,0,40,771,1291,199,8,0
paddy,paddy.txt,2309,1,6,3.724556,8600,1,1,36,769,1302,194,7,0
parra,parra.txt,2309,2,6,3.724556,8600,0,0,51,745,1309,197,7,0
poohy,poohy.txt,2309,2,6,3.724556,8600,0,0,42,777,1280,195,15,0
rammy,rammy.txt,2309,2,6,3.724556,8600,0,0,46,744,1327,184,8,0
skank,skank.txt,2309,2,6,3.724556,8600,0,0,33,782,1286,204,4,0
surfs,surfs.txt,2309,2,6,3.724556,8600,0,0,39,774,1287,202,7,0
waxed,waxed.txt,2309,2,6,3.724556,8600,0,0,42,742,1341,178,6,0
blook,blook.txt,2309,2,6,3.724989,8601,0,0,45,770,1276,211,7,0
geeks,geeks.txt,2309,2,6,3.724989,8601,0,0,34,793,1265,208,9,0
jorum,jorum.txt,2309,2,6,3.724989,8601,0,0,44,754,1314,187,10,0
kists,kists.txt,2309,2,6,3.724989,8601,0,0,33,763,1325,182,6,0
makan,makan.txt,2309,2,6,3.724989,8601,0,0,44,778,1269,205,13,0
oxeas,oxeas.txt,2309,2,6,3.724989,8601,0,0,37,770,1300,195,7,0
peaze,peaze.txt,2309,2,6,3.724989,8601,0,0,45,768,1283,203,10,0
quila,quila.txt,2309,2,6,3.724989,8601,0,0,38,783,1278,196,14,0
risks,risks.txt,2309,2,6,3.724989,8601,0,0,38,771,1295,198,7,0
spoof,spoof.txt,2309,1,6,3.724989,8601,1,1,34,769,1303,199,3,0
unput,unput.txt,2309,2,6,3.724989,8601,0,0,40,764,1300,201,4,0
whata,whata.txt,2309,2,6,3.724989,8601,0,0,50,750,1302,199,8,0
yeven,yeven.txt,2309,2,6,3.724989,8601,0,0,48,748,1313,191,9,0
abuna,abuna.txt,2309,2,6,3.725422,8602,0,0,40,787,1266,199,17,0
aggro,aggro.txt,2309,2,6,3.725422,8602,0,0,38,777,1280,209,5,0
aging,aging.txt,2309,1,6,3.725422,8602,1,1,36,786,1271,203,12,0
aguna,aguna.txt,2309,2,6,3.725422,8602,0,0,41,773,1286,197,12,0
benji,benji.txt,2309,2,6,3.725422,8602,0,0,36,747,1347,173,6,0
cyclo,cyclo.txt,2309,2,6,3.725422,8602,0,0,38,756,1323,186,6,0
evets,evets.txt,2309,2,6,3.725422,8602,0,0,40,773,1283,207,6,0
flaxy,flaxy.txt,2309,2,6,3.725422,8602,0,0,39,751,1332,179,8,0
hinny,hinny.txt,2309,2,6,3.725422,8602,0,0,45,766,1286,202,10,0
inwit,inwit.txt,2309,2,6,3.725422,8602,0,0,38,762,1312,190,7,0
javel,javel.txt,2309,2,6,3.725422,8602,0,0,42,741,1341,179,6,0
jehad,jehad.txt,2309,2,6,3.725422,8602,0,0,35,773,1302,189,10,0
karma,karma.txt,2309,1,6,3.725422,8602,1,1,45,752,1307,197,7,0
mindi,mindi.txt,2309,2,6,3.725422,8602,0,0,42,738,1348,174,7,0
peize,peize.txt,2309,2,6,3.725422,8602,0,0,37,784,1276,200,12,0
ptype,ptype.txt,2309,2,6,3.725422,8602,0,0,34,764,1318,188,5,0
sotto,sotto.txt,2309,2,6,3.725422,8602,0,0,41,765,1298,197,8,0
thuja,thuja.txt,2309,2,6,3.725422,8602,0,0,41,775,1277,209,7,0
usens,usens.txt,2309,2,6,3.725422,8602,0,0,38,779,1278,207,7,0
yesty,yesty.txt,2309,2,6,3.725422,8602,0,0,31,762,1332,178,6,0
azyme,azyme.txt,2309,2,6,3.725855,8603,0,0,40,731,1366,166,6,0
bacha,bacha.txt,2309,2,6,3.725855,8603,0,0,38,764,1303,201,3,0
idyll,idyll.txt,2309,1,6,3.725855,8603,1,1,43,732,1349,180,4,0
jaups,jaups.txt,2309,2,6,3.725855,8603,0,0,32,790,1272,209,6,0
jawns,jawns.txt,2309,2,6,3.725855,8603,0,0,30,762,1331,183,3,0
quean,quean.txt,2309,2,6,3.725855,8603,0,0,33,796,1260,211,9,0
reiki,reiki.txt,2309,2,6,3.725855,8603,0,0,32,794,1268,205,10,0
toots,toots.txt,2309,2,6,3.725855,8603,0,0,47,762,1285,207,8,0
wawls,wawls.txt,2309,2,6,3.725855,8603,0,0,23,780,1318,183,5,0
amiga,amiga.txt,2309,2,6,3.726288,8604,0,0,53,762,1269,214,11,0
bossy,bossy.txt,2309,1,6,3.726288,8604,1,1,39,763,1303,194,9,0
filly,filly.txt,2309,1,6,3.726288,8604,1,1,50,740,1316,193,9,0
ginzo,ginzo.txt,2309,2,6,3.726288,8604,0,0,46,767,1275,215,6,0
glugs,glugs.txt,2309,2,6,3.726288,8604,0,0,40,756,1314,194,5,0
gojis,gojis.txt,2309,2,6,3.726288,8604,0,0,33,768,1314,186,8,0
ippon,ippon.txt,2309,2,6,3.726288,8604,0,0,42,771,1282,205,9,0
kapas,kapas.txt,2309,2,6,3.726288,8604,0,0,37,762,1313,190,7,0
moody,moody.txt,2309,1,6,3.726288,8604,1,1,36,778,1284,199,11,0
raggy,raggy.txt,2309,2,6,3.726288,8604,0,0,38,745,1344,175,7,0
sexed,sexed.txt,2309,2,6,3.726288,8604,0,0,36,768,1304,194,7,0
sudsy,sudsy.txt,2309,2,6,3.726288,8604,0,0,41,770,1283,210,5,0
tikis,tikis.txt,2309,2,6,3.726288,8604,0,0,27,784,1298,194,6,0
vanda,vanda.txt,2309,2,6,3.726288,8604,0,0,41,761,1303,197,7,0
woods,woods.txt,2309,2,6,3.726288,8604,0,0,45,753,1307,197,7,0
woosh,woosh.txt,2309,2,6,3.726288,8604,0,0,46,798,1219,234,12,0
adobo,adobo.txt,2309,2,6,3.726722,8605,0,0,52,750,1290,211,6,0
azido,azido.txt,2309,2,6,3.726722,8605,0,0,40,779,1272,208,10,0
blurb,blurb.txt,2309,1,6,3.726722,8605,1,1,41,754,1310,198,5,0
booai,booai.txt,2309,2,6,3.726722,8605,0,0,41,778,1272,207,11,0
cohog,cohog.txt,2309,2,6,3.726722,8605,0,0,41,766,1293,201,8,0
coppy,coppy.txt,2309,2,6,3.726722,8605,0,0,40,748,1332,181,8,0
donko,donko.txt,2309,2,6,3.726722,8605,0,0,38,755,1322,188,6,0
equal,equal.txt,2309,1,6,3.726722,8605,1,1,36,777,1286,197,12,0
fiscs,fiscs.txt,2309,2,6,3.726722,8605,0,0,36,763,1314,188,8,0
gulag,gulag.txt,2309,2,6,3.726722,8605,0,0,45,760,1293,203,8,0
henny,henny.txt,2309,2,6,3.726722,8605,0,0,47,768,1274,209,11,0
jowar,jowar.txt,2309,2,6,3.726722,8605,0,0,35,769,1301,200,4,0
lichi,lichi.txt,2309,2,6,3.726722,8605,0,0,38,758,1315,193,5,0
mamey,mamey.txt,2309,2,6,3.726722,8605,0,0,46,744,1318,197,4,0
oribi,oribi.txt,2309,2,6,3.726722,8605,0,0,32,770,1310,191,6,0
paska,paska.txt,2309,2,6,3.726722,8605,0,0,46,763,1283,210,7,0
qubit,qubit.txt,2309,2,6,3.726722,8605,0,0,47,758,1291,205,8,0
snubs,snubs.txt,2309,2,6,3.726722,8605,0,0,34,792,1260,217,6,0
spook,spook.txt,2309,1,6,3.726722,8605,1,1,36,790,1254,222,6,0
swads,swads.txt,2309,2,6,3.726722,8605,0,0,38,756,1319,191,5,0
yampa,yampa.txt,2309,2,6,3.726722,8605,0,0,40,759,1311,190,9,0
agmas,agmas.txt,2309,2,6,3.727155,8606,0,0,50,752,1291,210,6,0
ejido,ejido.txt,2309,2,6,3.727155,8606,0,0,35,782,1282,198,12,0
euked,euked.txt,2309,2,6,3.727155,8606,0,0,34,789,1268,209,9,0
fossa,fossa.txt,2309,2,6,3.727155,8606,0,0,40,774,1277,212,6,0
fytte,fytte.txt,2309,2,6,3.727155,8606,0,0,42,738,1344,178,7,0
keech,keech.txt,2309,2,6,3.727155,8606,0,0,39,803,1225,233,9,0
noggs,noggs.txt,2309,2,6,3.727155,8606,0,0,34,755,1332,183,5,0
oxids,oxids.txt,2309,2,6,3.727155,8606,0,0,37,757,1321,187,7,0
pussy,pussy.txt,2309,2,6,3.727155,8606,0,0,46,777,1255,223,8,0
sakis,sakis.txt,2309,2,6,3.727155,8606,0,0,32,777,1297,195,8,0
scaws,scaws.txt,2309,2,6,3.727155,8606,0,0,34,777,1289,203,6,0
sniff,sniff.txt,2309,1,6,3.727155,8606,1,1,33,747,1349,172,7,0
tepee,tepee.txt,2309,1,6,3.727155,8606,1,1,39,772,1282,207,8,0
thigh,thigh.txt,2309,1,6,3.727155,8606,1,1,38,762,1305,195,8,0
titir,titir.txt,2309,2,6,3.727155,8606,0,0,41,780,1262,220,6,0
typey,typey.txt,2309,2,6,3.727155,8606,0,0,36,754,1328,186,5,0
zerks,zerks.txt,2309,2,6,3.727155,8606,0,0,27,788,1289,198,7,0
ginga,ginga.txt,2309,2,6,3.727588,8607,0,0,48,765,1274,212,10,0
havan,havan.txt,2309,2,6,3.727588,8607,0,0,44,752,1308,199,6,0
ingan,ingan.txt,2309,2,6,3.727588,8607,0,0,48,761,1280,212,8,0
kerry,kerry.txt,2309,2,6,3.727588,8607,0,0,37,759,1316,190,7,0
likin,likin.txt,2309,2,6,3.727588,8607,0,0,33,772,1300,199,5,0
mimsy,mimsy.txt,2309,2,6,3.727588,8607,0,0,44,750,1314,193,8,0
vacas,vacas.txt,2309,2,6,3.727588,8607,0,0,35,771,1297,200,6,0
wolly,wolly.txt,2309,2,6,3.727588,8607,0,0,45,752,1302,207,3,0
butty,butty.txt,2309,2,6,3.728021,8608,0,0,45,743,1326,185,10,0
dooks,dooks.txt,2309,2,6,3.728021,8608,0,0,35,766,1304,200,4,0
gigue,gigue.txt,2309,2,6,3.728021,8608,0,0,42,756,1309,192,10,0
joker,joker.txt,2309,1,6,3.728021,8608,1,1,32,769,1305,196,6,0
memic,memic.txt,2309,2,6,3.728021,8608,0,0,45,757,1297,201,9,0
nenes,nenes.txt,2309,2,6,3.728021,8608,0,0,36,770,1295,202,6,0
pimps,pimps.txt,2309,2,6,3.728021,8608,0,0,39,764,1301,196,9,0
skrik,skrik.txt,2309,2,6,3.728021,8608,0,0,30,781,1293,197,8,0
stiff,stiff.txt,2309,1,6,3.728021,8608,1,1,40,736,1345,183,4,0
texes,texes.txt,2309,2,6,3.728021,8608,0,0,38,763,1302,201,5,0
toffs,toffs.txt,2309,2,6,3.728021,8608,0,0,39,727,1370,169,4,0
valve,valve.txt,2309,1,6,3.728021,8608,1,1,45,738,1333,181,11,0
voxel,voxel.txt,2309,2,6,3.728021,8608,0,0,54,744,1295,208,8,0
waded,waded.txt,2309,2,6,3.728021,8608,0,0,45,746,1318,192,8,0
weave,weave.txt,2309,1,6,3.728021,8608,1,1,49,741,1314,194,10,0
wulls,wulls.txt,2309,2,6,3.728021,8608,0,0,31,773,1303,197,5,0
boyos,boyos.txt,2309,2,6,3.728454,8609,0,0,42,758,1305,193,11,0
dappy,dappy.txt,2309,2,6,3.728454,8609,0,0,46,739,1327,190,7,0
durzi,durzi.txt,2309,2,6,3.728454,8609,0,0,35,773,1293,200,8,0
elpee,elpee.txt,2309,2,6,3.728454,8609,0,0,43,776,1265,215,10,0
exier,exier.txt,2309,2,6,3.728454,8609,0,0,36,787,1265,210,11,0
expos,expos.txt,2309,2,6,3.728454,8609,0,0,39,747,1330,188,5,0
lisks,lisks.txt,2309,2,6,3.728454,8609,0,0,38,762,1304,199,6,0
quads,quads.txt,2309,2,6,3.728454,8609,0,0,33,764,1319,183,10,0
sugos,sugos.txt,2309,2,6,3.728454,8609,0,0,41,779,1267,210,12,0
taggy,taggy.txt,2309,2,6,3.728454,8609,0,0,41,753,1319,184,12,0
acmic,acmic.txt,2309,2,6,3.728887,8610,0,0,40,767,1292,199,11,0
annum,annum.txt,2309,2,6,3.728887,8610,0,0,48,750,1297,208,6,0
barby,barby.txt,2309,2,6,3.728887,8610,0,0,44,732,1345,182,6,0
dawed,dawed.txt,2309,2,6,3.728887,8610,0,0,43,753,1308,197,8,0
dowed,dowed.txt,2309,2,6,3.728887,8610,0,0,52,744,1301,202,10,0
gouge,gouge.txt,2309,1,6,3.728887,8610,1,1,45,762,1280,213,8,0
hight,hight.txt,2309,2,6,3.728887,8610,0,0,37,763,1305,197,7,0
kalua,kalua.txt,2309,2,6,3.728887,8610,0,0,38,783,1270,203,15,0
kumys,kumys.txt,2309,2,6,3.728887,8610,0,0,34,764,1310,196,5,0
upbow,upbow.txt,2309,2,6,3.728887,8610,0,0,30,770,1314,186,9,0
varix,varix.txt,2309,2,6,3.728887,8610,0,0,51,737,1313,203,5,0
yarfa,yarfa.txt,2309,2,6,3.728887,8610,0,0,39,749,1327,187,7,0
alata,alata.txt,2309,2,6,3.72932,8611,0,0,36,764,1305,197,7,0
bombe,bombe.txt,2309,2,6,3.72932,8611,0,0,45,746,1318,189,11,0
dryly,dryly.txt,2309,1,6,3.72932,8611,1,1,37,733,1362,167,9,0
fyked,fyked.txt,2309,2,6,3.72932,8611,0,0,30,759,1331,184,5,0
gelee,gelee.txt,2309,2,6,3.72932,8611,0,0,38,786,1259,215,11,0
hathi,hathi.txt,2309,2,6,3.72932,8611,0,0,42,755,1303,204,5,0
iroko,iroko.txt,2309,2,6,3.72932,8611,0,0,43,761,1294,200,11,0
mahem,mahem.txt,2309,2,6,3.72932,8611,0,0,39,762,1298,205,5,0
oafos,oafos.txt,2309,2,6,3.72932,8611,0,0,35,753,1330,184,7,0
poboy,poboy.txt,2309,2,6,3.72932,8611,0,0,40,769,1283,210,7,0
tuffe,tuffe.txt,2309,2,6,3.72932,8611,0,0,41,759,1298,206,5,0
unpin,unpin.txt,2309,2,6,3.72932,8611,0,0,47,746,1307,203,6,0
apeak,apeak.txt,2309,2,6,3.729753,8612,0,0,51,754,1279,218,7,0
arrah,arrah.txt,2309,2,6,3.729753,8612,0,0,39,771,1280,213,6,0
bakra,bakra.txt,2309,2,6,3.729753,8612,0,0,44,753,1303,201,8,0
choof,choof.txt,2309,2,6,3.729753,8612,0,0,48,759,1279,215,8,0
exing,exing.txt,2309,2,6,3.729753,8612,0,0,34,774,1293,198,10,0
gighe,gighe.txt,2309,2,6,3.729753,8612,0,0,31,776,1296,198,8,0
goody,goody.txt,2309,1,6,3.729753,8612,1,1,42,774,1267,213,12,0
hodja,hodja.txt,2309,2,6,3.729753,8612,0,0,39,770,1287,202,11,0
jetes,jetes.txt,2309,2,6,3.729753,8612,0,0,33,749,1337,189,1,0
nappy,nappy.txt,2309,2,6,3.729753,8612,0,0,45,748,1305,208,3,0
quota,quota.txt,2309,1,6,3.729753,8612,1,1,32,789,1266,210,11,0
rymme,rymme.txt,2309,2,6,3.729753,8612,0,0,38,749,1326,191,5,0
salas,salas.txt,2309,2,6,3.729753,8612,0,0,42,772,1276,206,13,0
emove,emove.txt,2309,2,6,3.730186,8613,0,0,41,742,1335,181,10,0
gutty,gutty.txt,2309,2,6,3.730186,8613,0,0,43,755,1303,198,10,0
icing,icing.txt,2309,1,6,3.730186,8613,1,1,35,746,1337,184,6,0
scups,scups.txt,2309,2,6,3.730186,8613,0,0,40,771,1281,206,11,0
shook,shook.txt,2309,1,6,3.730186,8613,1,1,40,792,1235,230,11,0
stumm,stumm.txt,2309,2,6,3.730186,8613,0,0,36,754,1325,185,9,0
tabby,tabby.txt,2309,1,6,3.730186,8613,1,1,45,724,1351,182,6,0
vivre,vivre.txt,2309,2,6,3.730186,8613,0,0,43,771,1270,216,9,0
willy,willy.txt,2309,1,6,3.730186,8613,1,1,45,731,1335,193,4,0
adaws,adaws.txt,2309,2,6,3.730619,8614,0,0,39,743,1331,193,3,0
ammos,ammos.txt,2309,2,6,3.730619,8614,0,0,38,763,1297,205,6,0
bohos,bohos.txt,2309,2,6,3.730619,8614,0,0,47,750,1298,206,8,0
bully,bully.txt,2309,1,6,3.730619,8614,1,1,52,736,1311,197,12,0
ignis,ignis.txt,2309,2,6,3.730619,8614,0,0,37,756,1318,188,10,0
imino,imino.txt,2309,2,6,3.730619,8614,0,0,42,759,1297,201,10,0
outgo,outgo.txt,2309,1,6,3.730619,8614,1,1,39,764,1287,213,5,0
oxman,oxman.txt,2309,2,6,3.730619,8614,0,0,49,751,1293,205,11,0
pomps,pomps.txt,2309,2,6,3.730619,8614,0,0,36,757,1317,191,8,0
pupas,pupas.txt,2309,2,6,3.730619,8614,0,0,41,779,1257,225,7,0
sajou,sajou.txt,2309,2,6,3.730619,8614,0,0,29,774,1304,194,8,0
vughs,vughs.txt,2309,2,6,3.730619,8614,0,0,38,768,1288,208,7,0
bilbo,bilbo.txt,2309,2,6,3.731052,8615,0,0,48,734,1323,199,5,0
blubs,blubs.txt,2309,2,6,3.731052,8615,0,0,42,743,1325,192,7,0
cysts,cysts.txt,2309,2,6,3.731052,8615,0,0,27,765,1327,182,8,0
gucky,gucky.txt,2309,2,6,3.731052,8615,0,0,31,775,1293,204,6,0
plump,plump.txt,2309,1,6,3.731052,8615,1,1,45,738,1322,196,7,0
popia,popia.txt,2309,2,6,3.731052,8615,0,0,57,765,1242,232,13,0
pujas,pujas.txt,2309,2,6,3.731052,8615,0,0,33,784,1268,219,5,0
scuds,scuds.txt,2309,2,6,3.731052,8615,0,0,34,766,1303,199,7,0
skers,skers.txt,2309,2,6,3.731052,8615,0,0,21,827,1216,242,3,0
undid,undid.txt,2309,1,6,3.731052,8615,1,1,45,751,1298,205,9,0
veeps,veeps.txt,2309,2,6,3.731052,8615,0,0,40,753,1308,204,4,0
villa,villa.txt,2309,1,6,3.731052,8615,1,1,47,763,1265,227,6,0
zygal,zygal.txt,2309,2,6,3.731052,8615,0,0,39,740,1339,185,6,0
achoo,achoo.txt,2309,2,6,3.731485,8616,0,0,41,775,1267,215,11,0
bobas,bobas.txt,2309,2,6,3.731485,8616,0,0,49,737,1322,187,14,0
brava,brava.txt,2309,2,6,3.731485,8616,0,0,37,760,1306,198,8,0
dyads,dyads.txt,2309,2,6,3.731485,8616,0,0,38,757,1308,199,7,0
judas,judas.txt,2309,2,6,3.731485,8616,0,0,34,758,1316,196,5,0
lezes,lezes.txt,2309,2,6,3.731485,8616,0,0,34,779,1275,215,6,0
nabob,nabob.txt,2309,2,6,3.731485,8616,0,0,39,753,1314,195,8,0
raffs,raffs.txt,2309,2,6,3.731485,8616,0,0,38,715,1390,161,5,0
sighs,sighs.txt,2309,2,6,3.731485,8616,0,0,36,769,1290,207,7,0
venin,venin.txt,2309,2,6,3.731485,8616,0,0,49,752,1287,212,9,0
wizes,wizes.txt,2309,2,6,3.731485,8616,0,0,31,756,1330,186,6,0
bubal,bubal.txt,2309,2,6,3.731919,8617,0,0,51,736,1310,205,7,0
jingo,jingo.txt,2309,2,6,3.731919,8617,0,0,45,747,1303,210,4,0
jucos,jucos.txt,2309,2,6,3.731919,8617,0,0,38,760,1302,201,8,0
mihis,mihis.txt,2309,2,6,3.731919,8617,0,0,41,756,1300,205,7,0
myrrh,myrrh.txt,2309,1,6,3.731919,8617,1,1,39,745,1322,197,5,0
purpy,purpy.txt,2309,2,6,3.731919,8617,0,0,47,743,1309,202,8,0
refer,refer.txt,2309,1,6,3.731919,8617,1,1,34,771,1291,201,11,0
smogs,smogs.txt,2309,2,6,3.731919,8617,0,0,38,740,1338,189,4,0
stubs,stubs.txt,2309,2,6,3.731919,8617,0,0,38,746,1330,187,8,0
swaps,swaps.txt,2309,2,6,3.731919,8617,0,0,44,749,1303,208,5,0
tommy,tommy.txt,2309,2,6,3.731919,8617,0,0,42,744,1321,195,7,0
union,union.txt,2309,1,6,3.731919,8617,1,1,41,773,1269,211,14,0
upped,upped.txt,2309,2,6,3.731919,8617,0,0,42,748,1310,205,4,0
ahuru,ahuru.txt,2309,2,6,3.732352,8618,0,0,27,790,1277,204,11,0
akses,akses.txt,2309,2,6,3.732352,8618,0,0,34,755,1320,195,5,0
cleck,cleck.txt,2309,2,6,3.732352,8618,0,0,38,772,1275,218,6,0
fuses,fuses.txt,2309,2,6,3.732352,8618,0,0,37,749,1323,195,5,0
gisms,gisms.txt,2309,2,6,3.732352,8618,0,0,40,742,1330,190,7,0
hakea,hakea.txt,2309,2,6,3.732352,8618,0,0,33,795,1250,219,12,0
hunch,hunch.txt,2309,1,6,3.732352,8618,1,1,41,767,1278,210,12,0
jirre,jirre.txt,2309,2,6,3.732352,8618,0,0,35,763,1304,199,8,0
katti,katti.txt,2309,2,6,3.732352,8618,0,0,39,777,1267,215,11,0
maums,maums.txt,2309,2,6,3.732352,8618,0,0,40,763,1293,201,12,0
pooks,pooks.txt,2309,2,6,3.732352,8618,0,0,40,770,1271,224,4,0
quena,quena.txt,2309,2,6,3.732352,8618,0,0,34,793,1248,225,9,0
rabbi,rabbi.txt,2309,1,6,3.732352,8618,1,1,43,741,1319,198,7,0
sluff,sluff.txt,2309,2,6,3.732352,8618,0,0,33,753,1323,199,1,0
spuds,spuds.txt,2309,2,6,3.732352,8618,0,0,34,764,1301,206,4,0
sulks,sulks.txt,2309,2,6,3.732352,8618,0,0,41,770,1271,220,7,0
summa,summa.txt,2309,2,6,3.732352,8618,0,0,45,767,1270,215,12,0
teeth,teeth.txt,2309,1,6,3.732352,8618,1,1,48,783,1223,244,10,0
urupa,urupa.txt,2309,2,6,3.732352,8618,0,0,39,765,1285,215,5,0
agamy,agamy.txt,2309,2,6,3.732785,8619,0,0,45,743,1316,194,11,0
bocci,bocci.txt,2309,2,6,3.732785,8619,0,0,38,756,1310,195,10,0
ceded,ceded.txt,2309,2,6,3.732785,8619,0,0,38,749,1320,196,6,0
halva,halva.txt,2309,2,6,3.732785,8619,0,0,48,720,1348,187,6,0
jerks,jerks.txt,2309,2,6,3.732785,8619,0,0,29,780,1288,203,9,0
keema,keema.txt,2309,2,6,3.732785,8619,0,0,40,778,1254,233,4,0
klick,klick.txt,2309,2,6,3.732785,8619,0,0,37,748,1325,193,6,0
ponzu,ponzu.txt,2309,2,6,3.732785,8619,0,0,33,745,1341,186,4,0
syeds,syeds.txt,2309,2,6,3.732785,8619,0,0,35,761,1307,198,8,0
tiffs,tiffs.txt,2309,2,6,3.732785,8619,0,0,45,715,1364,182,3,0
vasts,vasts.txt,2309,2,6,3.732785,8619,0,0,34,751,1330,186,8,0
annat,annat.txt,2309,2,6,3.733218,8620,0,0,42,755,1296,209,7,0
essay,essay.txt,2309,1,6,3.733218,8620,1,1,40,772,1267,219,10,0
flamm,flamm.txt,2309,2,6,3.733218,8620,0,0,41,740,1329,192,7,0
karks,karks.txt,2309,2,6,3.733218,8620,0,0,35,725,1372,175,2,0
kests,kests.txt,2309,2,6,3.733218,8620,0,0,29,766,1312,196,6,0
khana,khana.txt,2309,2,6,3.733218,8620,0,0,41,754,1301,206,7,0
koori,koori.txt,2309,2,6,3.733218,8620,0,0,35,772,1286,206,10,0
mafia,mafia.txt,2309,1,6,3.733218,8620,1,1,38,771,1275,214,10,0
palla,palla.txt,2309,2,6,3.733218,8620,0,0,45,759,1285,207,13,0
semee,semee.txt,2309,2,6,3.733218,8620,0,0,32,769,1303,193,12,0
skets,skets.txt,2309,2,6,3.733218,8620,0,0,26,795,1266,213,9,0
steez,steez.txt,2309,2,6,3.733218,8620,0,0,30,764,1312,198,5,0
weepy,weepy.txt,2309,2,6,3.733218,8620,0,0,40,769,1275,217,8,0
ameba,ameba.txt,2309,2,6,3.733651,8621,0,0,56,724,1313,211,5,0
cecum,cecum.txt,2309,2,6,3.733651,8621,0,0,40,777,1258,226,8,0
evohe,evohe.txt,2309,2,6,3.733651,8621,0,0,35,764,1302,197,11,0
hamba,hamba.txt,2309,2,6,3.733651,8621,0,0,40,752,1307,203,7,0
jubes,jubes.txt,2309,2,6,3.733651,8621,0,0,41,735,1335,194,4,0
kyudo,kyudo.txt,2309,2,6,3.733651,8621,0,0,30,767,1306,200,6,0
malva,malva.txt,2309,2,6,3.733651,8621,0,0,50,730,1319,205,5,0
salsa,salsa.txt,2309,1,6,3.733651,8621,1,1,44,759,1283,209,13,0
soots,soots.txt,2309,2,6,3.733651,8621,0,0,39,752,1312,197,9,0
viewy,viewy.txt,2309,2,6,3.733651,8621,0,0,37,751,1316,200,5,0
wagyu,wagyu.txt,2309,2,6,3.733651,8621,0,0,35,748,1326,197,3,0
whump,whump.txt,2309,2,6,3.733651,8621,0,0,41,757,1294,210,7,0
woops,woops.txt,2309,2,6,3.733651,8621,0,0,41,753,1301,208,6,0
ydrad,ydrad.txt,2309,2,6,3.733651,8621,0,0,35,757,1314,194,9,0
zolle,zolle.txt,2309,2,6,3.733651,8621,0,0,36,770,1284,211,8,0
cubeb,cubeb.txt,2309,2,6,3.734084,8622,0,0,41,749,1312,197,10,0
ezine,ezine.txt,2309,2,6,3.734084,8622,0,0,33,780,1271,218,7,0
judge,judge.txt,2309,1,6,3.734084,8622,1,1,40,743,1324,190,11,0
keyed,keyed.txt,2309,2,6,3.734084,8622,0,0,31,756,1324,192,6,0
loggy,loggy.txt,2309,2,6,3.734084,8622,0,0,42,746,1314,198,9,0
namak,namak.txt,2309,2,6,3.734084,8622,0,0,38,777,1266,217,11,0
pyxes,pyxes.txt,2309,2,6,3.734084,8622,0,0,35,739,1347,181,7,0
sekos,sekos.txt,2309,2,6,3.734084,8622,0,0,28,799,1253,217,12,0
skens,skens.txt,2309,2,6,3.734084,8622,0,0,18,818,1243,220,10,0
sools,sools.txt,2309,2,6,3.734084,8622,0,0,33,774,1284,210,8,0
yarak,yarak.txt,2309,2,6,3.734084,8622,0,0,33,754,1326,186,10,0
bomoh,bomoh.txt,2309,2,6,3.734517,8623,0,0,48,745,1302,200,14,0
cruck,cruck.txt,2309,2,6,3.734517,8623,0,0,35,767,1290,210,7,0
cycas,cycas.txt,2309,2,6,3.734517,8623,0,0,31,751,1338,178,11,0
fusts,fusts.txt,2309,2,6,3.734517,8623,0,0,40,747,1309,212,1,0
gurus,gurus.txt,2309,2,6,3.734517,8623,0,0,40,753,1300,212,4,0
hakas,hakas.txt,2309,2,6,3.734517,8623,0,0,35,756,1313,197,8,0
jawed,jawed.txt,2309,2,6,3.734517,8623,0,0,36,734,1350,185,4,0
munjs,munjs.txt,2309,2,6,3.734517,8623,0,0,38,748,1318,199,6,0
baccy,baccy.txt,2309,2,6,3.73495,8624,0,0,42,733,1335,193,6,0
cacks,cacks.txt,2309,2,6,3.73495,8624,0,0,28,773,1298,203,7,0
heigh,heigh.txt,2309,2,6,3.73495,8624,0,0,30,778,1284,208,9,0
kitke,kitke.txt,2309,2,6,3.73495,8624,0,0,32,761,1309,201,6,0
lexes,lexes.txt,2309,2,6,3.73495,8624,0,0,40,756,1293,216,4,0
swash,swash.txt,2309,1,6,3.73495,8624,1,1,46,747,1293,214,8,0
verry,verry.txt,2309,2,6,3.73495,8624,0,0,45,738,1316,204,6,0
welly,welly.txt,2309,2,6,3.73495,8624,0,0,47,748,1293,212,9,0
abask,abask.txt,2309,2,6,3.735383,8625,0,0,37,765,1282,222,3,0
aimak,aimak.txt,2309,2,6,3.735383,8625,0,0,40,770,1271,217,11,0
boxty,boxty.txt,2309,2,6,3.735383,8625,0,0,41,742,1320,199,7,0
dawah,dawah.txt,2309,2,6,3.735383,8625,0,0,33,789,1248,234,5,0
flexo,flexo.txt,2309,2,6,3.735383,8625,0,0,38,743,1322,204,2,0
gadjo,gadjo.txt,2309,2,6,3.735383,8625,0,0,38,738,1338,187,8,0
goofs,goofs.txt,2309,2,6,3.735383,8625,0,0,37,752,1313,199,8,0
haika,haika.txt,2309,2,6,3.735383,8625,0,0,38,770,1271,225,5,0
heuch,heuch.txt,2309,2,6,3.735383,8625,0,0,37,784,1251,227,10,0
judos,judos.txt,2309,2,6,3.735383,8625,0,0,34,737,1349,184,5,0
ksars,ksars.txt,2309,2,6,3.735383,8625,0,0,29,747,1343,186,4,0
nyuze,nyuze.txt,2309,2,6,3.735383,8625,0,0,29,731,1378,164,7,0
pavas,pavas.txt,2309,2,6,3.735383,8625,0,0,42,748,1306,205,8,0
pleep,pleep.txt,2309,2,6,3.735383,8625,0,0,48,758,1270,223,10,0
quoin,quoin.txt,2309,2,6,3.735383,8625,0,0,29,791,1262,216,11,0
vexil,vexil.txt,2309,2,6,3.735383,8625,0,0,57,734,1290,219,9,0
visie,visie.txt,2309,2,6,3.735383,8625,0,0,41,754,1301,201,12,0
wakfs,wakfs.txt,2309,2,6,3.735383,8625,0,0,39,733,1341,192,4,0
wicky,wicky.txt,2309,2,6,3.735383,8625,0,0,39,738,1335,189,8,0
zupas,zupas.txt,2309,2,6,3.735383,8625,0,0,36,765,1288,214,6,0
admix,admix.txt,2309,2,6,3.735816,8626,0,0,46,748,1294,212,9,0
beaux,beaux.txt,2309,2,6,3.735816,8626,0,0,40,758,1287,220,4,0
choux,choux.txt,2309,2,6,3.735816,8626,0,0,39,776,1260,224,10,0
exite,exite.txt,2309,2,6,3.735816,8626,0,0,43,739,1319,201,7,0
imams,imams.txt,2309,2,6,3.735816,8626,0,0,44,744,1308,204,9,0
macaw,macaw.txt,2309,1,6,3.735816,8626,1,1,40,738,1326,197,7,0
mapau,mapau.txt,2309,2,6,3.735816,8626,0,0,33,783,1266,215,12,0
sujee,sujee.txt,2309,2,6,3.735816,8626,0,0,33,756,1314,200,6,0
unman,unman.txt,2309,2,6,3.735816,8626,0,0,42,751,1299,209,8,0
vadas,vadas.txt,2309,2,6,3.735816,8626,0,0,41,735,1331,197,5,0
bobac,bobac.txt,2309,2,6,3.736249,8627,0,0,48,736,1315,197,13,0
boody,boody.txt,2309,2,6,3.736249,8627,0,0,44,766,1265,223,11,0
brujo,brujo.txt,2309,2,6,3.736249,8627,0,0,42,737,1326,196,8,0
fuzil,fuzil.txt,2309,2,6,3.736249,8627,0,0,47,729,1329,194,10,0
hoody,hoody.txt,2309,2,6,3.736249,8627,0,0,38,772,1271,217,11,0
hoofs,hoofs.txt,2309,2,6,3.736249,8627,0,0,41,755,1294,210,9,0
howto,howto.txt,2309,2,6,3.736249,8627,0,0,40,753,1297,214,5,0
husos,husos.txt,2309,2,6,3.736249,8627,0,0,43,774,1260,213,19,0
igged,igged.txt,2309,2,6,3.736249,8627,0,0,35,750,1321,195,8,0
jowed,jowed.txt,2309,2,6,3.736249,8627,0,0,41,735,1330,198,5,0
oomph,oomph.txt,2309,2,6,3.736249,8627,0,0,36,783,1253,228,9,0
ooyah,ooyah.txt,2309,2,6,3.736249,8627,0,0,32,783,1268,214,12,0
serrs,serrs.txt,2309,2,6,3.736249,8627,0,0,24,795,1267,212,11,0
skink,skink.txt,2309,2,6,3.736249,8627,0,0,31,764,1304,203,7,0
yucko,yucko.txt,2309,2,6,3.736249,8627,0,0,30,753,1328,192,6,0
aboma,aboma.txt,2309,2,6,3.736683,8628,0,0,48,749,1286,215,11,0
belee,belee.txt,2309,2,6,3.736683,8628,0,0,38,762,1293,202,14,0
boyly,boyly.txt,2309,2,6,3.736683,8628,0,0,40,734,1332,200,3,0
bwana,bwana.txt,2309,2,6,3.736683,8628,0,0,37,751,1308,209,4,0
durum,durum.txt,2309,2,6,3.736683,8628,0,0,39,762,1290,204,14,0
fifes,fifes.txt,2309,2,6,3.736683,8628,0,0,46,725,1334,199,5,0
froyo,froyo.txt,2309,2,6,3.736683,8628,0,0,37,745,1324,195,8,0
gigas,gigas.txt,2309,2,6,3.736683,8628,0,0,40,758,1294,204,13,0
goomy,goomy.txt,2309,2,6,3.736683,8628,0,0,50,749,1279,221,10,0
hyrax,hyrax.txt,2309,2,6,3.736683,8628,0,0,38,758,1296,208,9,0
iddut,iddut.txt,2309,2,6,3.736683,8628,0,0,42,750,1301,206,10,0
jinks,jinks.txt,2309,2,6,3.736683,8628,0,0,35,736,1345,188,5,0
musos,musos.txt,2309,2,6,3.736683,8628,0,0,45,768,1258,226,12,0
pyxed,pyxed.txt,2309,2,6,3.736683,8628,0,0,38,728,1350,190,3,0
shyly,shyly.txt,2309,1,6,3.736683,8628,1,1,30,765,1299,208,6,0
sicks,sicks.txt,2309,2,6,3.736683,8628,0,0,33,759,1305,207,5,0
witty,witty.txt,2309,1,6,3.736683,8628,1,1,42,745,1304,210,7,0
axiom,axiom.txt,2309,1,6,3.737116,8629,1,1,49,743,1290,215,11,0
lowly,lowly.txt,2309,1,6,3.737116,8629,1,1,40,732,1331,202,3,0
moove,moove.txt,2309,2,6,3.737116,8629,0,0,44,749,1298,206,12,0
qanat,qanat.txt,2309,2,6,3.737116,8629,0,0,36,745,1325,196,7,0
fifed,fifed.txt,2309,2,6,3.737549,8630,0,0,43,735,1323,201,7,0
gaffe,gaffe.txt,2309,1,6,3.737549,8630,1,1,37,740,1330,191,10,0
kevel,kevel.txt,2309,2,6,3.737549,8630,0,0,45,755,1275,229,5,0
lotto,lotto.txt,2309,2,6,3.737549,8630,0,0,42,761,1275,223,8,0
meums,meums.txt,2309,2,6,3.737549,8630,0,0,38,758,1296,206,11,0
modii,modii.txt,2309,2,6,3.737549,8630,0,0,40,742,1322,194,11,0
noddy,noddy.txt,2309,2,6,3.737549,8630,0,0,45,716,1355,186,7,0
oidia,oidia.txt,2309,2,6,3.737549,8630,0,0,42,773,1257,223,14,0
poddy,poddy.txt,2309,2,6,3.737549,8630,0,0,43,735,1326,195,10,0
scums,scums.txt,2309,2,6,3.737549,8630,0,0,43,749,1297,211,9,0
talaq,talaq.txt,2309,2,6,3.737549,8630,0,0,37,749,1313,203,7,0
vroom,vroom.txt,2309,2,6,3.737549,8630,0,0,43,757,1278,225,6,0
zonks,zonks.txt,2309,2,6,3.737549,8630,0,0,21,756,1344,184,4,0
zowie,zowie.txt,2309,2,6,3.737549,8630,0,0,33,773,1278,217,8,0
abamp,abamp.txt,2309,2,6,3.737982,8631,0,0,34,758,1299,215,3,0
bezel,bezel.txt,2309,1,6,3.737982,8631,1,1,42,731,1330,197,8,0
gesse,gesse.txt,2309,2,6,3.737982,8631,0,0,36,753,1308,204,8,0
ixnay,ixnay.txt,2309,2,6,3.737982,8631,0,0,43,742,1313,199,12,0
jakie,jakie.txt,2309,2,6,3.737982,8631,0,0,29,778,1282,209,11,0
pulpy,pulpy.txt,2309,1,6,3.737982,8631,1,1,48,723,1328,201,8,0
quais,quais.txt,2309,2,6,3.737982,8631,0,0,39,759,1289,212,10,0
soyuz,soyuz.txt,2309,2,6,3.737982,8631,0,0,29,769,1300,200,11,0
spaws,spaws.txt,2309,2,6,3.737982,8631,0,0,38,754,1297,215,5,0
vests,vests.txt,2309,2,6,3.737982,8631,0,0,33,749,1324,196,7,0
agami,agami.txt,2309,2,6,3.738415,8632,0,0,50,740,1294,214,11,0
fjeld,fjeld.txt,2309,2,6,3.738415,8632,0,0,38,723,1356,189,3,0
flexi,flexi.txt,2309,2,6,3.738415,8632,0,0,39,730,1341,194,5,0
furry,furry.txt,2309,1,6,3.738415,8632,1,1,44,743,1300,212,9,0
ishes,ishes.txt,2309,2,6,3.738415,8632,0,0,34,754,1308,208,5,0
jeers,jeers.txt,2309,2,6,3.738415,8632,0,0,31,760,1309,200,9,0
minxy,minxy.txt,2309,2,6,3.738415,8632,0,0,40,731,1336,197,5,0
quina,quina.txt,2309,2,6,3.738415,8632,0,0,32,790,1250,224,13,0
rojak,rojak.txt,2309,2,6,3.738415,8632,0,0,34,757,1305,205,8,0
sills,sills.txt,2309,2,6,3.738415,8632,0,0,31,753,1319,201,5,0
vitta,vitta.txt,2309,2,6,3.738415,8632,0,0,47,749,1284,219,10,0
weedy,weedy.txt,2309,1,6,3.738415,8632,1,1,44,730,1323,205,6,0
bruja,bruja.txt,2309,2,6,3.738848,8633,0,0,42,728,1336,197,6,0
exine,exine.txt,2309,2,6,3.738848,8633,0,0,40,760,1279,223,7,0
fogos,fogos.txt,2309,2,6,3.738848,8633,0,0,39,740,1323,199,8,0
hadji,hadji.txt,2309,2,6,3.738848,8633,0,0,34,761,1291,220,3,0
queso,queso.txt,2309,2,6,3.738848,8633,0,0,25,789,1275,204,16,0
scaff,scaff.txt,2309,2,6,3.738848,8633,0,0,34,727,1364,176,8,0
trooz,trooz.txt,2309,2,6,3.738848,8633,0,0,35,759,1296,212,7,0
winna,winna.txt,2309,2,6,3.738848,8633,0,0,38,774,1263,221,13,0
aiyoo,aiyoo.txt,2309,2,6,3.739281,8634,0,0,37,764,1283,214,11,0
benne,benne.txt,2309,2,6,3.739281,8634,0,0,34,772,1274,220,9,0
cluck,cluck.txt,2309,1,6,3.739281,8634,1,1,44,741,1303,210,10,0
dexie,dexie.txt,2309,2,6,3.739281,8634,0,0,37,762,1288,210,12,0
excel,excel.txt,2309,1,6,3.739281,8634,1,1,43,724,1333,205,3,0
gaddi,gaddi.txt,2309,2,6,3.739281,8634,0,0,41,748,1301,210,9,0
gobbe,gobbe.txt,2309,2,6,3.739281,8634,0,0,42,739,1317,201,10,0
quasi,quasi.txt,2309,1,6,3.739281,8634,1,1,32,766,1288,213,9,0
sikas,sikas.txt,2309,2,6,3.739281,8634,0,0,30,760,1309,202,8,0
sooky,sooky.txt,2309,2,6,3.739281,8634,0,0,34,768,1284,212,11,0
usurp,usurp.txt,2309,1,6,3.739281,8634,1,1,42,734,1319,207,6,0
vases,vases.txt,2309,2,6,3.739281,8634,0,0,42,729,1334,197,7,0
vises,vises.txt,2309,2,6,3.739281,8634,0,0,35,753,1312,197,12,0
akker,akker.txt,2309,2,6,3.739714,8635,0,0,23,752,1340,191,3,0
boyey,boyey.txt,2309,2,6,3.739714,8635,0,0,39,727,1345,192,6,0
fromm,fromm.txt,2309,2,6,3.739714,8635,0,0,35,744,1324,199,7,0
gibli,gibli.txt,2309,2,6,3.739714,8635,0,0,41,739,1319,200,10,0
imids,imids.txt,2309,2,6,3.739714,8635,0,0,38,724,1352,191,4,0
kamas,kamas.txt,2309,2,6,3.739714,8635,0,0,40,738,1327,191,13,0
mofos,mofos.txt,2309,2,6,3.739714,8635,0,0,36,741,1327,198,7,0
remex,remex.txt,2309,2,6,3.739714,8635,0,0,43,741,1305,214,6,0
rooky,rooky.txt,2309,2,6,3.739714,8635,0,0,36,751,1307,208,7,0
sansa,sansa.txt,2309,2,6,3.739714,8635,0,0,42,724,1345,189,9,0
viver,viver.txt,2309,2,6,3.739714,8635,0,0,41,752,1294,211,11,0
array,array.txt,2309,1,6,3.740147,8636,1,1,44,718,1343,197,6,0
cobbs,cobbs.txt,2309,2,6,3.740147,8636,0,0,35,735,1342,189,8,0
dippy,dippy.txt,2309,2,6,3.740147,8636,0,0,45,735,1311,211,7,0
hoove,hoove.txt,2309,2,6,3.740147,8636,0,0,41,741,1313,205,9,0
hythe,hythe.txt,2309,2,6,3.740147,8636,0,0,36,719,1368,181,5,0
jeels,jeels.txt,2309,2,6,3.740147,8636,0,0,27,766,1301,210,5,0
kliks,kliks.txt,2309,2,6,3.740147,8636,0,0,38,734,1332,200,5,0
kondo,kondo.txt,2309,2,6,3.740147,8636,0,0,42,721,1347,193,6,0
mussy,mussy.txt,2309,2,6,3.740147,8636,0,0,45,752,1281,220,11,0
nouny,nouny.txt,2309,2,6,3.740147,8636,0,0,39,737,1327,197,9,0
ossia,ossia.txt,2309,2,6,3.740147,8636,0,0,46,772,1238,242,11,0
peeky,peeky.txt,2309,2,6,3.740147,8636,0,0,43,768,1253,236,9,0
quods,quods.txt,2309,2,6,3.740147,8636,0,0,24,756,1329,196,4,0
stews,stews.txt,2309,2,6,3.740147,8636,0,0,35,758,1297,210,9,0
tawaf,tawaf.txt,2309,2,6,3.740147,8636,0,0,39,715,1368,181,6,0
xylem,xylem.txt,2309,2,6,3.740147,8636,0,0,38,730,1345,186,10,0
xylic,xylic.txt,2309,2,6,3.740147,8636,0,0,35,721,1368,179,6,0
zikrs,zikrs.txt,2309,2,6,3.740147,8636,0,0,31,761,1301,209,7,0
emmas,emmas.txt,2309,2,6,3.74058,8637,0,0,44,730,1327,197,11,0
unzip,unzip.txt,2309,1,6,3.74058,8637,1,1,38,734,1328,202,6,0
vixen,vixen.txt,2309,1,6,3.74058,8637,1,1,44,727,1325,205,7,0
agbas,agbas.txt,2309,2,6,3.741013,8638,0,0,42,741,1309,207,10,0
baozi,baozi.txt,2309,2,6,3.741013,8638,0,0,45,735,1312,207,10,0
bulbs,bulbs.txt,2309,2,6,3.741013,8638,0,0,42,730,1330,198,9,0
hexer,hexer.txt,2309,2,6,3.741013,8638,0,0,42,744,1298,220,5,0
nalla,nalla.txt,2309,2,6,3.741013,8638,0,0,42,744,1302,212,9,0
nippy,nippy.txt,2309,2,6,3.741013,8638,0,0,43,732,1319,210,5,0
quich,quich.txt,2309,2,6,3.741013,8638,0,0,26,785,1272,213,13,0
sumps,sumps.txt,2309,2,6,3.741013,8638,0,0,41,752,1286,224,6,0
tassa,tassa.txt,2309,2,6,3.741013,8638,0,0,32,756,1311,198,12,0
addio,addio.txt,2309,2,6,3.741447,8639,0,0,50,743,1281,224,11,0
aghas,aghas.txt,2309,2,6,3.741447,8639,0,0,40,720,1353,189,7,0
jihad,jihad.txt,2309,2,6,3.741447,8639,0,0,30,761,1299,214,5,0
koker,koker.txt,2309,2,6,3.741447,8639,0,0,27,758,1313,207,4,0
quops,quops.txt,2309,2,6,3.741447,8639,0,0,29,769,1289,214,8,0
ruffe,ruffe.txt,2309,2,6,3.741447,8639,0,0,36,736,1335,193,9,0
shaws,shaws.txt,2309,2,6,3.741447,8639,0,0,41,748,1296,215,9,0
smush,smush.txt,2309,2,6,3.741447,8639,0,0,47,748,1282,219,13,0
soggy,soggy.txt,2309,1,6,3.741447,8639,1,1,31,747,1323,199,8,0
spifs,spifs.txt,2309,2,6,3.741447,8639,0,0,37,746,1308,213,5,0
cuppa,cuppa.txt,2309,2,6,3.74188,8640,0,0,42,757,1274,227,9,0
dibbs,dibbs.txt,2309,2,6,3.74188,8640,0,0,35,722,1359,190,3,0
haggs,haggs.txt,2309,2,6,3.74188,8640,0,0,30,745,1332,195,7,0
halal,halal.txt,2309,2,6,3.74188,8640,0,0,39,747,1306,205,12,0
lazar,lazar.txt,2309,2,6,3.74188,8640,0,0,44,719,1345,191,10,0
occam,occam.txt,2309,2,6,3.74188,8640,0,0,47,725,1325,201,11,0
quips,quips.txt,2309,2,6,3.74188,8640,0,0,36,754,1299,210,10,0
semes,semes.txt,2309,2,6,3.74188,8640,0,0,33,757,1305,201,13,0
uncus,uncus.txt,2309,2,6,3.74188,8640,0,0,36,735,1332,201,5,0
virid,virid.txt,2309,2,6,3.74188,8640,0,0,46,729,1317,209,8,0
afoam,afoam.txt,2309,2,6,3.742313,8641,0,0,41,733,1322,206,7,0
bemix,bemix.txt,2309,2,6,3.742313,8641,0,0,44,733,1315,208,9,0
bilby,bilby.txt,2309,2,6,3.742313,8641,0,0,43,713,1355,192,6,0
cusum,cusum.txt,2309,2,6,3.742313,8641,0,0,39,743,1309,210,8,0
looky,looky.txt,2309,2,6,3.742313,8641,0,0,38,745,1307,212,7,0
mappy,mappy.txt,2309,2,6,3.742313,8641,0,0,44,718,1342,199,6,0
razer,razer.txt,2309,2,6,3.742313,8641,0,0,39,730,1335,197,8,0
socks,socks.txt,2309,2,6,3.742313,8641,0,0,29,760,1303,211,6,0
teffs,teffs.txt,2309,2,6,3.742313,8641,0,0,38,732,1332,201,6,0
bebop,bebop.txt,2309,2,6,3.742746,8642,0,0,33,741,1329,199,7,0
boutu,boutu.txt,2309,2,6,3.742746,8642,0,0,33,749,1312,209,6,0
exert,exert.txt,2309,1,6,3.742746,8642,1,1,49,749,1266,232,12,0
graff,graff.txt,2309,2,6,3.742746,8642,0,0,31,745,1326,201,6,0
jarta,jarta.txt,2309,2,6,3.742746,8642,0,0,43,718,1344,198,6,0
pichi,pichi.txt,2309,2,6,3.742746,8642,0,0,35,747,1312,207,8,0
punji,punji.txt,2309,2,6,3.742746,8642,0,0,39,714,1365,184,7,0
regex,regex.txt,2309,2,6,3.742746,8642,0,0,41,744,1299,218,7,0
yeves,yeves.txt,2309,2,6,3.742746,8642,0,0,38,734,1328,202,7,0
agave,agave.txt,2309,2,6,3.743179,8643,0,0,44,732,1316,207,10,0
annal,annal.txt,2309,2,6,3.743179,8643,0,0,45,749,1275,234,6,0
avize,avize.txt,2309,2,6,3.743179,8643,0,0,49,720,1325,205,10,0
bevue,bevue.txt,2309,2,6,3.743179,8643,0,0,40,753,1283,226,7,0
chook,chook.txt,2309,2,6,3.743179,8643,0,0,38,776,1243,245,7,0
geese,geese.txt,2309,1,6,3.743179,8643,1,1,31,751,1311,207,8,0
mawky,mawky.txt,2309,2,6,3.743179,8643,0,0,37,728,1340,199,5,0
mucic,mucic.txt,2309,2,6,3.743179,8643,0,0,42,730,1329,195,13,0
muntu,muntu.txt,2309,2,6,3.743179,8643,0,0,39,733,1328,200,9,0
neddy,neddy.txt,2309,2,6,3.743179,8643,0,0,40,733,1326,200,10,0
pooka,pooka.txt,2309,2,6,3.743179,8643,0,0,42,761,1263,234,9,0
query,query.txt,2309,1,6,3.743179,8643,1,1,24,775,1290,205,14,0
tanna,tanna.txt,2309,2,6,3.743179,8643,0,0,44,726,1324,209,6,0
wawes,wawes.txt,2309,2,6,3.743179,8643,0,0,27,754,1322,197,9,0
yapps,yapps.txt,2309,2,6,3.743179,8643,0,0,44,713,1349,198,5,0
zingy,zingy.txt,2309,2,6,3.743179,8643,0,0,35,737,1330,200,7,0
accoy,accoy.txt,2309,2,6,3.743612,8644,0,0,44,740,1303,208,14,0
ahigh,ahigh.txt,2309,2,6,3.743612,8644,0,0,40,751,1287,223,8,0
caffs,caffs.txt,2309,2,6,3.743612,8644,0,0,37,718,1361,186,7,0
hexyl,hexyl.txt,2309,2,6,3.743612,8644,0,0,34,734,1342,188,11,0
mahua,mahua.txt,2309,2,6,3.743612,8644,0,0,45,746,1282,228,8,0
patta,patta.txt,2309,2,6,3.743612,8644,0,0,47,738,1289,230,5,0
pompa,pompa.txt,2309,2,6,3.743612,8644,0,0,45,761,1253,241,9,0
pyxis,pyxis.txt,2309,2,6,3.743612,8644,0,0,32,751,1309,211,6,0
shchi,shchi.txt,2309,2,6,3.743612,8644,0,0,32,761,1290,219,7,0
skios,skios.txt,2309,2,6,3.743612,8644,0,0,29,789,1245,237,9,0
aggri,aggri.txt,2309,2,6,3.744045,8645,0,0,38,740,1316,205,10,0
awake,awake.txt,2309,1,6,3.744045,8645,1,1,40,742,1304,210,12,0
boomy,boomy.txt,2309,2,6,3.744045,8645,0,0,49,738,1288,223,11,0
chava,chava.txt,2309,2,6,3.744045,8645,0,0,43,748,1284,225,9,0
cycad,cycad.txt,2309,2,6,3.744045,8645,0,0,39,719,1350,196,5,0
debud,debud.txt,2309,2,6,3.744045,8645,0,0,49,743,1278,228,11,0
diked,diked.txt,2309,2,6,3.744045,8645,0,0,33,760,1287,223,6,0
exfil,exfil.txt,2309,2,6,3.744045,8645,0,0,51,722,1310,219,7,0
fenny,fenny.txt,2309,2,6,3.744045,8645,0,0,40,743,1307,206,13,0
finny,finny.txt,2309,2,6,3.744045,8645,0,0,40,741,1307,212,9,0
fuzes,fuzes.txt,2309,2,6,3.744045,8645,0,0,35,721,1356,194,3,0
gawky,gawky.txt,2309,1,6,3.744045,8645,1,1,30,738,1334,202,4,0
gemma,gemma.txt,2309,2,6,3.744045,8645,0,0,47,743,1286,220,13,0
grege,grege.txt,2309,2,6,3.744045,8645,0,0,39,762,1266,235,7,0
gunny,gunny.txt,2309,2,6,3.744045,8645,0,0,39,747,1302,208,13,0
jakes,jakes.txt,2309,2,6,3.744045,8645,0,0,25,728,1373,179,4,0
jeune,jeune.txt,2309,2,6,3.744045,8645,0,0,37,744,1312,205,11,0
ngoni,ngoni.txt,2309,2,6,3.744045,8645,0,0,36,760,1281,223,9,0
oyama,oyama.txt,2309,2,6,3.744045,8645,0,0,40,743,1302,216,8,0
pujah,pujah.txt,2309,2,6,3.744045,8645,0,0,37,761,1277,224,10,0
quyte,quyte.txt,2309,2,6,3.744045,8645,0,0,28,755,1310,212,4,0
ruddy,ruddy.txt,2309,1,6,3.744045,8645,1,1,38,739,1317,201,13,0
vizor,vizor.txt,2309,2,6,3.744045,8645,0,0,42,729,1321,212,5,0
whoso,whoso.txt,2309,2,6,3.744045,8645,0,0,45,769,1238,246,11,0
aurar,aurar.txt,2309,2,6,3.744478,8646,0,0,41,738,1306,218,6,0
enjoy,enjoy.txt,2309,1,6,3.744478,8646,1,1,42,720,1339,197,10,0
epene,epene.txt,2309,2,6,3.744478,8646,0,0,39,739,1312,211,8,0
every,every.txt,2309,1,6,3.744478,8646,1,1,40,729,1324,208,7,0
hayey,hayey.txt,2309,2,6,3.744478,8646,0,0,39,732,1329,198,11,0
layby,layby.txt,2309,2,6,3.744478,8646,0,0,35,715,1370,183,6,0
leggy,leggy.txt,2309,1,6,3.744478,8646,1,1,34,734,1334,197,9,0
mieux,mieux.txt,2309,2,6,3.744478,8646,0,0,38,748,1300,212,11,0
ollav,ollav.txt,2309,2,6,3.744478,8646,0,0,40,761,1268,229,11,0
riffs,riffs.txt,2309,2,6,3.744478,8646,0,0,43,726,1325,208,7,0
sybbe,sybbe.txt,2309,2,6,3.744478,8646,0,0,32,709,1390,173,5,0
volve,volve.txt,2309,2,6,3.744478,8646,0,0,44,721,1329,211,4,0
voxes,voxes.txt,2309,2,6,3.744478,8646,0,0,42,707,1366,187,7,0
bunny,bunny.txt,2309,1,6,3.744911,8647,1,1,40,730,1325,202,11,0
kanga,kanga.txt,2309,2,6,3.744911,8647,0,0,46,729,1309,218,7,0
kombu,kombu.txt,2309,2,6,3.744911,8647,0,0,35,732,1340,191,11,0
nouja,nouja.txt,2309,2,6,3.744911,8647,0,0,31,766,1281,223,8,0
rubus,rubus.txt,2309,2,6,3.744911,8647,0,0,44,715,1342,202,6,0
skeos,skeos.txt,2309,2,6,3.744911,8647,0,0,26,786,1258,229,10,0
bajus,bajus.txt,2309,2,6,3.745344,8648,0,0,40,726,1331,206,6,0
burbs,burbs.txt,2309,2,6,3.745344,8648,0,0,48,710,1340,204,7,0
nudzh,nudzh.txt,2309,2,6,3.745344,8648,0,0,30,723,1367,183,6,0
offer,offer.txt,2309,1,6,3.745344,8648,1,1,34,736,1324,209,5,0
solos,solos.txt,2309,2,6,3.745344,8648,0,0,33,756,1295,216,9,0
ascus,ascus.txt,2309,2,6,3.745777,8649,0,0,36,723,1347,198,5,0
beefy,beefy.txt,2309,1,6,3.745777,8649,1,1,37,734,1321,208,8,0
boogy,boogy.txt,2309,2,6,3.745777,8649,0,0,44,747,1279,230,9,0
commy,commy.txt,2309,2,6,3.745777,8649,0,0,38,737,1316,210,8,0
evhoe,evhoe.txt,2309,2,6,3.745777,8649,0,0,39,729,1332,198,11,0
hooks,hooks.txt,2309,2,6,3.745777,8649,0,0,36,765,1268,230,10,0
kasha,kasha.txt,2309,2,6,3.745777,8649,0,0,39,723,1341,198,8,0
kirks,kirks.txt,2309,2,6,3.745777,8649,0,0,32,737,1334,198,8,0
nazar,nazar.txt,2309,2,6,3.745777,8649,0,0,39,732,1323,207,8,0
nigga,nigga.txt,2309,2,6,3.745777,8649,0,0,42,740,1300,217,10,0
yakow,yakow.txt,2309,2,6,3.745777,8649,0,0,37,728,1335,203,6,0
impis,impis.txt,2309,2,6,3.74621,8650,0,0,39,734,1319,208,9,0
klutz,klutz.txt,2309,2,6,3.74621,8650,0,0,30,734,1344,194,7,0
maddy,maddy.txt,2309,2,6,3.74621,8650,0,0,37,726,1337,204,5,0
povos,povos.txt,2309,2,6,3.74621,8650,0,0,36,750,1295,220,8,0
quids,quids.txt,2309,2,6,3.74621,8650,0,0,38,737,1316,209,9,0
quoad,quoad.txt,2309,2,6,3.74621,8650,0,0,32,779,1252,235,11,0
sunks,sunks.txt,2309,2,6,3.74621,8650,0,0,31,767,1278,223,10,0
swish,swish.txt,2309,1,6,3.74621,8650,1,1,40,752,1280,223,13,0
disks,disks.txt,2309,2,6,3.746644,8651,0,0,28,736,1342,199,4,0
equid,equid.txt,2309,2,6,3.746644,8651,0,0,38,754,1289,211,17,0
ghyll,ghyll.txt,2309,2,6,3.746644,8651,0,0,41,731,1316,214,7,0
maggs,maggs.txt,2309,2,6,3.746644,8651,0,0,34,736,1327,205,7,0
niqab,niqab.txt,2309,2,6,3.746644,8651,0,0,30,742,1330,197,10,0
oddly,oddly.txt,2309,1,6,3.746644,8651,1,1,45,713,1339,201,10,0
rarer,rarer.txt,2309,1,6,3.746644,8651,1,1,28,748,1320,202,10,0
sesey,sesey.txt,2309,2,6,3.746644,8651,0,0,33,748,1308,211,9,0
swags,swags.txt,2309,2,6,3.746644,8651,0,0,43,734,1308,213,11,0
tusks,tusks.txt,2309,2,6,3.746644,8651,0,0,33,765,1272,232,7,0
vitex,vitex.txt,2309,2,6,3.746644,8651,0,0,48,728,1304,219,10,0
wilja,wilja.txt,2309,2,6,3.746644,8651,0,0,35,726,1343,199,6,0
alaap,alaap.txt,2309,2,6,3.747077,8652,0,0,31,743,1326,197,12,0
canna,canna.txt,2309,2,6,3.747077,8652,0,0,38,744,1301,216,10,0
desex,desex.txt,2309,2,6,3.747077,8652,0,0,32,747,1310,213,7,0
doved,doved.txt,2309,2,6,3.747077,8652,0,0,43,720,1331,208,7,0
fuzed,fuzed.txt,2309,2,6,3.747077,8652,0,0,31,744,1316,214,4,0
happi,happi.txt,2309,2,6,3.747077,8652,0,0,42,739,1298,221,9,0
kelly,kelly.txt,2309,2,6,3.747077,8652,0,0,45,732,1301,224,7,0
munja,munja.txt,2309,2,6,3.747077,8652,0,0,45,735,1294,229,6,0
ommin,ommin.txt,2309,2,6,3.747077,8652,0,0,41,741,1301,213,13,0
oxims,oxims.txt,2309,2,6,3.747077,8652,0,0,44,737,1294,227,7,0
qipao,qipao.txt,2309,2,6,3.747077,8652,0,0,37,747,1300,213,12,0
sushi,sushi.txt,2309,1,6,3.747077,8652,1,1,38,771,1247,238,14,0
vanga,vanga.txt,2309,2,6,3.747077,8652,0,0,50,725,1300,227,7,0
eases,eases.txt,2309,2,6,3.74751,8653,0,0,36,730,1333,201,9,0
gooby,gooby.txt,2309,2,6,3.74751,8653,0,0,46,735,1293,226,9,0
lobby,lobby.txt,2309,1,6,3.74751,8653,1,1,45,705,1347,207,4,0
marra,marra.txt,2309,2,6,3.74751,8653,0,0,56,700,1331,215,7,0
nyong,nyong.txt,2309,2,6,3.74751,8653,0,0,34,725,1350,190,10,0
setts,setts.txt,2309,2,6,3.74751,8653,0,0,31,759,1287,226,6,0
skids,skids.txt,2309,2,6,3.74751,8653,0,0,26,753,1314,210,6,0
alkyl,alkyl.txt,2309,2,6,3.747943,8654,0,0,31,729,1347,195,7,0
allel,allel.txt,2309,2,6,3.747943,8654,0,0,25,773,1285,211,15,0
barra,barra.txt,2309,2,6,3.747943,8654,0,0,43,723,1323,213,7,0
biccy,biccy.txt,2309,2,6,3.747943,8654,0,0,40,716,1346,200,7,0
dewax,dewax.txt,2309,2,6,3.747943,8654,0,0,42,725,1324,209,9,0
dzhos,dzhos.txt,2309,2,6,3.747943,8654,0,0,30,728,1354,188,9,0
kadai,kadai.txt,2309,2,6,3.747943,8654,0,0,38,742,1306,210,13,0
knack,knack.txt,2309,1,6,3.747943,8654,1,1,36,732,1323,209,8,0
lolos,lolos.txt,2309,2,6,3.747943,8654,0,0,36,737,1319,207,10,0
mingi,mingi.txt,2309,2,6,3.747943,8654,0,0,43,716,1338,204,8,0
qophs,qophs.txt,2309,2,6,3.747943,8654,0,0,31,742,1324,202,10,0
quags,quags.txt,2309,2,6,3.747943,8654,0,0,35,742,1313,208,11,0
quino,quino.txt,2309,2,6,3.747943,8654,0,0,28,776,1265,230,10,0
scows,scows.txt,2309,2,6,3.747943,8654,0,0,31,749,1308,213,8,0
tikia,tikia.txt,2309,2,6,3.747943,8654,0,0,37,748,1294,220,10,0
vehme,vehme.txt,2309,2,6,3.747943,8654,0,0,37,744,1305,210,13,0
agidi,agidi.txt,2309,2,6,3.748376,8655,0,0,39,740,1303,217,10,0
baddy,baddy.txt,2309,2,6,3.748376,8655,0,0,43,703,1362,194,7,0
boysy,boysy.txt,2309,2,6,3.748376,8655,0,0,36,730,1331,203,9,0
eejit,eejit.txt,2309,2,6,3.748376,8655,0,0,39,746,1290,225,9,0
howso,howso.txt,2309,2,6,3.748376,8655,0,0,35,774,1249,239,12,0
jokes,jokes.txt,2309,2,6,3.748376,8655,0,0,28,741,1334,196,10,0
juicy,juicy.txt,2309,1,6,3.748376,8655,1,1,30,738,1330,200,10,0
kapai,kapai.txt,2309,2,6,3.748376,8655,0,0,34,753,1293,218,11,0
keefs,keefs.txt,2309,2,6,3.748376,8655,0,0,34,750,1296,221,8,0
knoop,knoop.txt,2309,2,6,3.748376,8655,0,0,38,743,1301,216,11,0
oozle,oozle.txt,2309,2,6,3.748376,8655,0,0,36,735,1318,214,6,0
pauxi,pauxi.txt,2309,2,6,3.748376,8655,0,0,33,763,1278,222,13,0
phutu,phutu.txt,2309,2,6,3.748376,8655,0,0,35,747,1298,222,7,0
arroz,arroz.txt,2309,2,6,3.748809,8656,0,0,40,721,1335,205,8,0
blaff,blaff.txt,2309,2,6,3.748809,8656,0,0,32,728,1341,204,4,0
dived,dived.txt,2309,2,6,3.748809,8656,0,0,44,728,1310,218,9,0
exurb,exurb.txt,2309,2,6,3.748809,8656,0,0,44,723,1319,215,8,0
gnawn,gnawn.txt,2309,2,6,3.748809,8656,0,0,41,730,1317,210,11,0
mikva,mikva.txt,2309,2,6,3.748809,8656,0,0,42,745,1282,231,9,0
scifi,scifi.txt,2309,2,6,3.748809,8656,0,0,38,721,1340,203,7,0
tehee,tehee.txt,2309,2,6,3.748809,8656,0,0,35,745,1301,221,7,0
cirri,cirri.txt,2309,2,6,3.749242,8657,0,0,32,736,1326,209,6,0
epoxy,epoxy.txt,2309,1,6,3.749242,8657,1,1,35,743,1303,217,10,0
fully,fully.txt,2309,1,6,3.749242,8657,1,1,45,722,1313,220,8,0
kitty,kitty.txt,2309,1,6,3.749242,8657,1,1,34,732,1324,212,6,0
mecum,mecum.txt,2309,2,6,3.749242,8657,0,0,44,734,1296,227,8,0
sowps,sowps.txt,2309,2,6,3.749242,8657,0,0,33,736,1325,207,8,0
swops,swops.txt,2309,2,6,3.749242,8657,0,0,36,735,1317,214,7,0
vaded,vaded.txt,2309,2,6,3.749242,8657,0,0,41,717,1335,212,4,0
vatha,vatha.txt,2309,2,6,3.749242,8657,0,0,39,722,1334,207,7,0
wuses,wuses.txt,2309,2,6,3.749242,8657,0,0,33,748,1305,211,12,0
xysti,xysti.txt,2309,2,6,3.749242,8657,0,0,21,738,1359,181,10,0
aback,aback.txt,2309,1,6,3.749675,8658,1,1,31,751,1295,224,7,0
acock,acock.txt,2309,2,6,3.749675,8658,0,0,36,759,1274,227,13,0
happy,happy.txt,2309,1,6,3.749675,8658,1,1,46,707,1339,208,8,0
joeys,joeys.txt,2309,2,6,3.749675,8658,0,0,29,725,1356,193,6,0
kamme,kamme.txt,2309,2,6,3.749675,8658,0,0,36,745,1300,217,11,0
oopak,oopak.txt,2309,2,6,3.749675,8658,0,0,35,753,1285,227,9,0
psyop,psyop.txt,2309,2,6,3.749675,8658,0,0,37,722,1339,204,7,0
quois,quois.txt,2309,2,6,3.749675,8658,0,0,32,769,1262,237,9,0
reffo,reffo.txt,2309,2,6,3.749675,8658,0,0,35,735,1323,205,11,0
skosh,skosh.txt,2309,2,6,3.749675,8658,0,0,24,796,1234,244,11,0
zurfs,zurfs.txt,2309,2,6,3.749675,8658,0,0,36,719,1345,205,4,0
gappy,gappy.txt,2309,2,6,3.750108,8659,0,0,44,698,1366,193,8,0
gussy,gussy.txt,2309,2,6,3.750108,8659,0,0,39,746,1290,221,13,0
idiom,idiom.txt,2309,1,6,3.750108,8659,1,1,39,712,1351,196,10,0
kiosk,kiosk.txt,2309,1,6,3.750108,8659,1,1,23,769,1283,225,8,0
limbi,limbi.txt,2309,2,6,3.750108,8659,0,0,40,709,1353,202,5,0
naggy,naggy.txt,2309,2,6,3.750108,8659,0,0,37,723,1337,204,8,0
spiks,spiks.txt,2309,2,6,3.750108,8659,0,0,38,760,1261,241,9,0
ummed,ummed.txt,2309,2,6,3.750108,8659,0,0,38,712,1351,205,3,0
zeera,zeera.txt,2309,2,6,3.750108,8659,0,0,33,744,1313,205,14,0
aymag,aymag.txt,2309,2,6,3.750541,8660,0,0,44,718,1324,216,7,0
cabby,cabby.txt,2309,1,6,3.750541,8660,1,1,39,696,1378,189,6,0
flava,flava.txt,2309,2,6,3.750541,8660,0,0,45,698,1361,198,7,0
jougs,jougs.txt,2309,2,6,3.750541,8660,0,0,30,744,1317,208,10,0
kiack,kiack.txt,2309,2,6,3.750541,8660,0,0,27,744,1327,200,11,0
mooks,mooks.txt,2309,2,6,3.750541,8660,0,0,35,749,1290,227,8,0
quims,quims.txt,2309,2,6,3.750541,8660,0,0,41,720,1333,204,11,0
rasas,rasas.txt,2309,2,6,3.750541,8660,0,0,35,722,1344,200,8,0
skulk,skulk.txt,2309,1,6,3.750541,8660,1,1,33,741,1307,220,7,0
squee,squee.txt,2309,2,6,3.750541,8660,0,0,28,751,1308,213,9,0
jebel,jebel.txt,2309,2,6,3.750974,8661,0,0,38,718,1342,203,8,0
macka,macka.txt,2309,2,6,3.750974,8661,0,0,47,723,1307,222,10,0
moror,moror.txt,2309,2,6,3.750974,8661,0,0,50,730,1285,233,11,0
pudus,pudus.txt,2309,2,6,3.750974,8661,0,0,31,747,1301,226,4,0
scugs,scugs.txt,2309,2,6,3.750974,8661,0,0,33,727,1335,210,4,0
swims,swims.txt,2309,2,6,3.750974,8661,0,0,37,716,1348,201,7,0
verre,verre.txt,2309,2,6,3.750974,8661,0,0,45,739,1284,228,13,0
aggry,aggry.txt,2309,2,6,3.751408,8662,0,0,31,724,1351,194,9,0
hasks,hasks.txt,2309,2,6,3.751408,8662,0,0,32,729,1337,203,8,0
nabby,nabby.txt,2309,2,6,3.751408,8662,0,0,38,700,1373,194,4,0
nexum,nexum.txt,2309,2,6,3.751408,8662,0,0,35,734,1321,208,11,0
poofy,poofy.txt,2309,2,6,3.751408,8662,0,0,31,745,1308,217,8,0
ribby,ribby.txt,2309,2,6,3.751408,8662,0,0,41,701,1364,197,6,0
sells,sells.txt,2309,2,6,3.751408,8662,0,0,30,756,1288,228,7,0
usury,usury.txt,2309,2,6,3.751408,8662,0,0,34,737,1317,211,10,0
books,books.txt,2309,2,6,3.751841,8663,0,0,42,734,1297,227,9,0
cubic,cubic.txt,2309,1,6,3.751841,8663,1,1,34,738,1308,220,8,0
hashy,hashy.txt,2309,2,6,3.751841,8663,0,0,35,734,1317,215,8,0
hejab,hejab.txt,2309,2,6,3.751841,8663,0,0,27,764,1277,237,4,0
jambs,jambs.txt,2309,2,6,3.751841,8663,0,0,35,706,1372,189,7,0
kopje,kopje.txt,2309,2,6,3.751841,8663,0,0,38,712,1353,197,9,0
livid,livid.txt,2309,1,6,3.751841,8663,1,1,47,728,1289,236,8,0
razor,razor.txt,2309,1,6,3.751841,8663,1,1,40,708,1348,206,6,0
vaxes,vaxes.txt,2309,2,6,3.751841,8663,0,0,41,711,1346,202,9,0
attas,attas.txt,2309,2,6,3.752274,8664,0,0,35,736,1317,208,13,0
esnes,esnes.txt,2309,2,6,3.752274,8664,0,0,32,730,1331,210,6,0
kazis,kazis.txt,2309,2,6,3.752274,8664,0,0,26,745,1322,207,9,0
naffs,naffs.txt,2309,2,6,3.752274,8664,0,0,31,716,1366,186,10,0
nawab,nawab.txt,2309,2,6,3.752274,8664,0,0,36,721,1334,215,3,0
seeds,seeds.txt,2309,2,6,3.752274,8664,0,0,32,740,1318,206,13,0
smoko,smoko.txt,2309,2,6,3.752274,8664,0,0,38,744,1289,228,10,0
zacks,zacks.txt,2309,2,6,3.752274,8664,0,0,21,737,1350,195,6,0
algal,algal.txt,2309,2,6,3.752707,8665,0,0,44,736,1283,239,7,0
anata,anata.txt,2309,2,6,3.752707,8665,0,0,33,736,1317,215,8,0
chaff,chaff.txt,2309,1,6,3.752707,8665,1,1,38,734,1301,228,7,0
inbox,inbox.txt,2309,1,6,3.752707,8665,1,1,42,719,1323,213,11,0
miggs,miggs.txt,2309,2,6,3.752707,8665,0,0,34,718,1350,199,8,0
ofuro,ofuro.txt,2309,2,6,3.752707,8665,0,0,34,745,1300,218,12,0
seeps,seeps.txt,2309,2,6,3.752707,8665,0,0,35,764,1254,249,7,0
skips,skips.txt,2309,2,6,3.752707,8665,0,0,35,758,1268,239,9,0
spugs,spugs.txt,2309,2,6,3.752707,8665,0,0,39,741,1295,220,14,0
tufty,tufty.txt,2309,2,6,3.752707,8665,0,0,40,721,1332,202,14,0
wasms,wasms.txt,2309,2,6,3.752707,8665,0,0,38,717,1342,202,10,0
weeks,weeks.txt,2309,2,6,3.752707,8665,0,0,41,746,1274,239,9,0
wowed,wowed.txt,2309,2,6,3.752707,8665,0,0,36,725,1332,206,10,0
zygon,zygon.txt,2309,2,6,3.752707,8665,0,0,41,703,1361,194,10,0
abbey,abbey.txt,2309,1,6,3.75314,8666,1,1,40,694,1375,191,8,0
abyss,abyss.txt,2309,1,6,3.75314,8666,1,1,37,695,1378,194,4,0
bikie,bikie.txt,2309,2,6,3.75314,8666,0,0,32,731,1327,213,6,0
cooze,cooze.txt,2309,2,6,3.75314,8666,0,0,35,730,1323,212,9,0
mudim,mudim.txt,2309,2,6,3.75314,8666,0,0,44,728,1303,222,12,0
cocks,cocks.txt,2309,2,6,3.753573,8667,0,0,35,722,1335,211,6,0
dexys,dexys.txt,2309,2,6,3.753573,8667,0,0,30,720,1353,201,5,0
ephah,ephah.txt,2309,2,6,3.753573,8667,0,0,34,756,1278,227,14,0
gooks,gooks.txt,2309,2,6,3.753573,8667,0,0,29,747,1299,232,2,0
hafiz,hafiz.txt,2309,2,6,3.753573,8667,0,0,38,725,1319,222,5,0
jeera,jeera.txt,2309,2,6,3.753573,8667,0,0,34,736,1320,203,16,0
oggin,oggin.txt,2309,2,6,3.753573,8667,0,0,46,723,1302,230,8,0
pakay,pakay.txt,2309,2,6,3.753573,8667,0,0,38,721,1330,212,8,0
stott,stott.txt,2309,2,6,3.753573,8667,0,0,28,740,1322,211,8,0
wasps,wasps.txt,2309,2,6,3.753573,8667,0,0,39,720,1326,219,5,0
ennui,ennui.txt,2309,1,6,3.754006,8668,1,1,44,743,1273,230,18,0
plaza,plaza.txt,2309,1,6,3.754006,8668,1,1,40,705,1355,196,12,0
qapik,qapik.txt,2309,2,6,3.754006,8668,0,0,33,746,1294,228,8,0
briki,briki.txt,2309,2,6,3.754439,8669,0,0,34,736,1312,217,10,0
byded,byded.txt,2309,2,6,3.754439,8669,0,0,38,706,1357,201,7,0
choko,choko.txt,2309,2,6,3.754439,8669,0,0,41,753,1254,254,7,0
enfix,enfix.txt,2309,2,6,3.754439,8669,0,0,47,713,1317,224,8,0
fifth,fifth.txt,2309,1,6,3.754439,8669,1,1,46,703,1336,215,8,0
gamba,gamba.txt,2309,2,6,3.754439,8669,0,0,43,733,1290,234,9,0
gippo,gippo.txt,2309,2,6,3.754439,8669,0,0,49,702,1332,219,7,0
iddah,iddah.txt,2309,2,6,3.754439,8669,0,0,36,752,1272,241,8,0
krunk,krunk.txt,2309,2,6,3.754439,8669,0,0,36,719,1335,214,5,0
momus,momus.txt,2309,2,6,3.754439,8669,0,0,38,728,1313,223,7,0
unban,unban.txt,2309,2,6,3.754439,8669,0,0,41,727,1314,212,15,0
dexes,dexes.txt,2309,2,6,3.754872,8670,0,0,29,739,1317,217,7,0
fatwa,fatwa.txt,2309,2,6,3.754872,8670,0,0,39,690,1384,190,6,0
griff,griff.txt,2309,2,6,3.754872,8670,0,0,39,702,1364,194,10,0
hammy,hammy.txt,2309,2,6,3.754872,8670,0,0,41,713,1337,207,11,0
jacks,jacks.txt,2309,2,6,3.754872,8670,0,0,25,724,1356,200,4,0
jived,jived.txt,2309,2,6,3.754872,8670,0,0,37,717,1336,213,6,0
mamee,mamee.txt,2309,2,6,3.754872,8670,0,0,39,725,1314,225,6,0
ownio,ownio.txt,2309,2,6,3.754872,8670,0,0,38,725,1322,213,11,0
stats,stats.txt,2309,2,6,3.754872,8670,0,0,31,741,1313,211,13,0
titin,titin.txt,2309,2,6,3.754872,8670,0,0,40,742,1283,232,12,0
wenny,wenny.txt,2309,2,6,3.754872,8670,0,0,43,728,1299,230,9,0
azyms,azyms.txt,2309,2,6,3.755305,8671,0,0,29,703,1387,184,6,0
filmi,filmi.txt,2309,2,6,3.755305,8671,0,0,36,707,1357,204,5,0
hussy,hussy.txt,2309,1,6,3.755305,8671,1,1,41,738,1284,232,13,0
joked,joked.txt,2309,2,6,3.755305,8671,0,0,29,711,1369,196,4,0
scoff,scoff.txt,2309,1,6,3.755305,8671,1,1,34,703,1367,199,5,0
stuff,stuff.txt,2309,1,6,3.755305,8671,1,1,32,701,1374,199,2,0
swigs,swigs.txt,2309,2,6,3.755305,8671,0,0,37,726,1319,219,8,0
taffy,taffy.txt,2309,1,6,3.755305,8671,1,1,39,692,1377,192,8,0
vinic,vinic.txt,2309,2,6,3.755305,8671,0,0,45,693,1358,208,5,0
yoofs,yoofs.txt,2309,2,6,3.755305,8671,0,0,32,720,1346,203,8,0
zymes,zymes.txt,2309,2,6,3.755305,8671,0,0,26,731,1346,194,12,0
cuddy,cuddy.txt,2309,2,6,3.755738,8672,0,0,39,711,1339,215,5,0
daggy,daggy.txt,2309,2,6,3.755738,8672,0,0,36,707,1360,197,9,0
error,error.txt,2309,1,6,3.755738,8672,1,1,26,752,1298,221,11,0
jacal,jacal.txt,2309,2,6,3.755738,8672,0,0,34,729,1317,225,4,0
jives,jives.txt,2309,2,6,3.755738,8672,0,0,32,717,1354,195,11,0
jubas,jubas.txt,2309,2,6,3.755738,8672,0,0,41,715,1328,217,8,0
kinks,kinks.txt,2309,2,6,3.755738,8672,0,0,32,718,1349,202,8,0
mumsy,mumsy.txt,2309,2,6,3.755738,8672,0,0,40,729,1306,223,11,0
snuff,snuff.txt,2309,1,6,3.755738,8672,1,1,29,737,1318,214,10,0
tooth,tooth.txt,2309,1,6,3.755738,8672,1,1,44,736,1274,245,9,0
zebus,zebus.txt,2309,2,6,3.755738,8672,0,0,39,718,1330,212,10,0
aways,aways.txt,2309,2,6,3.756172,8673,0,0,33,705,1371,192,8,0
casas,casas.txt,2309,2,6,3.756172,8673,0,0,29,748,1297,227,8,0
guqin,guqin.txt,2309,2,6,3.756172,8673,0,0,34,739,1305,218,13,0
konks,konks.txt,2309,2,6,3.756172,8673,0,0,25,724,1355,199,6,0
mauzy,mauzy.txt,2309,2,6,3.756172,8673,0,0,41,714,1332,211,11,0
naans,naans.txt,2309,2,6,3.756172,8673,0,0,35,725,1327,212,10,0
zimbs,zimbs.txt,2309,2,6,3.756172,8673,0,0,31,705,1373,196,4,0
alapa,alapa.txt,2309,2,6,3.756605,8674,0,0,34,721,1341,199,14,0
allay,allay.txt,2309,1,6,3.756605,8674,1,1,43,710,1328,217,10,0
besee,besee.txt,2309,2,6,3.756605,8674,0,0,34,739,1295,237,4,0
middy,middy.txt,2309,2,6,3.756605,8674,0,0,36,711,1349,205,8,0
onmun,onmun.txt,2309,2,6,3.756605,8674,0,0,44,730,1291,232,12,0
pakua,pakua.txt,2309,2,6,3.756605,8674,0,0,39,745,1275,239,11,0
begob,begob.txt,2309,2,6,3.757038,8675,0,0,34,719,1341,204,11,0
hippo,hippo.txt,2309,1,6,3.757038,8675,1,1,41,724,1302,234,7,0
hooka,hooka.txt,2309,2,6,3.757038,8675,0,0,37,776,1220,263,13,0
imido,imido.txt,2309,2,6,3.757038,8675,0,0,36,715,1341,208,9,0
kieve,kieve.txt,2309,2,6,3.757038,8675,0,0,34,741,1292,236,6,0
lemme,lemme.txt,2309,2,6,3.757038,8675,0,0,34,748,1287,225,15,0
rebbe,rebbe.txt,2309,2,6,3.757038,8675,0,0,37,721,1320,228,3,0
swabs,swabs.txt,2309,2,6,3.757038,8675,0,0,36,714,1339,215,5,0
wadds,wadds.txt,2309,2,6,3.757038,8675,0,0,32,711,1356,206,4,0
bagua,bagua.txt,2309,2,6,3.757471,8676,0,0,47,729,1284,235,14,0
dawds,dawds.txt,2309,2,6,3.757471,8676,0,0,30,714,1355,206,4,0
emeer,emeer.txt,2309,2,6,3.757471,8676,0,0,39,730,1299,234,7,0
kilim,kilim.txt,2309,2,6,3.757471,8676,0,0,35,711,1351,203,9,0
nduja,nduja.txt,2309,2,6,3.757471,8676,0,0,33,721,1341,201,13,0
phynx,phynx.txt,2309,2,6,3.757471,8676,0,0,35,711,1346,213,4,0
shwas,shwas.txt,2309,2,6,3.757471,8676,0,0,40,723,1313,223,10,0
wisps,wisps.txt,2309,2,6,3.757471,8676,0,0,32,717,1344,211,5,0
yampy,yampy.txt,2309,2,6,3.757471,8676,0,0,32,709,1362,199,7,0
babus,babus.txt,2309,2,6,3.757904,8677,0,0,42,711,1327,222,7,0
equip,equip.txt,2309,1,6,3.757904,8677,1,1,30,747,1292,227,12,0
fique,fique.txt,2309,2,6,3.757904,8677,0,0,30,715,1352,208,4,0
gadgy,gadgy.txt,2309,2,6,3.757904,8677,0,0,34,710,1355,201,9,0
gauzy,gauzy.txt,2309,2,6,3.757904,8677,0,0,45,716,1311,227,10,0
kaiks,kaiks.txt,2309,2,6,3.757904,8677,0,0,31,710,1362,199,7,0
kloof,kloof.txt,2309,2,6,3.757904,8677,0,0,37,712,1338,217,5,0
meses,meses.txt,2309,2,6,3.757904,8677,0,0,33,734,1314,215,13,0
noone,noone.txt,2309,2,6,3.757904,8677,0,0,36,731,1313,214,15,0
nying,nying.txt,2309,2,6,3.757904,8677,0,0,43,688,1371,199,8,0
squab,squab.txt,2309,2,6,3.757904,8677,0,0,30,732,1322,217,8,0
squib,squib.txt,2309,1,6,3.757904,8677,1,1,26,727,1343,201,11,0
typps,typps.txt,2309,2,6,3.757904,8677,0,0,37,699,1367,198,8,0
fesse,fesse.txt,2309,2,6,3.758337,8678,0,0,33,728,1322,216,10,0
myxos,myxos.txt,2309,2,6,3.758337,8678,0,0,38,714,1333,216,8,0
pollo,pollo.txt,2309,2,6,3.758337,8678,0,0,38,741,1282,237,11,0
smugs,smugs.txt,2309,2,6,3.758337,8678,0,0,34,746,1285,232,12,0
stots,stots.txt,2309,2,6,3.758337,8678,0,0,32,725,1330,213,9,0
tummy,tummy.txt,2309,2,6,3.758337,8678,0,0,39,706,1348,206,10,0
yahoo,yahoo.txt,2309,2,6,3.758337,8678,0,0,31,737,1313,215,13,0
aalii,aalii.txt,2309,2,6,3.75877,8679,0,0,30,743,1299,228,9,0
axial,axial.txt,2309,1,6,3.75877,8679,1,1,40,740,1273,244,11,0
coffs,coffs.txt,2309,2,6,3.75877,8679,0,0,36,699,1365,204,5,0
karzy,karzy.txt,2309,2,6,3.75877,8679,0,0,36,695,1379,188,11,0
kikes,kikes.txt,2309,2,6,3.75877,8679,0,0,26,722,1348,209,4,0
lusks,lusks.txt,2309,2,6,3.75877,8679,0,0,40,729,1297,234,9,0
mucus,mucus.txt,2309,1,6,3.75877,8679,1,1,42,711,1323,223,9,0
sowms,sowms.txt,2309,2,6,3.75877,8679,0,0,32,722,1333,215,7,0
cooky,cooky.txt,2309,2,6,3.759203,8680,0,0,25,747,1302,229,6,0
desks,desks.txt,2309,2,6,3.759203,8680,0,0,24,734,1332,212,7,0
foody,foody.txt,2309,2,6,3.759203,8680,0,0,37,720,1324,218,10,0
gugas,gugas.txt,2309,2,6,3.759203,8680,0,0,42,724,1303,228,12,0
ivied,ivied.txt,2309,2,6,3.759203,8680,0,0,39,717,1325,217,11,0
michi,michi.txt,2309,2,6,3.759203,8680,0,0,40,706,1342,212,9,0
pommy,pommy.txt,2309,2,6,3.759203,8680,0,0,44,714,1315,226,10,0
queer,queer.txt,2309,1,6,3.759203,8680,1,1,24,755,1289,230,10,0
smees,smees.txt,2309,2,6,3.759203,8680,0,0,36,726,1318,216,13,0
unmix,unmix.txt,2309,2,6,3.759203,8680,0,0,45,697,1345,213,9,0
vughy,vughy.txt,2309,2,6,3.759203,8680,0,0,38,713,1331,221,6,0
woopy,woopy.txt,2309,2,6,3.759203,8680,0,0,36,739,1288,237,9,0
akoia,akoia.txt,2309,2,6,3.759636,8681,0,0,38,736,1293,227,15,0
dohyo,dohyo.txt,2309,2,6,3.759636,8681,0,0,32,741,1298,226,12,0
fiefs,fiefs.txt,2309,2,6,3.759636,8681,0,0,48,705,1318,230,8,0
hakam,hakam.txt,2309,2,6,3.759636,8681,0,0,32,726,1325,217,9,0
mundu,mundu.txt,2309,2,6,3.759636,8681,0,0,34,712,1350,201,12,0
novio,novio.txt,2309,2,6,3.759636,8681,0,0,50,706,1318,219,16,0
poyou,poyou.txt,2309,2,6,3.759636,8681,0,0,29,760,1270,237,13,0
rosso,rosso.txt,2309,2,6,3.759636,8681,0,0,36,734,1297,233,9,0
sughs,sughs.txt,2309,2,6,3.759636,8681,0,0,40,732,1293,231,13,0
towzy,towzy.txt,2309,2,6,3.759636,8681,0,0,33,710,1352,207,7,0
biddy,biddy.txt,2309,1,6,3.760069,8682,1,1,38,712,1329,221,8,0
burqa,burqa.txt,2309,2,6,3.760069,8682,0,0,41,721,1309,227,11,0
gliff,gliff.txt,2309,2,6,3.760069,8682,0,0,42,703,1341,213,10,0
knick,knick.txt,2309,2,6,3.760069,8682,0,0,30,730,1321,220,8,0
lahal,lahal.txt,2309,2,6,3.760069,8682,0,0,39,713,1332,213,12,0
peggy,peggy.txt,2309,2,6,3.760069,8682,0,0,32,722,1330,218,7,0
poggy,poggy.txt,2309,2,6,3.760069,8682,0,0,36,718,1331,212,12,0
skuas,skuas.txt,2309,2,6,3.760069,8682,0,0,33,731,1312,223,10,0
spiff,spiff.txt,2309,2,6,3.760069,8682,0,0,32,715,1342,215,5,0
whiss,whiss.txt,2309,2,6,3.760069,8682,0,0,43,723,1301,229,13,0
affly,affly.txt,2309,2,6,3.760502,8683,0,0,35,699,1365,204,6,0
attap,attap.txt,2309,2,6,3.760502,8683,0,0,38,728,1298,239,6,0
cuppy,cuppy.txt,2309,2,6,3.760502,8683,0,0,42,709,1327,222,9,0
dowds,dowds.txt,2309,2,6,3.760502,8683,0,0,36,702,1357,207,7,0
hoggs,hoggs.txt,2309,2,6,3.760502,8683,0,0,32,731,1313,224,9,0
ovoli,ovoli.txt,2309,2,6,3.760502,8683,0,0,35,709,1347,210,8,0
pequi,pequi.txt,2309,2,6,3.760502,8683,0,0,24,753,1296,224,12,0
quark,quark.txt,2309,1,6,3.760502,8683,1,1,33,717,1333,217,8,0
sways,sways.txt,2309,2,6,3.760502,8683,0,0,36,692,1377,197,7,0
titis,titis.txt,2309,2,6,3.760502,8683,0,0,30,730,1317,227,5,0
tweet,tweet.txt,2309,1,6,3.760502,8683,1,1,46,723,1283,247,9,0
bammy,bammy.txt,2309,2,6,3.760935,8684,0,0,44,688,1359,212,6,0
bundu,bundu.txt,2309,2,6,3.760935,8684,0,0,29,718,1344,212,6,0
exeat,exeat.txt,2309,2,6,3.760935,8684,0,0,43,713,1313,233,7,0
feese,feese.txt,2309,2,6,3.760935,8684,0,0,32,721,1331,217,8,0
kanji,kanji.txt,2309,2,6,3.760935,8684,0,0,31,718,1343,206,11,0
kilig,kilig.txt,2309,2,6,3.760935,8684,0,0,30,707,1364,201,7,0
llama,llama.txt,2309,1,6,3.760935,8684,1,1,40,724,1299,235,10,0
morro,morro.txt,2309,2,6,3.760935,8684,0,0,48,717,1296,235,13,0
noggy,noggy.txt,2309,2,6,3.760935,8684,0,0,37,692,1376,194,10,0
quabs,quabs.txt,2309,2,6,3.760935,8684,0,0,39,704,1346,210,10,0
shows,shows.txt,2309,2,6,3.760935,8684,0,0,38,745,1268,247,11,0
sukis,sukis.txt,2309,2,6,3.760935,8684,0,0,28,755,1273,247,6,0
zambo,zambo.txt,2309,2,6,3.760935,8684,0,0,43,702,1338,216,10,0
ended,ended.txt,2309,2,6,3.761369,8685,0,0,36,728,1303,235,7,0
gizmo,gizmo.txt,2309,2,6,3.761369,8685,0,0,44,695,1346,216,8,0
isbas,isbas.txt,2309,2,6,3.761369,8685,0,0,37,692,1376,193,11,0
legge,legge.txt,2309,2,6,3.761369,8685,0,0,43,716,1311,227,12,0
papal,papal.txt,2309,1,6,3.761369,8685,1,1,41,720,1306,228,13,0
quank,quank.txt,2309,2,6,3.761369,8685,0,0,26,736,1320,217,10,0
skags,skags.txt,2309,2,6,3.761369,8685,0,0,26,730,1329,217,7,0
stymy,stymy.txt,2309,2,6,3.761369,8685,0,0,34,683,1397,190,5,0
tests,tests.txt,2309,2,6,3.761369,8685,0,0,35,728,1307,231,8,0
zoeae,zoeae.txt,2309,2,6,3.761369,8685,0,0,29,750,1281,241,8,0
beses,beses.txt,2309,2,6,3.761802,8686,0,0,35,718,1322,230,4,0
eject,eject.txt,2309,1,6,3.761802,8686,1,1,36,714,1332,213,13,0
niffs,niffs.txt,2309,2,6,3.761802,8686,0,0,38,684,1385,194,8,0
omiai,omiai.txt,2309,2,6,3.761802,8686,0,0,41,729,1289,239,11,0
pikis,pikis.txt,2309,2,6,3.761802,8686,0,0,29,746,1289,236,9,0
raffy,raffy.txt,2309,2,6,3.761802,8686,0,0,42,660,1422,176,9,0
rusks,rusks.txt,2309,2,6,3.761802,8686,0,0,34,745,1276,245,9,0
spivs,spivs.txt,2309,2,6,3.761802,8686,0,0,32,732,1306,232,7,0
unjam,unjam.txt,2309,2,6,3.761802,8686,0,0,38,696,1360,208,7,0
bubas,bubas.txt,2309,2,6,3.762235,8687,0,0,46,709,1313,230,11,0
hoghs,hoghs.txt,2309,2,6,3.762235,8687,0,0,33,726,1316,225,9,0
ivies,ivies.txt,2309,2,6,3.762235,8687,0,0,33,719,1334,210,13,0
jheel,jheel.txt,2309,2,6,3.762235,8687,0,0,33,723,1323,220,10,0
kacha,kacha.txt,2309,2,6,3.762235,8687,0,0,35,718,1328,217,11,0
masks,masks.txt,2309,2,6,3.762235,8687,0,0,34,713,1342,208,12,0
skeev,skeev.txt,2309,2,6,3.762235,8687,0,0,28,746,1297,223,15,0
souks,souks.txt,2309,2,6,3.762235,8687,0,0,25,757,1281,234,12,0
bunjy,bunjy.txt,2309,2,6,3.762668,8688,0,0,39,690,1368,204,8,0
cobby,cobby.txt,2309,2,6,3.762668,8688,0,0,37,688,1376,202,6,0
dodgy,dodgy.txt,2309,1,6,3.762668,8688,1,1,48,701,1320,226,13,0
exode,exode.txt,2309,2,6,3.762668,8688,0,0,35,711,1339,215,9,0
ghazi,ghazi.txt,2309,2,6,3.762668,8688,0,0,35,718,1324,224,8,0
haugh,haugh.txt,2309,2,6,3.762668,8688,0,0,32,747,1282,233,15,0
hifis,hifis.txt,2309,2,6,3.762668,8688,0,0,36,716,1327,220,10,0
highs,highs.txt,2309,2,6,3.762668,8688,0,0,33,717,1332,219,8,0
kapha,kapha.txt,2309,2,6,3.762668,8688,0,0,33,718,1331,218,9,0
kaval,kaval.txt,2309,2,6,3.762668,8688,0,0,38,714,1324,224,9,0
nuddy,nuddy.txt,2309,2,6,3.762668,8688,0,0,38,717,1323,217,14,0
rufus,rufus.txt,2309,2,6,3.762668,8688,0,0,39,711,1326,225,8,0
ugged,ugged.txt,2309,2,6,3.762668,8688,0,0,31,713,1348,207,10,0
zobus,zobus.txt,2309,2,6,3.762668,8688,0,0,31,714,1345,210,9,0
daffs,daffs.txt,2309,2,6,3.763101,8689,0,0,31,694,1382,195,7,0
doffs,doffs.txt,2309,2,6,3.763101,8689,0,0,33,682,1398,191,5,0
expel,expel.txt,2309,1,6,3.763101,8689,1,1,44,691,1350,211,12,0
gammy,gammy.txt,2309,2,6,3.763101,8689,0,0,48,690,1342,219,10,0
iambi,iambi.txt,2309,2,6,3.763101,8689,0,0,36,709,1334,226,4,0
jimpy,jimpy.txt,2309,2,6,3.763101,8689,0,0,34,699,1358,216,2,0
jowly,jowly.txt,2309,2,6,3.763101,8689,0,0,31,701,1363,212,2,0
makai,makai.txt,2309,2,6,3.763101,8689,0,0,35,733,1294,238,9,0
quays,quays.txt,2309,2,6,3.763101,8689,0,0,27,713,1357,204,8,0
alula,alula.txt,2309,2,6,3.763534,8690,0,0,39,716,1321,218,15,0
awave,awave.txt,2309,2,6,3.763534,8690,0,0,43,707,1325,221,13,0
lummy,lummy.txt,2309,2,6,3.763534,8690,0,0,39,715,1318,227,10,0
potto,potto.txt,2309,2,6,3.763534,8690,0,0,48,701,1314,241,5,0
quork,quork.txt,2309,2,6,3.763534,8690,0,0,24,737,1320,217,11,0
seems,seems.txt,2309,2,6,3.763534,8690,0,0,31,745,1285,235,13,0
geeky,geeky.txt,2309,1,6,3.763967,8691,1,1,33,710,1344,208,13,0
maumy,maumy.txt,2309,2,6,3.763967,8691,0,0,41,706,1328,225,9,0
mixup,mixup.txt,2309,2,6,3.763967,8691,0,0,36,709,1334,224,6,0
mokos,mokos.txt,2309,2,6,3.763967,8691,0,0,35,721,1315,230,8,0
quake,quake.txt,2309,1,6,3.763967,8691,1,1,29,726,1319,226,8,0
rajas,rajas.txt,2309,2,6,3.763967,8691,0,0,28,714,1350,209,8,0
skims,skims.txt,2309,2,6,3.763967,8691,0,0,37,716,1317,233,6,0
spews,spews.txt,2309,2,6,3.763967,8691,0,0,34,740,1280,247,8,0
voici,voici.txt,2309,2,6,3.763967,8691,0,0,38,696,1358,207,10,0
whoop,whoop.txt,2309,1,6,3.763967,8691,1,1,39,735,1272,253,9,0
wicca,wicca.txt,2309,2,6,3.763967,8691,0,0,34,739,1285,240,11,0
zills,zills.txt,2309,2,6,3.763967,8691,0,0,25,709,1365,206,4,0
asway,asway.txt,2309,2,6,3.7644,8692,0,0,36,691,1373,199,10,0
bokos,bokos.txt,2309,2,6,3.7644,8692,0,0,34,723,1314,229,9,0
dadla,dadla.txt,2309,2,6,3.7644,8692,0,0,38,711,1325,227,8,0
gombo,gombo.txt,2309,2,6,3.7644,8692,0,0,45,701,1328,223,12,0
jehus,jehus.txt,2309,2,6,3.7644,8692,0,0,35,698,1360,208,8,0
mambo,mambo.txt,2309,1,6,3.7644,8692,1,1,41,711,1314,232,10,0
pumps,pumps.txt,2309,2,6,3.7644,8692,0,0,40,708,1323,232,6,0
quirk,quirk.txt,2309,1,6,3.7644,8692,1,1,28,729,1318,222,11,0
rummy,rummy.txt,2309,2,6,3.7644,8692,0,0,39,693,1358,211,8,0
woody,woody.txt,2309,1,6,3.7644,8692,1,1,43,723,1280,256,6,0
azans,azans.txt,2309,2,6,3.764833,8693,0,0,32,711,1342,216,8,0
chack,chack.txt,2309,2,6,3.764833,8693,0,0,33,742,1279,245,10,0
mauka,mauka.txt,2309,2,6,3.764833,8693,0,0,45,717,1291,248,8,0
nanas,nanas.txt,2309,2,6,3.764833,8693,0,0,38,697,1354,210,10,0
coqui,coqui.txt,2309,2,6,3.765266,8694,0,0,30,733,1307,227,12,0
emoji,emoji.txt,2309,2,6,3.765266,8694,0,0,31,726,1313,232,7,0
giddy,giddy.txt,2309,1,6,3.765266,8694,1,1,42,697,1335,226,8,0
goofy,goofy.txt,2309,1,6,3.765266,8694,1,1,33,715,1333,212,15,0
jambo,jambo.txt,2309,2,6,3.765266,8694,0,0,42,697,1340,221,9,0
knock,knock.txt,2309,1,6,3.765266,8694,1,1,28,714,1343,215,8,0
moppy,moppy.txt,2309,2,6,3.765266,8694,0,0,42,701,1333,223,10,0
pluff,pluff.txt,2309,2,6,3.765266,8694,0,0,27,725,1324,229,4,0
tuffs,tuffs.txt,2309,2,6,3.765266,8694,0,0,36,690,1366,214,3,0
vivat,vivat.txt,2309,2,6,3.765266,8694,0,0,40,695,1349,217,8,0
exies,exies.txt,2309,2,6,3.765699,8695,0,0,32,717,1330,220,10,0
gyoza,gyoza.txt,2309,2,6,3.765699,8695,0,0,40,715,1310,234,10,0
jalap,jalap.txt,2309,2,6,3.765699,8695,0,0,36,712,1329,221,11,0
omdda,omdda.txt,2309,2,6,3.765699,8695,0,0,48,695,1326,230,10,0
caeca,caeca.txt,2309,2,6,3.766133,8696,0,0,29,735,1300,237,8,0
hoppy,hoppy.txt,2309,2,6,3.766133,8696,0,0,40,702,1340,212,15,0
lalls,lalls.txt,2309,2,6,3.766133,8696,0,0,28,729,1321,217,14,0
migma,migma.txt,2309,2,6,3.766133,8696,0,0,44,709,1309,237,10,0
speks,speks.txt,2309,2,6,3.766133,8696,0,0,35,744,1268,250,12,0
vigil,vigil.txt,2309,1,6,3.766133,8696,1,1,50,703,1302,240,13,0
byssi,byssi.txt,2309,2,6,3.766566,8697,0,0,34,700,1354,213,8,0
cusks,cusks.txt,2309,2,6,3.766566,8697,0,0,36,723,1304,236,10,0
haffs,haffs.txt,2309,2,6,3.766566,8697,0,0,39,675,1386,204,5,0
noons,noons.txt,2309,2,6,3.766566,8697,0,0,29,715,1338,220,7,0
quete,quete.txt,2309,2,6,3.766566,8697,0,0,31,738,1288,243,9,0
whish,whish.txt,2309,2,6,3.766566,8697,0,0,43,709,1314,230,13,0
woofs,woofs.txt,2309,2,6,3.766566,8697,0,0,36,705,1336,226,6,0
annas,annas.txt,2309,2,6,3.766999,8698,0,0,37,707,1331,225,9,0
bombs,bombs.txt,2309,2,6,3.766999,8698,0,0,36,685,1377,203,8,0
diffs,diffs.txt,2309,2,6,3.766999,8698,0,0,39,676,1385,202,7,0
offal,offal.txt,2309,1,6,3.766999,8698,1,1,32,703,1347,220,6,0
siris,siris.txt,2309,2,6,3.766999,8698,0,0,27,747,1284,239,12,0
skunk,skunk.txt,2309,1,6,3.766999,8698,1,1,31,717,1326,224,10,0
zoons,zoons.txt,2309,2,6,3.766999,8698,0,0,29,712,1344,216,8,0
nibby,nibby.txt,2309,2,6,3.767432,8699,0,0,36,678,1387,203,5,0
sucks,sucks.txt,2309,2,6,3.767432,8699,0,0,36,719,1310,234,10,0
appuy,appuy.txt,2309,2,6,3.767865,8700,0,0,42,703,1324,229,11,0
biggs,biggs.txt,2309,2,6,3.767865,8700,0,0,35,699,1349,219,7,0
gazal,gazal.txt,2309,2,6,3.767865,8700,0,0,46,699,1318,237,9,0
hijab,hijab.txt,2309,2,6,3.767865,8700,0,0,29,735,1296,241,8,0
kobos,kobos.txt,2309,2,6,3.767865,8700,0,0,34,715,1322,229,9,0
kopek,kopek.txt,2309,2,6,3.767865,8700,0,0,32,714,1334,216,13,0
nooky,nooky.txt,2309,2,6,3.767865,8700,0,0,30,722,1320,228,9,0
bambi,bambi.txt,2309,2,6,3.768298,8701,0,0,37,700,1337,231,4,0
offed,offed.txt,2309,2,6,3.768298,8701,0,0,34,690,1368,211,6,0
vacay,vacay.txt,2309,2,6,3.768298,8701,0,0,34,699,1350,220,6,0
wifie,wifie.txt,2309,2,6,3.768298,8701,0,0,30,699,1367,202,11,0
batta,batta.txt,2309,2,6,3.768731,8702,0,0,39,710,1316,234,10,0
bippy,bippy.txt,2309,2,6,3.768731,8702,0,0,34,699,1352,215,9,0
ciggy,ciggy.txt,2309,2,6,3.768731,8702,0,0,30,702,1355,216,6,0
gippy,gippy.txt,2309,2,6,3.768731,8702,0,0,46,684,1342,232,5,0
janky,janky.txt,2309,2,6,3.768731,8702,0,0,32,690,1372,210,5,0
jills,jills.txt,2309,2,6,3.768731,8702,0,0,24,706,1366,206,7,0
kissy,kissy.txt,2309,2,6,3.768731,8702,0,0,30,721,1320,229,9,0
mezes,mezes.txt,2309,2,6,3.768731,8702,0,0,26,717,1345,207,14,0
nimbi,nimbi.txt,2309,2,6,3.768731,8702,0,0,32,681,1390,201,5,0
piggy,piggy.txt,2309,1,6,3.768731,8702,1,1,33,702,1341,227,5,0
skeds,skeds.txt,2309,2,6,3.768731,8702,0,0,23,720,1342,216,8,0
toffy,toffy.txt,2309,2,6,3.768731,8702,0,0,34,690,1370,206,9,0
visas,visas.txt,2309,2,6,3.768731,8702,0,0,40,703,1327,229,10,0
basks,basks.txt,2309,2,6,3.769164,8703,0,0,32,705,1340,228,4,0
divis,divis.txt,2309,2,6,3.769164,8703,0,0,38,701,1334,228,8,0
feyly,feyly.txt,2309,2,6,3.769164,8703,0,0,34,709,1334,220,12,0
ilial,ilial.txt,2309,2,6,3.769164,8703,0,0,34,732,1286,247,10,0
tubby,tubby.txt,2309,2,6,3.769164,8703,0,0,45,675,1368,210,11,0
ummas,ummas.txt,2309,2,6,3.769164,8703,0,0,40,692,1350,215,12,0
yawny,yawny.txt,2309,2,6,3.769164,8703,0,0,32,690,1372,209,6,0
funny,funny.txt,2309,1,6,3.769597,8704,1,1,39,693,1347,216,13,0
nobby,nobby.txt,2309,2,6,3.769597,8704,0,0,37,674,1388,204,6,0
pirri,pirri.txt,2309,2,6,3.769597,8704,0,0,28,717,1331,225,8,0
yecch,yecch.txt,2309,2,6,3.769597,8704,0,0,33,726,1300,240,10,0
bhaji,bhaji.txt,2309,2,6,3.77003,8705,0,0,27,711,1341,226,4,0
cacas,cacas.txt,2309,2,6,3.77003,8705,0,0,28,731,1303,238,9,0
kacks,kacks.txt,2309,2,6,3.77003,8705,0,0,26,701,1367,208,7,0
ozone,ozone.txt,2309,1,6,3.77003,8705,1,1,35,686,1371,204,12,0
ruggy,ruggy.txt,2309,2,6,3.77003,8705,0,0,34,689,1367,212,7,0
sazes,sazes.txt,2309,2,6,3.77003,8705,0,0,32,703,1350,212,12,0
acara,acara.txt,2309,2,6,3.770463,8706,0,0,33,709,1333,223,11,0
deffo,deffo.txt,2309,2,6,3.770463,8706,0,0,33,700,1347,222,7,0
doggy,doggy.txt,2309,2,6,3.770463,8706,0,0,42,696,1334,224,13,0
jauks,jauks.txt,2309,2,6,3.770463,8706,0,0,28,698,1366,210,7,0
skeps,skeps.txt,2309,2,6,3.770463,8706,0,0,32,741,1273,251,12,0
vacua,vacua.txt,2309,2,6,3.770463,8706,0,0,35,701,1339,227,7,0
boppy,boppy.txt,2309,2,6,3.770896,8707,0,0,33,699,1347,224,6,0
dooky,dooky.txt,2309,2,6,3.770896,8707,0,0,29,707,1345,220,8,0
hippy,hippy.txt,2309,1,6,3.770896,8707,1,1,42,691,1338,225,12,0
ibrik,ibrik.txt,2309,2,6,3.770896,8707,0,0,24,712,1351,213,9,0
lills,lills.txt,2309,2,6,3.770896,8707,0,0,20,720,1344,219,6,0
mumps,mumps.txt,2309,2,6,3.770896,8707,0,0,34,703,1336,230,6,0
opihi,opihi.txt,2309,2,6,3.770896,8707,0,0,34,714,1312,245,4,0
quonk,quonk.txt,2309,2,6,3.770896,8707,0,0,20,732,1325,221,11,0
tikka,tikka.txt,2309,2,6,3.770896,8707,0,0,34,701,1344,220,10,0
adrad,adrad.txt,2309,2,6,3.77133,8708,0,0,40,696,1332,234,7,0
avgas,avgas.txt,2309,2,6,3.77133,8708,0,0,43,696,1326,234,10,0
eppie,eppie.txt,2309,2,6,3.77133,8708,0,0,42,689,1341,229,8,0
jumps,jumps.txt,2309,2,6,3.77133,8708,0,0,30,701,1349,225,4,0
kokra,kokra.txt,2309,2,6,3.77133,8708,0,0,37,705,1326,231,10,0
myopy,myopy.txt,2309,2,6,3.77133,8708,0,0,38,694,1346,220,11,0
nohow,nohow.txt,2309,2,6,3.77133,8708,0,0,41,705,1313,241,9,0
shews,shews.txt,2309,2,6,3.77133,8708,0,0,37,743,1250,269,10,0
wheek,wheek.txt,2309,2,6,3.77133,8708,0,0,41,721,1282,255,10,0
fifty,fifty.txt,2309,1,6,3.771763,8709,1,1,39,668,1389,202,10,0
heugh,heugh.txt,2309,2,6,3.771763,8709,0,0,26,737,1299,232,15,0
hexed,hexed.txt,2309,2,6,3.771763,8709,0,0,38,709,1313,240,9,0
kauru,kauru.txt,2309,2,6,3.771763,8709,0,0,27,690,1380,207,5,0
ooaas,ooaas.txt,2309,2,6,3.771763,8709,0,0,29,720,1323,223,14,0
ruffs,ruffs.txt,2309,2,6,3.771763,8709,0,0,37,691,1351,222,8,0
sasse,sasse.txt,2309,2,6,3.771763,8709,0,0,28,717,1335,212,17,0
unbox,unbox.txt,2309,2,6,3.771763,8709,0,0,31,706,1339,225,8,0
zarda,zarda.txt,2309,2,6,3.771763,8709,0,0,39,676,1373,215,6,0
ansas,ansas.txt,2309,2,6,3.772196,8710,0,0,37,695,1343,225,9,0
faddy,faddy.txt,2309,2,6,3.772196,8710,0,0,29,683,1388,203,6,0
fugue,fugue.txt,2309,1,6,3.772196,8710,1,1,37,686,1355,223,7,0
kakis,kakis.txt,2309,2,6,3.772196,8710,0,0,27,697,1368,209,8,0
mbube,mbube.txt,2309,2,6,3.772196,8710,0,0,35,691,1354,223,6,0
mesem,mesem.txt,2309,2,6,3.772196,8710,0,0,29,714,1335,216,15,0
queyn,queyn.txt,2309,2,6,3.772196,8710,0,0,20,713,1361,203,12,0
tatts,tatts.txt,2309,2,6,3.772196,8710,0,0,29,712,1337,218,13,0
fussy,fussy.txt,2309,1,6,3.772629,8711,1,1,32,711,1322,233,10,0
gazar,gazar.txt,2309,2,6,3.772629,8711,0,0,41,673,1374,212,9,0
ngaka,ngaka.txt,2309,2,6,3.772629,8711,0,0,38,700,1328,235,8,0
ovoid,ovoid.txt,2309,1,6,3.772629,8711,1,1,44,688,1329,240,7,0
poovy,poovy.txt,2309,2,6,3.772629,8711,0,0,35,722,1300,237,15,0
quayd,quayd.txt,2309,2,6,3.772629,8711,0,0,24,696,1378,203,8,0
quibs,quibs.txt,2309,2,6,3.772629,8711,0,0,37,686,1363,211,12,0
favas,favas.txt,2309,2,6,3.773062,8712,0,0,35,693,1350,223,8,0
jocks,jocks.txt,2309,2,6,3.773062,8712,0,0,29,694,1363,218,5,0
mollo,mollo.txt,2309,2,6,3.773062,8712,0,0,44,700,1313,240,12,0
myoma,myoma.txt,2309,2,6,3.773062,8712,0,0,45,709,1294,247,14,0
offie,offie.txt,2309,2,6,3.773062,8712,0,0,32,691,1361,219,6,0
panax,panax.txt,2309,2,6,3.773062,8712,0,0,38,708,1317,232,14,0
rikka,rikka.txt,2309,2,6,3.773062,8712,0,0,31,696,1355,220,7,0
saxes,saxes.txt,2309,2,6,3.773062,8712,0,0,32,698,1353,214,12,0
wryly,wryly.txt,2309,1,6,3.773062,8712,1,1,29,661,1428,182,8,0
yarra,yarra.txt,2309,2,6,3.773062,8712,0,0,36,682,1367,218,6,0
bazar,bazar.txt,2309,2,6,3.773495,8713,0,0,40,674,1372,215,8,0
bisks,bisks.txt,2309,2,6,3.773495,8713,0,0,33,699,1340,232,5,0
duked,duked.txt,2309,2,6,3.773495,8713,0,0,34,710,1323,229,13,0
gungy,gungy.txt,2309,2,6,3.773495,8713,0,0,35,703,1336,220,15,0
mazar,mazar.txt,2309,2,6,3.773495,8713,0,0,42,672,1370,217,8,0
saags,saags.txt,2309,2,6,3.773495,8713,0,0,35,713,1315,232,14,0
shivs,shivs.txt,2309,2,6,3.773495,8713,0,0,35,718,1302,243,11,0
jeely,jeely.txt,2309,2,6,3.773928,8714,0,0,32,694,1357,216,10,0
jerky,jerky.txt,2309,1,6,3.773928,8714,1,1,31,696,1349,225,7,0
pobby,pobby.txt,2309,2,6,3.773928,8714,0,0,37,682,1362,222,6,0
vives,vives.txt,2309,2,6,3.773928,8714,0,0,29,699,1358,211,12,0
bifid,bifid.txt,2309,2,6,3.774361,8715,0,0,40,676,1366,219,8,0
chock,chock.txt,2309,1,6,3.774361,8715,1,1,34,723,1285,259,7,0
emmer,emmer.txt,2309,2,6,3.774361,8715,0,0,36,699,1332,234,8,0
evoke,evoke.txt,2309,1,6,3.774361,8715,1,1,31,709,1331,221,16,0
hexes,hexes.txt,2309,2,6,3.774361,8715,0,0,33,702,1337,227,10,0
imaum,imaum.txt,2309,2,6,3.774361,8715,0,0,43,691,1329,236,10,0
kulak,kulak.txt,2309,2,6,3.774361,8715,0,0,33,711,1325,224,16,0
mneme,mneme.txt,2309,2,6,3.774361,8715,0,0,27,720,1321,229,12,0
nebby,nebby.txt,2309,2,6,3.774361,8715,0,0,34,679,1378,210,8,0
panna,panna.txt,2309,2,6,3.774361,8715,0,0,43,707,1300,246,13,0
sulls,sulls.txt,2309,2,6,3.774361,8715,0,0,30,730,1295,239,15,0
sykes,sykes.txt,2309,2,6,3.774361,8715,0,0,24,710,1347,219,9,0
wynns,wynns.txt,2309,2,6,3.774361,8715,0,0,39,677,1366,220,7,0
cacky,cacky.txt,2309,2,6,3.774794,8716,0,0,35,687,1355,227,5,0
danda,danda.txt,2309,2,6,3.774794,8716,0,0,36,702,1327,234,10,0
ebene,ebene.txt,2309,2,6,3.774794,8716,0,0,31,705,1333,233,7,0
hollo,hollo.txt,2309,2,6,3.774794,8716,0,0,36,720,1295,244,14,0
jolls,jolls.txt,2309,2,6,3.774794,8716,0,0,27,695,1364,217,6,0
jukes,jukes.txt,2309,2,6,3.774794,8716,0,0,27,698,1357,222,5,0
malax,malax.txt,2309,2,6,3.774794,8716,0,0,40,692,1336,230,11,0
ooses,ooses.txt,2309,2,6,3.774794,8716,0,0,30,695,1359,215,10,0
puddy,puddy.txt,2309,2,6,3.774794,8716,0,0,34,700,1335,232,8,0
debby,debby.txt,2309,2,6,3.775227,8717,0,0,38,681,1364,214,12,0
emcee,emcee.txt,2309,1,6,3.775227,8717,1,1,30,699,1346,223,10,0
evegs,evegs.txt,2309,2,6,3.775227,8717,0,0,37,701,1320,246,5,0
feaze,feaze.txt,2309,2,6,3.775227,8717,0,0,42,691,1330,236,10,0
gemmy,gemmy.txt,2309,2,6,3.775227,8717,0,0,41,705,1303,252,8,0
kojis,kojis.txt,2309,2,6,3.775227,8717,0,0,24,714,1334,231,6,0
kurus,kurus.txt,2309,2,6,3.775227,8717,0,0,26,736,1291,243,13,0
luffs,luffs.txt,2309,2,6,3.775227,8717,0,0,38,671,1374,224,2,0
syphs,syphs.txt,2309,2,6,3.775227,8717,0,0,39,689,1344,226,11,0
unsub,unsub.txt,2309,2,6,3.775227,8717,0,0,35,690,1349,229,6,0
baggy,baggy.txt,2309,1,6,3.77566,8718,1,1,38,686,1344,233,7,0
bezes,bezes.txt,2309,2,6,3.77566,8718,0,0,34,706,1321,240,8,0
fujis,fujis.txt,2309,2,6,3.77566,8718,0,0,40,679,1357,225,8,0
majat,majat.txt,2309,2,6,3.77566,8718,0,0,37,682,1362,218,10,0
soxes,soxes.txt,2309,2,6,3.77566,8718,0,0,33,687,1363,217,9,0
vinny,vinny.txt,2309,2,6,3.77566,8718,0,0,35,696,1339,230,9,0
junks,junks.txt,2309,2,6,3.776094,8719,0,0,29,702,1341,231,6,0
nunks,nunks.txt,2309,2,6,3.776094,8719,0,0,30,715,1317,236,11,0
rakki,rakki.txt,2309,2,6,3.776094,8719,0,0,30,686,1371,215,7,0
riffy,riffy.txt,2309,2,6,3.776094,8719,0,0,39,671,1373,220,6,0
swobs,swobs.txt,2309,2,6,3.776094,8719,0,0,31,705,1333,230,10,0
yohah,yohah.txt,2309,2,6,3.776094,8719,0,0,23,721,1330,220,15,0
cwtch,cwtch.txt,2309,2,6,3.776527,8720,0,0,33,704,1329,232,11,0
epees,epees.txt,2309,2,6,3.776527,8720,0,0,35,702,1322,244,6,0
hough,hough.txt,2309,2,6,3.776527,8720,0,0,30,734,1282,248,15,0
humus,humus.txt,2309,1,6,3.776527,8720,1,1,37,696,1331,231,13,0
mosks,mosks.txt,2309,2,6,3.776527,8720,0,0,34,694,1343,230,8,0
quack,quack.txt,2309,1,6,3.776527,8720,1,1,23,732,1296,249,8,0
vibex,vibex.txt,2309,2,6,3.776527,8720,0,0,40,680,1352,230,7,0
capax,capax.txt,2309,2,6,3.77696,8721,0,0,31,704,1330,237,7,0
gruff,gruff.txt,2309,1,6,3.77696,8721,1,1,35,689,1346,229,9,0
jinne,jinne.txt,2309,2,6,3.77696,8721,0,0,32,706,1321,245,5,0
level,level.txt,2309,1,6,3.77696,8721,1,1,39,711,1293,253,12,0
sizes,sizes.txt,2309,2,6,3.77696,8721,0,0,29,699,1352,216,13,0
boofy,boofy.txt,2309,2,6,3.777393,8722,0,0,35,699,1329,237,9,0
galax,galax.txt,2309,2,6,3.777393,8722,0,0,35,706,1311,252,5,0
ewked,ewked.txt,2309,2,6,3.777826,8723,0,0,36,695,1328,246,4,0
furzy,furzy.txt,2309,2,6,3.777826,8723,0,0,40,678,1356,225,10,0
kibbe,kibbe.txt,2309,2,6,3.777826,8723,0,0,38,667,1380,218,6,0
memes,memes.txt,2309,2,6,3.777826,8723,0,0,24,714,1335,223,13,0
mzees,mzees.txt,2309,2,6,3.777826,8723,0,0,25,709,1342,220,13,0
nakfa,nakfa.txt,2309,2,6,3.777826,8723,0,0,37,679,1361,224,8,0
ottos,ottos.txt,2309,2,6,3.777826,8723,0,0,38,685,1347,230,9,0
quink,quink.txt,2309,2,6,3.777826,8723,0,0,25,713,1331,230,10,0
zebec,zebec.txt,2309,2,6,3.777826,8723,0,0,33,680,1371,217,8,0
dobby,dobby.txt,2309,2,6,3.778259,8724,0,0,37,692,1338,230,12,0
kibei,kibei.txt,2309,2,6,3.778259,8724,0,0,32,684,1363,224,6,0
oseys,oseys.txt,2309,2,6,3.778259,8724,0,0,29,680,1387,200,13,0
abjud,abjud.txt,2309,2,6,3.778692,8725,0,0,40,673,1361,228,7,0
deeds,deeds.txt,2309,2,6,3.778692,8725,0,0,33,709,1316,238,13,0
emmet,emmet.txt,2309,2,6,3.778692,8725,0,0,37,679,1360,224,9,0
kotow,kotow.txt,2309,2,6,3.778692,8725,0,0,35,701,1323,240,10,0
rajah,rajah.txt,2309,1,6,3.778692,8725,1,1,25,696,1356,224,7,0
sixes,sixes.txt,2309,2,6,3.778692,8725,0,0,32,692,1354,217,14,0
texts,texts.txt,2309,2,6,3.778692,8725,0,0,37,692,1332,241,7,0
wahoo,wahoo.txt,2309,2,6,3.778692,8725,0,0,38,693,1331,236,11,0
xolos,xolos.txt,2309,2,6,3.778692,8725,0,0,32,697,1338,234,8,0
askos,askos.txt,2309,2,6,3.779125,8726,0,0,31,705,1323,243,7,0
chick,chick.txt,2309,1,6,3.779125,8726,1,1,37,706,1303,251,11,0
lolls,lolls.txt,2309,2,6,3.779125,8726,0,0,25,690,1373,212,9,0
queen,queen.txt,2309,1,6,3.779125,8726,1,1,24,720,1316,235,13,0
gaffs,gaffs.txt,2309,2,6,3.779558,8727,0,0,31,667,1399,204,8,0
kheth,kheth.txt,2309,2,6,3.779558,8727,0,0,31,718,1299,251,10,0
motto,motto.txt,2309,1,6,3.779558,8727,1,1,45,687,1313,255,8,0
sadza,sadza.txt,2309,2,6,3.779558,8727,0,0,35,674,1375,215,10,0
sexts,sexts.txt,2309,2,6,3.779558,8727,0,0,25,706,1337,235,6,0
smews,smews.txt,2309,2,6,3.779558,8727,0,0,32,701,1331,234,11,0
subby,subby.txt,2309,2,6,3.779558,8727,0,0,38,688,1340,231,12,0
takky,takky.txt,2309,2,6,3.779558,8727,0,0,31,660,1412,199,7,0
zilla,zilla.txt,2309,2,6,3.779558,8727,0,0,36,695,1329,240,9,0
dusks,dusks.txt,2309,2,6,3.779991,8728,0,0,28,713,1314,247,7,0
japan,japan.txt,2309,2,6,3.779991,8728,0,0,34,706,1315,242,12,0
kutus,kutus.txt,2309,2,6,3.779991,8728,0,0,23,708,1340,230,8,0
rubby,rubby.txt,2309,2,6,3.779991,8728,0,0,41,650,1400,212,6,0
samas,samas.txt,2309,2,6,3.779991,8728,0,0,40,697,1320,235,17,0
squaw,squaw.txt,2309,2,6,3.779991,8728,0,0,31,687,1357,227,7,0
volva,volva.txt,2309,2,6,3.779991,8728,0,0,48,671,1343,235,12,0
yucca,yucca.txt,2309,2,6,3.779991,8728,0,0,40,699,1314,241,15,0
asana,asana.txt,2309,2,6,3.780424,8729,0,0,30,692,1353,223,11,0
egger,egger.txt,2309,2,6,3.780424,8729,0,0,32,707,1314,248,8,0
gypsy,gypsy.txt,2309,1,6,3.780424,8729,1,1,34,680,1359,226,9,0
kamik,kamik.txt,2309,2,6,3.780424,8729,0,0,29,707,1325,238,10,0
kapok,kapok.txt,2309,2,6,3.780424,8729,0,0,32,680,1373,211,13,0
lolog,lolog.txt,2309,2,6,3.780424,8729,0,0,40,683,1341,234,11,0
wakas,wakas.txt,2309,2,6,3.780424,8729,0,0,40,667,1366,232,4,0
amaze,amaze.txt,2309,1,6,3.780858,8730,1,1,40,697,1310,248,13,0
appal,appal.txt,2309,2,6,3.780858,8730,0,0,43,688,1325,238,15,0
peeps,peeps.txt,2309,2,6,3.780858,8730,0,0,36,708,1299,258,8,0
quoys,quoys.txt,2309,2,6,3.780858,8730,0,0,21,706,1354,214,14,0
sagas,sagas.txt,2309,2,6,3.780858,8730,0,0,38,686,1342,230,13,0
sowfs,sowfs.txt,2309,2,6,3.780858,8730,0,0,31,685,1360,225,8,0
stets,stets.txt,2309,2,6,3.780858,8730,0,0,28,726,1290,254,11,0
embox,embox.txt,2309,2,6,3.781291,8731,0,0,43,669,1362,220,15,0
kusso,kusso.txt,2309,2,6,3.781291,8731,0,0,23,745,1269,258,14,0
vutty,vutty.txt,2309,2,6,3.781291,8731,0,0,35,673,1371,222,8,0
exome,exome.txt,2309,2,6,3.781724,8732,0,0,34,665,1389,213,8,0
kicks,kicks.txt,2309,2,6,3.781724,8732,0,0,29,682,1367,226,5,0
lavvy,lavvy.txt,2309,2,6,3.781724,8732,0,0,38,659,1385,223,4,0
moggy,moggy.txt,2309,2,6,3.781724,8732,0,0,39,693,1321,245,11,0
quipo,quipo.txt,2309,2,6,3.781724,8732,0,0,27,720,1306,242,14,0
weete,weete.txt,2309,2,6,3.781724,8732,0,0,38,682,1342,240,7,0
widow,widow.txt,2309,1,6,3.781724,8732,1,1,25,691,1360,224,8,0
yohay,yohay.txt,2309,2,6,3.781724,8732,0,0,30,700,1340,222,17,0
bimbo,bimbo.txt,2309,2,6,3.782157,8733,0,0,45,662,1360,235,7,0
bosks,bosks.txt,2309,2,6,3.782157,8733,0,0,32,696,1335,235,11,0
daffy,daffy.txt,2309,2,6,3.782157,8733,0,0,32,656,1410,205,6,0
juves,juves.txt,2309,2,6,3.782157,8733,0,0,31,680,1364,229,5,0
kanzu,kanzu.txt,2309,2,6,3.782157,8733,0,0,28,684,1372,213,12,0
muddy,muddy.txt,2309,1,6,3.782157,8733,1,1,34,682,1356,222,14,0
opepe,opepe.txt,2309,2,6,3.782157,8733,0,0,35,691,1342,224,17,0
voulu,voulu.txt,2309,2,6,3.782157,8733,0,0,30,686,1359,225,9,0
waddy,waddy.txt,2309,2,6,3.782157,8733,0,0,34,657,1401,212,5,0
which,which.txt,2309,1,6,3.782157,8733,1,1,34,695,1327,241,11,0
zymic,zymic.txt,2309,2,6,3.782157,8733,0,0,33,647,1428,192,9,0
dukun,dukun.txt,2309,2,6,3.78259,8734,0,0,26,691,1359,225,8,0
dummy,dummy.txt,2309,1,6,3.78259,8734,1,1,37,679,1352,226,14,0
gabby,gabby.txt,2309,2,6,3.78259,8734,0,0,37,676,1355,234,7,0
juked,juked.txt,2309,2,6,3.78259,8734,0,0,30,682,1367,220,10,0
malam,malam.txt,2309,2,6,3.78259,8734,0,0,44,686,1317,252,10,0
maqui,maqui.txt,2309,2,6,3.78259,8734,0,0,30,716,1300,252,11,0
texta,texta.txt,2309,2,6,3.78259,8734,0,0,44,689,1310,257,9,0
undug,undug.txt,2309,2,6,3.78259,8734,0,0,33,674,1373,220,9,0
ungag,ungag.txt,2309,2,6,3.78259,8734,0,0,40,685,1334,237,13,0
xoana,xoana.txt,2309,2,6,3.78259,8734,0,0,31,704,1320,244,10,0
duppy,duppy.txt,2309,2,6,3.783023,8735,0,0,42,670,1352,237,8,0
nummy,nummy.txt,2309,2,6,3.783023,8735,0,0,35,668,1378,219,9,0
razoo,razoo.txt,2309,2,6,3.783023,8735,0,0,37,671,1366,226,9,0
skogs,skogs.txt,2309,2,6,3.783023,8735,0,0,17,725,1312,252,3,0
skyey,skyey.txt,2309,2,6,3.783023,8735,0,0,26,685,1371,218,9,0
zinky,zinky.txt,2309,2,6,3.783023,8735,0,0,26,671,1400,202,10,0
fiqhs,fiqhs.txt,2309,2,6,3.783456,8736,0,0,33,689,1343,233,11,0
hazan,hazan.txt,2309,2,6,3.783456,8736,0,0,33,677,1366,223,10,0
nyung,nyung.txt,2309,2,6,3.783456,8736,0,0,34,670,1382,208,15,0
savvy,savvy.txt,2309,1,6,3.783456,8736,1,1,28,663,1402,208,7,0
sists,sists.txt,2309,2,6,3.783456,8736,0,0,25,685,1370,223,6,0
tappa,tappa.txt,2309,2,6,3.783456,8736,0,0,43,671,1343,247,5,0
appui,appui.txt,2309,2,6,3.783889,8737,0,0,40,692,1319,243,15,0
baffs,baffs.txt,2309,2,6,3.783889,8737,0,0,35,651,1409,206,8,0
imshi,imshi.txt,2309,2,6,3.783889,8737,0,0,35,676,1358,233,7,0
luffa,luffa.txt,2309,2,6,3.783889,8737,0,0,39,679,1344,236,11,0
tazze,tazze.txt,2309,2,6,3.783889,8737,0,0,24,685,1377,212,11,0
jells,jells.txt,2309,2,6,3.784322,8738,0,0,24,693,1353,235,4,0
kawas,kawas.txt,2309,2,6,3.784322,8738,0,0,38,659,1379,229,4,0
spaza,spaza.txt,2309,2,6,3.784322,8738,0,0,37,691,1331,233,17,0
unown,unown.txt,2309,2,6,3.784322,8738,0,0,32,687,1348,231,11,0
gooky,gooky.txt,2309,2,6,3.784755,8739,0,0,29,688,1355,225,12,0
innit,innit.txt,2309,2,6,3.784755,8739,0,0,40,675,1349,232,13,0
juvie,juvie.txt,2309,2,6,3.784755,8739,0,0,39,678,1344,237,11,0
kokas,kokas.txt,2309,2,6,3.784755,8739,0,0,28,686,1358,229,8,0
mahwa,mahwa.txt,2309,2,6,3.784755,8739,0,0,30,703,1318,250,8,0
wahay,wahay.txt,2309,2,6,3.784755,8739,0,0,35,678,1360,221,15,0
yeggs,yeggs.txt,2309,2,6,3.784755,8739,0,0,32,694,1330,245,8,0
cucks,cucks.txt,2309,2,6,3.785188,8740,0,0,34,689,1336,239,11,0
kipps,kipps.txt,2309,2,6,3.785188,8740,0,0,32,694,1331,242,10,0
miffs,miffs.txt,2309,2,6,3.785188,8740,0,0,38,657,1383,225,6,0
quaws,quaws.txt,2309,2,6,3.785188,8740,0,0,25,688,1361,228,7,0
weize,weize.txt,2309,2,6,3.785188,8740,0,0,37,682,1342,236,12,0
buxom,buxom.txt,2309,1,6,3.785621,8741,1,1,36,686,1327,252,7,0
jivey,jivey.txt,2309,2,6,3.785621,8741,0,0,40,645,1398,222,4,0
muggs,muggs.txt,2309,2,6,3.785621,8741,0,0,37,684,1336,241,11,0
nyaff,nyaff.txt,2309,2,6,3.785621,8741,0,0,32,653,1410,206,8,0
skyrs,skyrs.txt,2309,2,6,3.785621,8741,0,0,21,712,1331,231,14,0
thymy,thymy.txt,2309,2,6,3.785621,8741,0,0,28,674,1378,223,6,0
xebec,xebec.txt,2309,2,6,3.785621,8741,0,0,34,673,1365,228,9,0
braza,braza.txt,2309,2,6,3.786055,8742,0,0,36,678,1351,232,12,0
jakey,jakey.txt,2309,2,6,3.786055,8742,0,0,35,639,1423,209,3,0
khaph,khaph.txt,2309,2,6,3.786055,8742,0,0,30,686,1350,234,9,0
linin,linin.txt,2309,2,6,3.786055,8742,0,0,34,702,1310,250,13,0
zaida,zaida.txt,2309,2,6,3.786055,8742,0,0,30,694,1338,234,13,0
ebook,ebook.txt,2309,2,6,3.786488,8743,0,0,36,698,1314,245,16,0
hygge,hygge.txt,2309,2,6,3.786488,8743,0,0,25,675,1385,216,8,0
muruk,muruk.txt,2309,2,6,3.786488,8743,0,0,31,710,1305,247,16,0
yomim,yomim.txt,2309,2,6,3.786488,8743,0,0,34,672,1370,219,14,0
dadas,dadas.txt,2309,2,6,3.786921,8744,0,0,30,688,1346,234,11,0
araba,araba.txt,2309,2,6,3.787354,8745,0,0,30,683,1356,228,12,0
bappu,bappu.txt,2309,2,6,3.787354,8745,0,0,23,704,1333,239,10,0
bluff,bluff.txt,2309,1,6,3.787354,8745,1,1,33,686,1335,244,10,0
didie,didie.txt,2309,2,6,3.787354,8745,0,0,35,696,1314,253,11,0
dilli,dilli.txt,2309,2,6,3.787354,8745,0,0,36,679,1344,240,10,0
goffs,goffs.txt,2309,2,6,3.787354,8745,0,0,30,665,1388,218,8,0
jokey,jokey.txt,2309,2,6,3.787354,8745,0,0,31,665,1383,224,6,0
kylix,kylix.txt,2309,2,6,3.787354,8745,0,0,33,662,1383,225,6,0
meffs,meffs.txt,2309,2,6,3.787354,8745,0,0,31,666,1386,215,11,0
scuff,scuff.txt,2309,2,6,3.787354,8745,0,0,28,676,1366,237,2,0
zouks,zouks.txt,2309,2,6,3.787354,8745,0,0,18,697,1359,228,7,0
unkut,unkut.txt,2309,2,6,3.787787,8746,0,0,30,685,1348,237,9,0
yeses,yeses.txt,2309,2,6,3.787787,8746,0,0,27,694,1340,238,10,0
zombi,zombi.txt,2309,2,6,3.787787,8746,0,0,35,662,1375,232,5,0
accra,accra.txt,2309,2,6,3.78822,8747,0,0,43,668,1345,241,12,0
jeeps,jeeps.txt,2309,2,6,3.78822,8747,0,0,30,693,1328,252,6,0
juror,juror.txt,2309,1,6,3.78822,8747,1,1,40,673,1337,249,9,0
kecks,kecks.txt,2309,2,6,3.78822,8747,0,0,22,687,1366,226,8,0
massa,massa.txt,2309,2,6,3.78822,8747,0,0,38,689,1323,242,17,0
nuffs,nuffs.txt,2309,2,6,3.78822,8747,0,0,31,673,1370,224,11,0
puggy,puggy.txt,2309,2,6,3.78822,8747,0,0,36,674,1347,247,5,0
soops,soops.txt,2309,2,6,3.78822,8747,0,0,32,699,1313,256,9,0
umami,umami.txt,2309,2,6,3.78822,8747,0,0,35,684,1339,237,14,0
yacka,yacka.txt,2309,2,6,3.78822,8747,0,0,29,672,1373,229,6,0
innie,innie.txt,2309,2,6,3.788653,8748,0,0,33,703,1305,255,13,0
keaki,keaki.txt,2309,2,6,3.788653,8748,0,0,34,686,1339,234,16,0
oozed,oozed.txt,2309,2,6,3.788653,8748,0,0,29,670,1378,224,8,0
dixit,dixit.txt,2309,2,6,3.789086,8749,0,0,40,666,1350,247,6,0
enzym,enzym.txt,2309,2,6,3.789086,8749,0,0,28,685,1352,234,10,0
omovs,omovs.txt,2309,2,6,3.789086,8749,0,0,35,672,1359,231,12,0
quick,quick.txt,2309,1,6,3.789086,8749,1,1,21,698,1343,236,10,0
ummah,ummah.txt,2309,2,6,3.789086,8749,0,0,41,695,1296,264,13,0
wussy,wussy.txt,2309,2,6,3.789086,8749,0,0,31,686,1341,241,10,0
jello,jello.txt,2309,2,6,3.789519,8750,0,0,37,669,1355,239,9,0
jouks,jouks.txt,2309,2,6,3.789519,8750,0,0,20,695,1355,229,10,0
ouija,ouija.txt,2309,2,6,3.789519,8750,0,0,35,713,1281,263,17,0
pakki,pakki.txt,2309,2,6,3.789519,8750,0,0,35,695,1311,257,11,0
skegs,skegs.txt,2309,2,6,3.789519,8750,0,0,25,696,1339,238,11,0
upful,upful.txt,2309,2,6,3.789519,8750,0,0,31,666,1377,228,7,0
zanze,zanze.txt,2309,2,6,3.789519,8750,0,0,27,688,1357,218,19,0
cuffs,cuffs.txt,2309,2,6,3.789952,8751,0,0,30,666,1375,235,3,0
dubbo,dubbo.txt,2309,2,6,3.789952,8751,0,0,36,692,1309,265,7,0
guava,guava.txt,2309,1,6,3.789952,8751,1,1,38,692,1302,266,10,0
jewel,jewel.txt,2309,1,6,3.789952,8751,1,1,26,695,1334,241,12,0
oozes,oozes.txt,2309,2,6,3.789952,8751,0,0,23,672,1390,215,9,0
orzos,orzos.txt,2309,2,6,3.789952,8751,0,0,28,684,1346,247,4,0
pixie,pixie.txt,2309,1,6,3.789952,8751,1,1,27,691,1337,243,10,0
queys,queys.txt,2309,2,6,3.789952,8751,0,0,22,696,1348,231,12,0
yawey,yawey.txt,2309,2,6,3.789952,8751,0,0,26,659,1403,216,5,0
zoaea,zoaea.txt,2309,2,6,3.789952,8751,0,0,35,684,1332,247,11,0
kerky,kerky.txt,2309,2,6,3.790385,8752,0,0,27,684,1355,232,11,0
mugga,mugga.txt,2309,2,6,3.790385,8752,0,0,45,698,1274,280,12,0
mumph,mumph.txt,2309,2,6,3.790385,8752,0,0,37,686,1323,250,13,0
pumpy,pumpy.txt,2309,2,6,3.790385,8752,0,0,40,672,1341,244,12,0
razai,razai.txt,2309,2,6,3.790385,8752,0,0,36,656,1381,228,8,0
reeve,reeve.txt,2309,2,6,3.790385,8752,0,0,38,695,1302,261,13,0
umiaq,umiaq.txt,2309,2,6,3.790385,8752,0,0,32,699,1314,249,15,0
unfix,unfix.txt,2309,2,6,3.790385,8752,0,0,43,650,1374,232,10,0
zaman,zaman.txt,2309,2,6,3.790385,8752,0,0,34,690,1329,238,18,0
avyze,avyze.txt,2309,2,6,3.790819,8753,0,0,40,632,1417,211,9,0
boggy,boggy.txt,2309,2,6,3.790819,8753,0,0,34,680,1339,247,9,0
dixie,dixie.txt,2309,2,6,3.790819,8753,0,0,32,691,1324,252,10,0
dufus,dufus.txt,2309,2,6,3.790819,8753,0,0,32,672,1360,237,8,0
guppy,guppy.txt,2309,1,6,3.790819,8753,1,1,45,659,1341,257,6,0
lappa,lappa.txt,2309,2,6,3.790819,8753,0,0,41,673,1336,246,13,0
akoya,akoya.txt,2309,2,6,3.791252,8754,0,0,28,691,1336,243,11,0
amass,amass.txt,2309,1,6,3.791252,8754,1,1,43,674,1327,247,17,0
cocky,cocky.txt,2309,2,6,3.791252,8754,0,0,32,674,1353,244,6,0
fezes,fezes.txt,2309,2,6,3.791252,8754,0,0,27,675,1367,233,7,0
fisks,fisks.txt,2309,2,6,3.791252,8754,0,0,33,678,1341,252,5,0
hooky,hooky.txt,2309,2,6,3.791252,8754,0,0,29,707,1307,249,17,0
janns,janns.txt,2309,2,6,3.791252,8754,0,0,27,680,1356,240,6,0
sinsi,sinsi.txt,2309,2,6,3.791252,8754,0,0,34,664,1371,230,10,0
yucch,yucch.txt,2309,2,6,3.791252,8754,0,0,40,685,1314,257,13,0
bobak,bobak.txt,2309,2,6,3.791685,8755,0,0,37,683,1325,252,12,0
cacao,cacao.txt,2309,1,6,3.791685,8755,1,1,33,703,1296,261,15,0
gumma,gumma.txt,2309,2,6,3.791685,8755,0,0,42,700,1276,279,12,0
annex,annex.txt,2309,1,6,3.792118,8756,1,1,40,673,1335,244,16,0
fucus,fucus.txt,2309,2,6,3.792118,8756,0,0,32,663,1371,239,4,0
hushy,hushy.txt,2309,2,6,3.792118,8756,0,0,38,675,1338,245,13,0
niffy,niffy.txt,2309,2,6,3.792118,8756,0,0,40,642,1394,224,9,0
sises,sises.txt,2309,2,6,3.792118,8756,0,0,26,684,1357,228,14,0
swees,swees.txt,2309,2,6,3.792118,8756,0,0,31,702,1299,270,7,0
widdy,widdy.txt,2309,2,6,3.792118,8756,0,0,38,651,1377,239,4,0
bball,bball.txt,2309,2,6,3.792551,8757,0,0,33,684,1332,249,11,0
biffs,biffs.txt,2309,2,6,3.792551,8757,0,0,37,640,1403,223,6,0
buddy,buddy.txt,2309,1,6,3.792551,8757,1,1,38,675,1332,251,12,0
cocos,cocos.txt,2309,2,6,3.792551,8757,0,0,35,688,1321,251,14,0
cubby,cubby.txt,2309,2,6,3.792551,8757,0,0,37,664,1362,233,13,0
execs,execs.txt,2309,2,6,3.792551,8757,0,0,33,685,1329,252,10,0
gyppo,gyppo.txt,2309,2,6,3.792551,8757,0,0,40,654,1372,231,12,0
humph,humph.txt,2309,1,6,3.792551,8757,1,1,32,688,1325,250,13,0
manna,manna.txt,2309,2,6,3.792551,8757,0,0,37,696,1297,267,12,0
bhava,bhava.txt,2309,2,6,3.792984,8758,0,0,34,677,1344,241,13,0
booky,booky.txt,2309,2,6,3.792984,8758,0,0,36,690,1310,262,11,0
potoo,potoo.txt,2309,2,6,3.792984,8758,0,0,38,672,1335,258,6,0
wojus,wojus.txt,2309,2,6,3.792984,8758,0,0,23,687,1354,235,10,0
ebbet,ebbet.txt,2309,2,6,3.793417,8759,0,0,35,670,1348,249,7,0
gobby,gobby.txt,2309,2,6,3.793417,8759,0,0,38,663,1355,244,9,0
jhala,jhala.txt,2309,2,6,3.793417,8759,0,0,30,663,1378,230,8,0
kiddo,kiddo.txt,2309,2,6,3.793417,8759,0,0,35,665,1360,240,9,0
kippa,kippa.txt,2309,2,6,3.793417,8759,0,0,37,691,1305,264,12,0
unwon,unwon.txt,2309,2,6,3.793417,8759,0,0,30,679,1349,240,11,0
vivos,vivos.txt,2309,2,6,3.793417,8759,0,0,36,661,1367,234,11,0
booze,booze.txt,2309,1,6,3.79385,8760,1,1,43,652,1361,239,13,0
check,check.txt,2309,1,6,3.79385,8760,1,1,31,713,1272,282,10,0
pipit,pipit.txt,2309,2,6,3.79385,8760,0,0,36,692,1302,270,9,0
vexer,vexer.txt,2309,2,6,3.79385,8760,0,0,38,692,1298,270,11,0
boffs,boffs.txt,2309,2,6,3.794283,8761,0,0,32,639,1415,218,5,0
grrrl,grrrl.txt,2309,2,6,3.794283,8761,0,0,27,670,1375,225,12,0
kavas,kavas.txt,2309,2,6,3.794283,8761,0,0,36,658,1369,237,9,0
nisin,nisin.txt,2309,2,6,3.794283,8761,0,0,33,667,1362,236,11,0
oozie,oozie.txt,2309,2,6,3.794283,8761,0,0,35,666,1354,247,7,0
buffe,buffe.txt,2309,2,6,3.794716,8762,0,0,32,677,1345,243,12,0
cuffo,cuffo.txt,2309,2,6,3.794716,8762,0,0,26,685,1342,249,7,0
exude,exude.txt,2309,2,6,3.794716,8762,0,0,31,667,1365,237,9,0
immew,immew.txt,2309,2,6,3.794716,8762,0,0,33,676,1343,246,11,0
nubby,nubby.txt,2309,2,6,3.794716,8762,0,0,36,651,1385,225,12,0
sayas,sayas.txt,2309,2,6,3.794716,8762,0,0,34,668,1353,246,8,0
sposo,sposo.txt,2309,2,6,3.794716,8762,0,0,30,702,1299,268,10,0
sweys,sweys.txt,2309,2,6,3.794716,8762,0,0,30,695,1310,267,7,0
aapas,aapas.txt,2309,2,6,3.795149,8763,0,0,28,685,1347,230,19,0
busby,busby.txt,2309,2,6,3.795149,8763,0,0,40,661,1353,242,13,0
faggy,faggy.txt,2309,2,6,3.795149,8763,0,0,31,653,1391,226,8,0
fogou,fogou.txt,2309,2,6,3.795149,8763,0,0,36,680,1327,253,13,0
jacky,jacky.txt,2309,2,6,3.795149,8763,0,0,34,640,1403,229,3,0
nixie,nixie.txt,2309,2,6,3.795149,8763,0,0,37,670,1341,251,10,0
yolky,yolky.txt,2309,2,6,3.795149,8763,0,0,29,660,1382,231,7,0
macca,macca.txt,2309,2,6,3.795583,8764,0,0,36,686,1311,266,10,0
matza,matza.txt,2309,2,6,3.795583,8764,0,0,40,647,1378,233,11,0
sukhs,sukhs.txt,2309,2,6,3.795583,8764,0,0,31,699,1303,263,13,0
bijou,bijou.txt,2309,2,6,3.796016,8765,0,0,33,669,1352,246,9,0
mobby,mobby.txt,2309,2,6,3.796016,8765,0,0,41,660,1349,247,12,0
ngege,ngege.txt,2309,2,6,3.796016,8765,0,0,37,660,1360,241,11,0
sooms,sooms.txt,2309,2,6,3.796016,8765,0,0,34,679,1329,258,9,0
walla,walla.txt,2309,2,6,3.796016,8765,0,0,34,684,1322,257,12,0
agaze,agaze.txt,2309,2,6,3.796449,8766,0,0,38,655,1370,231,15,0
dekko,dekko.txt,2309,2,6,3.796449,8766,0,0,22,682,1353,248,4,0
husks,husks.txt,2309,2,6,3.796449,8766,0,0,35,695,1298,267,14,0
jaaps,jaaps.txt,2309,2,6,3.796449,8766,0,0,30,661,1383,219,16,0
khaya,khaya.txt,2309,2,6,3.796449,8766,0,0,31,661,1377,227,13,0
papad,papad.txt,2309,2,6,3.796449,8766,0,0,40,671,1330,255,13,0
papas,papas.txt,2309,2,6,3.796449,8766,0,0,37,659,1369,225,19,0
skaws,skaws.txt,2309,2,6,3.796449,8766,0,0,29,683,1333,257,7,0
jerry,jerry.txt,2309,2,6,3.796882,8767,0,0,36,648,1383,233,9,0
jinns,jinns.txt,2309,2,6,3.796882,8767,0,0,31,660,1373,237,8,0
laxly,laxly.txt,2309,2,6,3.796882,8767,0,0,33,669,1352,244,11,0
msasa,msasa.txt,2309,2,6,3.796882,8767,0,0,40,675,1325,252,17,0
muzak,muzak.txt,2309,2,6,3.796882,8767,0,0,34,656,1371,241,7,0
bajan,bajan.txt,2309,2,6,3.797315,8768,0,0,29,692,1315,264,9,0
jumpy,jumpy.txt,2309,1,6,3.797315,8768,1,1,32,657,1373,236,10,0
rhymy,rhymy.txt,2309,2,6,3.797315,8768,0,0,31,646,1401,222,9,0
skofs,skofs.txt,2309,2,6,3.797315,8768,0,0,25,687,1336,253,8,0
zitis,zitis.txt,2309,2,6,3.797315,8768,0,0,22,660,1395,228,4,0
biggy,biggy.txt,2309,2,6,3.797748,8769,0,0,32,666,1357,245,9,0
khoja,khoja.txt,2309,2,6,3.797748,8769,0,0,32,714,1266,283,14,0
marma,marma.txt,2309,2,6,3.797748,8769,0,0,46,640,1371,239,13,0
tomoz,tomoz.txt,2309,2,6,3.797748,8769,0,0,35,678,1327,257,12,0
bajra,bajra.txt,2309,2,6,3.798181,8770,0,0,32,657,1378,229,13,0
dozed,dozed.txt,2309,2,6,3.798181,8770,0,0,31,658,1373,240,7,0
eever,eever.txt,2309,2,6,3.798181,8770,0,0,37,688,1299,274,11,0
fedex,fedex.txt,2309,2,6,3.798181,8770,0,0,39,660,1348,252,10,0
koppa,koppa.txt,2309,2,6,3.798181,8770,0,0,41,668,1326,264,10,0
masas,masas.txt,2309,2,6,3.798181,8770,0,0,40,663,1346,243,17,0
onion,onion.txt,2309,1,6,3.798181,8770,1,1,37,680,1316,259,16,0
tatty,tatty.txt,2309,1,6,3.798181,8770,1,1,34,661,1358,244,11,0
zests,zests.txt,2309,2,6,3.798181,8770,0,0,24,667,1377,233,8,0
dazed,dazed.txt,2309,2,6,3.798614,8771,0,0,33,656,1365,253,2,0
duffs,duffs.txt,2309,2,6,3.798614,8771,0,0,32,658,1370,241,8,0
fabbo,fabbo.txt,2309,2,6,3.798614,8771,0,0,37,652,1369,241,10,0
hypha,hypha.txt,2309,2,6,3.798614,8771,0,0,32,668,1351,249,9,0
mythy,mythy.txt,2309,2,6,3.798614,8771,0,0,37,637,1398,228,9,0
vakas,vakas.txt,2309,2,6,3.798614,8771,0,0,33,657,1370,240,9,0
vodou,vodou.txt,2309,2,6,3.798614,8771,0,0,28,670,1364,233,14,0
yechy,yechy.txt,2309,2,6,3.798614,8771,0,0,26,686,1335,251,11,0
zowee,zowee.txt,2309,2,6,3.798614,8771,0,0,32,663,1365,236,13,0
ekkas,ekkas.txt,2309,2,6,3.799047,8772,0,0,23,668,1376,234,8,0
kebab,kebab.txt,2309,1,6,3.799047,8772,1,1,34,661,1352,254,7,0
pouff,pouff.txt,2309,2,6,3.799047,8772,0,0,22,685,1346,247,9,0
queck,queck.txt,2309,2,6,3.799047,8772,0,0,23,712,1295,264,15,0
uvula,uvula.txt,2309,2,6,3.799047,8772,0,0,31,668,1355,244,11,0
vivas,vivas.txt,2309,2,6,3.799047,8772,0,0,38,649,1372,239,11,0
doxed,doxed.txt,2309,2,6,3.79948,8773,0,0,37,642,1386,235,9,0
jests,jests.txt,2309,2,6,3.79948,8773,0,0,27,661,1375,240,6,0
kabob,kabob.txt,2309,2,6,3.79948,8773,0,0,35,651,1377,234,12,0
kyack,kyack.txt,2309,2,6,3.79948,8773,0,0,24,655,1395,230,5,0
xenon,xenon.txt,2309,2,6,3.79948,8773,0,0,30,677,1341,248,13,0
dowdy,dowdy.txt,2309,1,6,3.799913,8774,1,1,42,656,1336,267,7,0
hobby,hobby.txt,2309,1,6,3.799913,8774,1,1,34,673,1331,258,12,0
musks,musks.txt,2309,2,6,3.799913,8774,0,0,39,669,1325,267,9,0
sowff,sowff.txt,2309,2,6,3.799913,8774,0,0,28,647,1401,225,8,0
yaass,yaass.txt,2309,2,6,3.799913,8774,0,0,29,662,1367,244,7,0
yaffs,yaffs.txt,2309,2,6,3.799913,8774,0,0,34,619,1439,209,8,0
addra,addra.txt,2309,2,6,3.800346,8775,0,0,37,668,1336,255,13,0
ataxy,ataxy.txt,2309,2,6,3.800346,8775,0,0,29,640,1414,215,11,0
buppy,buppy.txt,2309,2,6,3.800346,8775,0,0,37,650,1372,237,13,0
cooch,cooch.txt,2309,2,6,3.800346,8775,0,0,39,689,1288,280,13,0
makaf,makaf.txt,2309,2,6,3.800346,8775,0,0,31,666,1357,243,12,0
waqfs,waqfs.txt,2309,2,6,3.800346,8775,0,0,23,652,1407,217,10,0
zabra,zabra.txt,2309,2,6,3.800346,8775,0,0,38,641,1384,236,10,0
bwazi,bwazi.txt,2309,2,6,3.80078,8776,0,0,32,661,1357,253,6,0
jitis,jitis.txt,2309,2,6,3.80078,8776,0,0,24,656,1393,228,8,0
judgy,judgy.txt,2309,2,6,3.80078,8776,0,0,33,668,1346,250,12,0
vozhd,vozhd.txt,2309,2,6,3.80078,8776,0,0,30,672,1341,260,6,0
adead,adead.txt,2309,2,6,3.801213,8777,0,0,37,657,1352,254,9,0
kinky,kinky.txt,2309,1,6,3.801213,8777,1,1,25,642,1414,218,9,0
mosso,mosso.txt,2309,2,6,3.801213,8777,0,0,34,672,1331,263,9,0
nondo,nondo.txt,2309,2,6,3.801213,8777,0,0,38,649,1364,250,8,0
sunns,sunns.txt,2309,2,6,3.801213,8777,0,0,30,690,1309,269,11,0
etwee,etwee.txt,2309,2,6,3.801646,8778,0,0,32,653,1372,245,7,0
jaxie,jaxie.txt,2309,2,6,3.801646,8778,0,0,35,639,1394,231,10,0
jefes,jefes.txt,2309,2,6,3.801646,8778,0,0,26,659,1376,243,5,0
skeez,skeez.txt,2309,2,6,3.801646,8778,0,0,21,676,1363,238,11,0
yexed,yexed.txt,2309,2,6,3.801646,8778,0,0,30,648,1391,230,10,0
yexes,yexes.txt,2309,2,6,3.801646,8778,0,0,29,654,1382,234,10,0
zizel,zizel.txt,2309,2,6,3.801646,8778,0,0,21,656,1398,228,6,0
eques,eques.txt,2309,2,6,3.802079,8779,0,0,26,671,1357,244,11,0
skees,skees.txt,2309,2,6,3.802079,8779,0,0,19,699,1324,254,13,0
axman,axman.txt,2309,2,6,3.802512,8780,0,0,38,663,1347,239,22,0
basas,basas.txt,2309,2,6,3.802512,8780,0,0,36,659,1352,249,13,0
dojos,dojos.txt,2309,2,6,3.802512,8780,0,0,29,657,1371,245,7,0
laval,laval.txt,2309,2,6,3.802512,8780,0,0,37,666,1332,264,10,0
navvy,navvy.txt,2309,2,6,3.802512,8780,0,0,34,639,1390,241,5,0
wudus,wudus.txt,2309,2,6,3.802512,8780,0,0,22,664,1382,230,11,0
cocoa,cocoa.txt,2309,1,6,3.802945,8781,1,1,38,691,1279,285,15,0
femmy,femmy.txt,2309,2,6,3.802945,8781,0,0,33,673,1330,262,11,0
jagra,jagra.txt,2309,2,6,3.802945,8781,0,0,34,642,1387,237,9,0
jambu,jambu.txt,2309,2,6,3.802945,8781,0,0,34,650,1371,245,9,0
mambu,mambu.txt,2309,2,6,3.802945,8781,0,0,35,658,1352,255,9,0
chuck,chuck.txt,2309,1,6,3.803378,8782,1,1,39,691,1269,300,9,0
dadah,dadah.txt,2309,2,6,3.803378,8782,0,0,26,686,1324,262,11,0
pavvy,pavvy.txt,2309,2,6,3.803378,8782,0,0,26,657,1380,237,9,0
zooea,zooea.txt,2309,2,6,3.803378,8782,0,0,30,686,1312,270,11,0
gummy,gummy.txt,2309,1,6,3.803811,8783,1,1,35,672,1320,270,11,0
hubba,hubba.txt,2309,2,6,3.803811,8783,0,0,34,690,1299,267,19,0
levee,levee.txt,2309,2,6,3.803811,8783,0,0,37,689,1287,282,14,0
mekka,mekka.txt,2309,2,6,3.803811,8783,0,0,27,680,1331,261,10,0
mujik,mujik.txt,2309,2,6,3.803811,8783,0,0,25,671,1354,250,9,0
quoif,quoif.txt,2309,2,6,3.803811,8783,0,0,24,694,1320,253,18,0
seeks,seeks.txt,2309,2,6,3.803811,8783,0,0,23,705,1298,268,15,0
falaj,falaj.txt,2309,2,6,3.804244,8784,0,0,29,643,1397,231,9,0
hikoi,hikoi.txt,2309,2,6,3.804244,8784,0,0,26,682,1328,264,9,0
meeja,meeja.txt,2309,2,6,3.804244,8784,0,0,29,683,1323,259,15,0
poops,poops.txt,2309,2,6,3.804244,8784,0,0,37,666,1327,270,9,0
skegg,skegg.txt,2309,2,6,3.804244,8784,0,0,23,678,1347,250,11,0
whows,whows.txt,2309,2,6,3.804244,8784,0,0,30,671,1340,257,11,0
dodos,dodos.txt,2309,2,6,3.804677,8785,0,0,33,661,1346,262,7,0
fuzee,fuzee.txt,2309,2,6,3.804677,8785,0,0,31,651,1376,240,11,0
kyaks,kyaks.txt,2309,2,6,3.804677,8785,0,0,25,631,1436,204,13,0
pubby,pubby.txt,2309,2,6,3.804677,8785,0,0,33,648,1378,237,13,0
queme,queme.txt,2309,2,6,3.804677,8785,0,0,22,686,1335,253,13,0
effer,effer.txt,2309,2,6,3.80511,8786,0,0,32,661,1355,247,14,0
jembe,jembe.txt,2309,2,6,3.80511,8786,0,0,28,653,1375,247,6,0
kiddy,kiddy.txt,2309,2,6,3.80511,8786,0,0,31,639,1396,235,8,0
popos,popos.txt,2309,2,6,3.80511,8786,0,0,32,674,1324,270,9,0
puffs,puffs.txt,2309,2,6,3.80511,8786,0,0,29,664,1355,250,11,0
quill,quill.txt,2309,1,6,3.80511,8786,1,1,29,662,1359,243,15,0
shoos,shoos.txt,2309,2,6,3.80511,8786,0,0,35,684,1300,276,14,0
chuff,chuff.txt,2309,2,6,3.805544,8787,0,0,31,681,1314,272,11,0
pewee,pewee.txt,2309,2,6,3.805544,8787,0,0,27,674,1340,257,11,0
ruffy,ruffy.txt,2309,2,6,3.805544,8787,0,0,33,637,1395,234,10,0
wexed,wexed.txt,2309,2,6,3.805544,8787,0,0,39,668,1313,281,8,0
accas,accas.txt,2309,2,6,3.805977,8788,0,0,27,665,1358,247,12,0
ganja,ganja.txt,2309,2,6,3.805977,8788,0,0,36,661,1342,255,15,0
muggy,muggy.txt,2309,2,6,3.805977,8788,0,0,34,667,1332,265,11,0
nexin,nexin.txt,2309,2,6,3.805977,8788,0,0,46,632,1363,260,8,0
whoof,whoof.txt,2309,2,6,3.805977,8788,0,0,40,669,1311,277,12,0
gummi,gummi.txt,2309,2,6,3.80641,8789,0,0,34,669,1328,266,12,0
mazas,mazas.txt,2309,2,6,3.80641,8789,0,0,33,650,1373,237,16,0
mixie,mixie.txt,2309,2,6,3.80641,8789,0,0,36,641,1380,238,14,0
mumbo,mumbo.txt,2309,2,6,3.80641,8789,0,0,34,670,1324,271,10,0
stoss,stoss.txt,2309,2,6,3.80641,8789,0,0,24,661,1373,240,11,0
assez,assez.txt,2309,2,6,3.806843,8790,0,0,35,638,1388,234,14,0
buchu,buchu.txt,2309,2,6,3.806843,8790,0,0,26,672,1343,258,10,0
kwaai,kwaai.txt,2309,2,6,3.806843,8790,0,0,37,668,1321,270,13,0
lulls,lulls.txt,2309,2,6,3.806843,8790,0,0,21,682,1342,250,14,0
quoll,quoll.txt,2309,2,6,3.806843,8790,0,0,22,683,1332,263,9,0
sijos,sijos.txt,2309,2,6,3.806843,8790,0,0,30,670,1338,258,13,0
ungum,ungum.txt,2309,2,6,3.806843,8790,0,0,33,660,1352,248,16,0
vigia,vigia.txt,2309,2,6,3.806843,8790,0,0,52,647,1317,281,12,0
woofy,woofy.txt,2309,2,6,3.806843,8790,0,0,31,668,1337,262,11,0
zaxes,zaxes.txt,2309,2,6,3.806843,8790,0,0,29,620,1438,212,10,0
djinn,djinn.txt,2309,2,6,3.807276,8791,0,0,30,641,1392,236,10,0
emmys,emmys.txt,2309,2,6,3.807276,8791,0,0,30,661,1353,254,11,0
gobbi,gobbi.txt,2309,2,6,3.807276,8791,0,0,32,655,1358,254,10,0
baffy,baffy.txt,2309,2,6,3.807709,8792,0,0,37,606,1437,222,7,0
dubby,dubby.txt,2309,2,6,3.807709,8792,0,0,37,648,1358,254,12,0
foggy,foggy.txt,2309,1,6,3.807709,8792,1,1,30,641,1392,230,15,0
houff,houff.txt,2309,2,6,3.807709,8792,0,0,29,680,1325,256,19,0
jolly,jolly.txt,2309,1,6,3.807709,8792,1,1,34,639,1377,250,8,0
zazen,zazen.txt,2309,2,6,3.807709,8792,0,0,25,650,1387,238,9,0
fabby,fabby.txt,2309,2,6,3.808142,8793,0,0,33,613,1434,222,7,0
peepy,peepy.txt,2309,2,6,3.808142,8793,0,0,36,664,1331,263,15,0
simis,simis.txt,2309,2,6,3.808142,8793,0,0,30,659,1352,260,8,0
skugs,skugs.txt,2309,2,6,3.808142,8793,0,0,23,683,1329,262,12,0
sojas,sojas.txt,2309,2,6,3.808142,8793,0,0,27,674,1331,269,8,0
totty,totty.txt,2309,2,6,3.808142,8793,0,0,30,669,1337,260,13,0
zamac,zamac.txt,2309,2,6,3.808142,8793,0,0,35,648,1364,249,13,0
jocky,jocky.txt,2309,2,6,3.808575,8794,0,0,30,627,1415,229,8,0
khazi,khazi.txt,2309,2,6,3.808575,8794,0,0,27,668,1347,254,13,0
verve,verve.txt,2309,1,6,3.808575,8794,1,1,37,647,1355,256,13,0
vieux,vieux.txt,2309,2,6,3.808575,8794,0,0,37,648,1357,254,13,0
yesks,yesks.txt,2309,2,6,3.808575,8794,0,0,25,654,1381,236,13,0
hoosh,hoosh.txt,2309,2,6,3.809008,8795,0,0,29,686,1306,273,15,0
kokam,kokam.txt,2309,2,6,3.809008,8795,0,0,31,644,1382,239,13,0
zooey,zooey.txt,2309,2,6,3.809008,8795,0,0,29,640,1399,225,16,0
zooty,zooty.txt,2309,2,6,3.809008,8795,0,0,33,654,1353,259,10,0
cezve,cezve.txt,2309,2,6,3.809441,8796,0,0,32,655,1350,265,7,0
dewed,dewed.txt,2309,2,6,3.809441,8796,0,0,38,671,1302,289,9,0
edged,edged.txt,2309,2,6,3.809441,8796,0,0,35,653,1349,261,11,0
mamas,mamas.txt,2309,2,6,3.809441,8796,0,0,39,647,1355,251,17,0
mormo,mormo.txt,2309,2,6,3.809441,8796,0,0,41,659,1324,269,16,0
pukus,pukus.txt,2309,2,6,3.809441,8796,0,0,29,680,1312,278,10,0
titty,titty.txt,2309,2,6,3.809441,8796,0,0,30,661,1348,259,11,0
wexes,wexes.txt,2309,2,6,3.809441,8796,0,0,30,665,1340,263,11,0
zooid,zooid.txt,2309,2,6,3.809441,8796,0,0,32,664,1340,258,15,0
jumbo,jumbo.txt,2309,1,6,3.809874,8797,1,1,33,647,1364,251,13,0
ragga,ragga.txt,2309,2,6,3.809874,8797,0,0,36,636,1380,245,12,0
veggo,veggo.txt,2309,2,6,3.809874,8797,0,0,39,644,1354,261,11,0
jocos,jocos.txt,2309,2,6,3.810307,8798,0,0,34,644,1368,252,11,0
majas,majas.txt,2309,2,6,3.810307,8798,0,0,29,648,1377,242,13,0
mazac,mazac.txt,2309,2,6,3.810307,8798,0,0,37,639,1371,249,13,0
namaz,namaz.txt,2309,2,6,3.810307,8798,0,0,32,666,1336,258,17,0
skiff,skiff.txt,2309,1,6,3.810307,8798,1,1,33,645,1359,266,5,0
busks,busks.txt,2309,2,6,3.810741,8799,0,0,34,665,1326,272,12,0
kvell,kvell.txt,2309,2,6,3.810741,8799,0,0,32,664,1328,279,6,0
mebbe,mebbe.txt,2309,2,6,3.810741,8799,0,0,30,653,1358,260,8,0
puffa,puffa.txt,2309,2,6,3.810741,8799,0,0,25,679,1327,264,14,0
tekke,tekke.txt,2309,2,6,3.810741,8799,0,0,24,671,1346,254,14,0
vulva,vulva.txt,2309,2,6,3.810741,8799,0,0,37,640,1366,255,11,0
asada,asada.txt,2309,2,6,3.811174,8800,0,0,28,652,1369,248,12,0
bivia,bivia.txt,2309,2,6,3.811174,8800,0,0,37,664,1317,280,11,0
jewie,jewie.txt,2309,2,6,3.811174,8800,0,0,28,653,1368,247,13,0
wikis,wikis.txt,2309,2,6,3.811174,8800,0,0,21,655,1379,247,7,0
bazas,bazas.txt,2309,2,6,3.811607,8801,0,0,34,636,1374,261,4,0
jatha,jatha.txt,2309,2,6,3.811607,8801,0,0,30,631,1406,228,14,0
shash,shash.txt,2309,2,6,3.811607,8801,0,0,32,662,1337,265,13,0
hatha,hatha.txt,2309,2,6,3.81204,8802,0,0,36,636,1375,250,12,0
jaded,jaded.txt,2309,2,6,3.81204,8802,0,0,30,634,1391,248,6,0
jotty,jotty.txt,2309,2,6,3.81204,8802,0,0,35,643,1363,257,11,0
kebob,kebob.txt,2309,2,6,3.81204,8802,0,0,28,646,1378,246,11,0
slyly,slyly.txt,2309,1,6,3.81204,8802,1,1,26,642,1385,247,8,0
whews,whews.txt,2309,2,6,3.81204,8802,0,0,29,677,1313,279,11,0
amman,amman.txt,2309,2,6,3.812473,8803,0,0,36,647,1360,246,20,0
bobol,bobol.txt,2309,2,6,3.812473,8803,0,0,40,642,1351,263,13,0
figgy,figgy.txt,2309,2,6,3.812473,8803,0,0,32,635,1387,244,11,0
kudus,kudus.txt,2309,2,6,3.812473,8803,0,0,20,672,1346,263,8,0
waffs,waffs.txt,2309,2,6,3.812473,8803,0,0,30,630,1401,239,9,0
zamia,zamia.txt,2309,2,6,3.812473,8803,0,0,35,662,1328,269,15,0
hapax,hapax.txt,2309,2,6,3.812906,8804,0,0,33,636,1379,252,9,0
kiwis,kiwis.txt,2309,2,6,3.812906,8804,0,0,20,653,1382,247,7,0
known,known.txt,2309,1,6,3.812906,8804,1,1,31,659,1339,266,13,0
wigga,wigga.txt,2309,2,6,3.812906,8804,0,0,33,646,1358,264,8,0
allyl,allyl.txt,2309,2,6,3.813339,8805,0,0,23,648,1386,241,11,0
assay,assay.txt,2309,1,6,3.813339,8805,1,1,32,631,1386,251,8,0
audad,audad.txt,2309,2,6,3.813339,8805,0,0,33,667,1325,266,18,0
fugus,fugus.txt,2309,2,6,3.813339,8805,0,0,35,647,1356,256,15,0
lulus,lulus.txt,2309,2,6,3.813339,8805,0,0,26,664,1349,255,15,0
vivda,vivda.txt,2309,2,6,3.813339,8805,0,0,35,637,1374,250,13,0
wuxia,wuxia.txt,2309,2,6,3.813339,8805,0,0,26,678,1322,267,16,0
zitty,zitty.txt,2309,2,6,3.813339,8805,0,0,31,634,1389,245,10,0
assai,assai.txt,2309,2,6,3.813772,8806,0,0,39,646,1349,256,19,0
ebbed,ebbed.txt,2309,2,6,3.813772,8806,0,0,28,644,1371,262,4,0
lolly,lolly.txt,2309,2,6,3.813772,8806,0,0,31,645,1366,257,10,0
baiza,baiza.txt,2309,2,6,3.814205,8807,0,0,36,648,1347,265,13,0
huffs,huffs.txt,2309,2,6,3.814205,8807,0,0,34,644,1361,257,13,0
jomon,jomon.txt,2309,2,6,3.814205,8807,0,0,38,643,1352,262,14,0
junky,junky.txt,2309,2,6,3.814205,8807,0,0,33,633,1379,258,6,0
muffs,muffs.txt,2309,2,6,3.814205,8807,0,0,34,636,1375,253,11,0
nunky,nunky.txt,2309,2,6,3.814205,8807,0,0,33,637,1375,254,10,0
deedy,deedy.txt,2309,2,6,3.814638,8808,0,0,33,646,1359,258,13,0
dyked,dyked.txt,2309,2,6,3.814638,8808,0,0,25,637,1398,239,10,0
huggy,huggy.txt,2309,2,6,3.814638,8808,0,0,30,669,1325,269,16,0
kukri,kukri.txt,2309,2,6,3.814638,8808,0,0,25,648,1379,244,13,0
nappa,nappa.txt,2309,2,6,3.814638,8808,0,0,38,649,1339,269,14,0
puuko,puuko.txt,2309,2,6,3.814638,8808,0,0,27,669,1336,259,18,0
skoff,skoff.txt,2309,2,6,3.814638,8808,0,0,23,650,1377,250,9,0
bumbo,bumbo.txt,2309,2,6,3.815071,8809,0,0,38,643,1346,272,10,0
jagas,jagas.txt,2309,2,6,3.815071,8809,0,0,33,634,1378,255,9,0
sessa,sessa.txt,2309,2,6,3.815071,8809,0,0,28,664,1343,255,19,0
shojo,shojo.txt,2309,2,6,3.815071,8809,0,0,27,667,1336,264,15,0
assam,assam.txt,2309,2,6,3.815505,8810,0,0,45,631,1358,255,20,0
fuddy,fuddy.txt,2309,2,6,3.815505,8810,0,0,30,637,1383,247,12,0
hahas,hahas.txt,2309,2,6,3.815505,8810,0,0,34,623,1399,241,12,0
jewed,jewed.txt,2309,2,6,3.815505,8810,0,0,33,654,1337,276,9,0
rurus,rurus.txt,2309,2,6,3.815505,8810,0,0,34,654,1335,276,10,0
sulus,sulus.txt,2309,2,6,3.815505,8810,0,0,29,666,1332,266,16,0
aquae,aquae.txt,2309,2,6,3.815938,8811,0,0,24,667,1345,256,17,0
miffy,miffy.txt,2309,2,6,3.815938,8811,0,0,32,628,1392,247,10,0
queem,queem.txt,2309,2,6,3.815938,8811,0,0,22,666,1345,267,9,0
addas,addas.txt,2309,2,6,3.816371,8812,0,0,30,642,1370,256,11,0
bacca,bacca.txt,2309,2,6,3.816371,8812,0,0,27,673,1323,269,17,0
dukka,dukka.txt,2309,2,6,3.816371,8812,0,0,30,636,1381,252,10,0
gonzo,gonzo.txt,2309,2,6,3.816371,8812,0,0,37,636,1363,260,13,0
quell,quell.txt,2309,1,6,3.816371,8812,1,1,26,673,1320,274,15,0
khaki,khaki.txt,2309,1,6,3.816804,8813,1,1,29,628,1391,254,6,0
quaky,quaky.txt,2309,2,6,3.816804,8813,0,0,26,619,1429,222,13,0
biffo,biffo.txt,2309,2,6,3.817237,8814,0,0,33,636,1369,262,9,0
civvy,civvy.txt,2309,2,6,3.817237,8814,0,0,34,609,1415,247,4,0
commo,commo.txt,2309,2,6,3.817237,8814,0,0,36,637,1358,269,9,0
hooch,hooch.txt,2309,2,6,3.817237,8814,0,0,27,681,1301,287,13,0
jitty,jitty.txt,2309,2,6,3.817237,8814,0,0,35,626,1382,258,8,0
jumby,jumby.txt,2309,2,6,3.817237,8814,0,0,32,618,1408,242,9,0
madam,madam.txt,2309,1,6,3.817237,8814,1,1,39,635,1355,264,15,0
nanua,nanua.txt,2309,2,6,3.81767,8815,0,0,35,656,1328,275,15,0
tutus,tutus.txt,2309,2,6,3.81767,8815,0,0,28,649,1363,254,15,0
yajna,yajna.txt,2309,2,6,3.81767,8815,0,0,29,624,1405,241,10,0
mukim,mukim.txt,2309,2,6,3.818103,8816,0,0,27,650,1358,264,10,0
suses,suses.txt,2309,2,6,3.818103,8816,0,0,28,647,1361,263,10,0
tithi,tithi.txt,2309,2,6,3.818103,8816,0,0,28,670,1317,282,12,0
voddy,voddy.txt,2309,2,6,3.818103,8816,0,0,36,636,1364,258,15,0
afara,afara.txt,2309,2,6,3.818536,8817,0,0,28,632,1393,243,13,0
kvass,kvass.txt,2309,2,6,3.818536,8817,0,0,24,655,1357,262,11,0
hewgh,hewgh.txt,2309,2,6,3.818969,8818,0,0,23,677,1317,279,13,0
inion,inion.txt,2309,2,6,3.818969,8818,0,0,31,656,1340,264,18,0
janny,janny.txt,2309,2,6,3.818969,8818,0,0,32,621,1397,251,8,0
choco,choco.txt,2309,2,6,3.819402,8819,0,0,43,651,1308,294,13,0
egged,egged.txt,2309,2,6,3.819402,8819,0,0,29,653,1345,270,12,0
kexes,kexes.txt,2309,2,6,3.819402,8819,0,0,24,652,1361,261,11,0
ngana,ngana.txt,2309,2,6,3.819402,8819,0,0,35,644,1347,269,14,0
wowee,wowee.txt,2309,2,6,3.819402,8819,0,0,26,645,1373,250,15,0
xerox,xerox.txt,2309,2,6,3.819402,8819,0,0,25,640,1383,249,12,0
yowza,yowza.txt,2309,2,6,3.819402,8819,0,0,36,618,1390,257,8,0
jelly,jelly.txt,2309,1,6,3.819835,8820,1,1,34,631,1371,258,14,0
mozos,mozos.txt,2309,2,6,3.819835,8820,0,0,30,647,1356,261,15,0
skews,skews.txt,2309,2,6,3.819835,8820,0,0,20,673,1332,271,13,0
zakat,zakat.txt,2309,2,6,3.819835,8820,0,0,31,625,1398,239,16,0
eeven,eeven.txt,2309,2,6,3.820269,8821,0,0,38,650,1320,291,10,0
nonan,nonan.txt,2309,2,6,3.820269,8821,0,0,23,670,1329,273,14,0
pukka,pukka.txt,2309,2,6,3.820269,8821,0,0,32,668,1307,287,15,0
shahs,shahs.txt,2309,2,6,3.820269,8821,0,0,29,649,1352,266,13,0
buggy,buggy.txt,2309,1,6,3.820702,8822,1,1,33,636,1360,267,12,0
divvy,divvy.txt,2309,2,6,3.820702,8822,0,0,35,616,1390,264,4,0
yummo,yummo.txt,2309,2,6,3.820702,8822,0,0,33,641,1355,267,13,0
apoop,apoop.txt,2309,2,6,3.821135,8823,0,0,24,686,1297,283,19,0
biffy,biffy.txt,2309,2,6,3.821135,8823,0,0,32,617,1401,250,9,0
femme,femme.txt,2309,1,6,3.821135,8823,1,1,25,642,1367,266,8,0
audax,audax.txt,2309,2,6,3.821568,8824,0,0,31,650,1344,268,16,0
didis,didis.txt,2309,2,6,3.822001,8825,0,0,29,634,1375,261,10,0
zooms,zooms.txt,2309,2,6,3.822001,8825,0,0,32,639,1361,262,15,0
gubba,gubba.txt,2309,2,6,3.822434,8826,0,0,40,648,1316,292,13,0
kajal,kajal.txt,2309,2,6,3.822434,8826,0,0,29,645,1357,263,15,0
kikay,kikay.txt,2309,2,6,3.822434,8826,0,0,27,633,1382,257,10,0
pooja,pooja.txt,2309,2,6,3.822434,8826,0,0,31,664,1312,288,14,0
bozos,bozos.txt,2309,2,6,3.822867,8827,0,0,35,632,1362,267,13,0
deeve,deeve.txt,2309,2,6,3.822867,8827,0,0,28,664,1315,293,9,0
guffs,guffs.txt,2309,2,6,3.822867,8827,0,0,32,635,1368,258,16,0
poopa,poopa.txt,2309,2,6,3.822867,8827,0,0,38,662,1296,297,16,0
ninon,ninon.txt,2309,2,6,3.8233,8828,0,0,27,650,1352,264,16,0
flyby,flyby.txt,2309,2,6,3.823733,8829,0,0,27,619,1406,248,9,0
shish,shish.txt,2309,2,6,3.823733,8829,0,0,32,662,1315,281,19,0
tuque,tuque.txt,2309,2,6,3.823733,8829,0,0,28,653,1335,284,9,0
asses,asses.txt,2309,2,6,3.824166,8830,0,0,33,622,1388,250,16,0
jetty,jetty.txt,2309,1,6,3.824166,8830,1,1,35,622,1376,261,14,0
kwink,kwink.txt,2309,2,6,3.824166,8830,0,0,33,611,1402,255,8,0
mojos,mojos.txt,2309,2,6,3.824166,8830,0,0,29,642,1357,268,13,0
peeve,peeve.txt,2309,2,6,3.824166,8830,0,0,27,662,1325,280,15,0
adzed,adzed.txt,2309,2,6,3.824599,8831,0,0,32,611,1401,260,5,0
deked,deked.txt,2309,2,6,3.824599,8831,0,0,25,657,1335,282,10,0
luvvy,luvvy.txt,2309,2,6,3.824599,8831,0,0,27,622,1398,253,9,0
nevvy,nevvy.txt,2309,2,6,3.824599,8831,0,0,42,601,1402,248,16,0
oxeye,oxeye.txt,2309,2,6,3.824599,8831,0,0,29,598,1441,231,10,0
wanna,wanna.txt,2309,2,6,3.824599,8831,0,0,32,642,1347,275,13,0
wiggy,wiggy.txt,2309,2,6,3.824599,8831,0,0,28,621,1400,248,12,0
aflaj,aflaj.txt,2309,2,6,3.825032,8832,0,0,23,621,1408,251,6,0
hubby,hubby.txt,2309,2,6,3.825466,8833,0,0,34,623,1380,256,16,0
ozeki,ozeki.txt,2309,2,6,3.825466,8833,0,0,25,627,1399,242,16,0
fusks,fusks.txt,2309,2,6,3.825899,8834,0,0,32,642,1345,276,14,0
kicky,kicky.txt,2309,2,6,3.825899,8834,0,0,28,596,1443,234,8,0
twixt,twixt.txt,2309,1,6,3.825899,8834,1,1,34,630,1360,269,15,0
momos,momos.txt,2309,2,6,3.826332,8835,0,0,31,641,1345,282,10,0
pygmy,pygmy.txt,2309,1,6,3.826765,8836,1,1,27,617,1396,262,6,0
jomos,jomos.txt,2309,2,6,3.827198,8837,0,0,30,632,1367,267,13,0
dykey,dykey.txt,2309,2,6,3.827631,8838,0,0,22,614,1423,240,10,0
justs,justs.txt,2309,2,6,3.827631,8838,0,0,29,629,1370,273,8,0
namma,namma.txt,2309,2,6,3.827631,8838,0,0,43,617,1357,279,13,0
puffy,puffy.txt,2309,1,6,3.827631,8838,1,1,24,633,1374,268,9,0
puttu,puttu.txt,2309,2,6,3.827631,8838,0,0,25,651,1342,279,12,0
webby,webby.txt,2309,2,6,3.827631,8838,0,0,31,629,1369,267,13,0
babas,babas.txt,2309,2,6,3.828064,8839,0,0,34,619,1378,266,12,0
vexed,vexed.txt,2309,2,6,3.828064,8839,0,0,33,647,1322,298,9,0
azuki,azuki.txt,2309,2,6,3.828497,8840,0,0,30,621,1386,259,13,0
pampa,pampa.txt,2309,2,6,3.828497,8840,0,0,38,655,1295,307,14,0
wirri,wirri.txt,2309,2,6,3.828497,8840,0,0,23,640,1367,268,11,0
zobos,zobos.txt,2309,2,6,3.828497,8840,0,0,35,619,1375,267,13,0
abaca,abaca.txt,2309,2,6,3.82893,8841,0,0,19,640,1381,255,14,0
xylol,xylol.txt,2309,2,6,3.82893,8841,0,0,31,603,1418,244,13,0
buffs,buffs.txt,2309,2,6,3.829363,8842,0,0,35,612,1385,266,11,0
hamza,hamza.txt,2309,2,6,3.829363,8842,0,0,33,627,1360,279,10,0
nanny,nanny.txt,2309,1,6,3.829363,8842,1,1,28,617,1390,264,9,0
tutti,tutti.txt,2309,2,6,3.829796,8843,0,0,34,647,1322,290,16,0
wootz,wootz.txt,2309,2,6,3.829796,8843,0,0,34,616,1379,269,11,0
dagga,dagga.txt,2309,2,6,3.830663,8845,0,0,31,626,1367,273,12,0
doozy,doozy.txt,2309,2,6,3.830663,8845,0,0,30,634,1358,271,16,0
jasps,jasps.txt,2309,2,6,3.830663,8845,0,0,28,610,1411,245,15,0
vexes,vexes.txt,2309,2,6,3.830663,8845,0,0,31,631,1359,274,14,0
fixit,fixit.txt,2309,2,6,3.831096,8846,0,0,35,622,1361,280,11,0
sassy,sassy.txt,2309,1,6,3.831529,8847,1,1,26,608,1407,260,7,0
nonna,nonna.txt,2309,2,6,3.831962,8848,0,0,23,665,1313,293,15,0
bazoo,bazoo.txt,2309,2,6,3.832395,8849,0,0,38,609,1374,278,10,0
mmkay,mmkay.txt,2309,2,6,3.832395,8849,0,0,29,624,1374,269,13,0
ongon,ongon.txt,2309,2,6,3.832395,8849,0,0,39,615,1364,276,15,0
robbo,robbo.txt,2309,2,6,3.832395,8849,0,0,44,589,1396,270,10,0
spazz,spazz.txt,2309,2,6,3.832395,8849,0,0,23,628,1388,253,17,0
yacca,yacca.txt,2309,2,6,3.832395,8849,0,0,28,618,1386,267,10,0
ammas,ammas.txt,2309,2,6,3.832828,8850,0,0,37,612,1380,260,20,0
googs,googs.txt,2309,2,6,3.832828,8850,0,0,28,642,1338,290,11,0
ictic,ictic.txt,2309,2,6,3.832828,8850,0,0,35,619,1364,279,12,0
pipid,pipid.txt,2309,2,6,3.832828,8850,0,0,33,615,1380,267,14,0
aquas,aquas.txt,2309,2,6,3.833261,8851,0,0,27,634,1360,273,15,0
phooh,phooh.txt,2309,2,6,3.833261,8851,0,0,29,646,1334,281,19,0
gazoo,gazoo.txt,2309,2,6,3.834127,8853,0,0,32,625,1360,278,14,0
jawan,jawan.txt,2309,2,6,3.834127,8853,0,0,26,624,1378,269,12,0
pipis,pipis.txt,2309,2,6,3.834127,8853,0,0,31,632,1348,285,13,0
fuggy,fuggy.txt,2309,2,6,3.83456,8854,0,0,32,619,1370,275,13,0
akara,akara.txt,2309,2,6,3.835427,8856,0,0,24,633,1366,271,15,0
koffs,koffs.txt,2309,2,6,3.835427,8856,0,0,28,598,1416,260,7,0
modom,modom.txt,2309,2,6,3.835427,8856,0,0,39,612,1357,292,9,0
pyuff,pyuff.txt,2309,2,6,3.835427,8856,0,0,16,633,1383,269,8,0
wuddy,wuddy.txt,2309,2,6,3.835427,8856,0,0,35,612,1367,288,7,0
kawau,kawau.txt,2309,2,6,3.83586,8857,0,0,29,610,1391,269,10,0
lazzo,lazzo.txt,2309,2,6,3.83586,8857,0,0,30,601,1409,256,13,0
quass,quass.txt,2309,2,6,3.83586,8857,0,0,32,628,1350,285,14,0
appay,appay.txt,2309,2,6,3.836293,8858,0,0,41,593,1392,269,14,0
lazzi,lazzi.txt,2309,2,6,3.836293,8858,0,0,28,594,1427,248,12,0
ninja,ninja.txt,2309,1,6,3.836293,8858,1,1,33,614,1370,277,14,0
cippi,cippi.txt,2309,2,6,3.836726,8859,0,0,29,599,1412,258,11,0
doody,doody.txt,2309,2,6,3.836726,8859,0,0,34,627,1347,284,17,0
hukou,hukou.txt,2309,2,6,3.836726,8859,0,0,19,646,1348,285,11,0
wushu,wushu.txt,2309,2,6,3.836726,8859,0,0,22,634,1360,285,8,0
added,added.txt,2309,2,6,3.837159,8860,0,0,29,607,1393,271,9,0
bucku,bucku.txt,2309,2,6,3.837159,8860,0,0,25,620,1380,274,10,0
poopy,poopy.txt,2309,2,6,3.837159,8860,0,0,31,641,1327,293,17,0
boobs,boobs.txt,2309,2,6,3.838025,8862,0,0,41,598,1378,278,14,0
gogos,gogos.txt,2309,2,6,3.838025,8862,0,0,26,635,1346,291,11,0
immit,immit.txt,2309,2,6,3.838025,8862,0,0,37,597,1386,281,8,0
issei,issei.txt,2309,2,6,3.838025,8862,0,0,28,609,1396,261,15,0
jafas,jafas.txt,2309,2,6,3.838025,8862,0,0,28,581,1448,241,11,0
tutty,tutty.txt,2309,2,6,3.838025,8862,0,0,31,615,1374,275,14,0
butut,butut.txt,2309,2,6,3.838458,8863,0,0,33,633,1327,306,10,0
lezza,lezza.txt,2309,2,6,3.838458,8863,0,0,31,602,1400,261,15,0
mixis,mixis.txt,2309,2,6,3.838458,8863,0,0,33,600,1391,277,8,0
ewhow,ewhow.txt,2309,2,6,3.838891,8864,0,0,29,619,1375,267,19,0
lusus,lusus.txt,2309,2,6,3.838891,8864,0,0,29,630,1350,284,16,0
jisms,jisms.txt,2309,2,6,3.839324,8865,0,0,32,589,1416,262,10,0
kirri,kirri.txt,2309,2,6,3.839324,8865,0,0,20,630,1373,273,13,0
koiwi,koiwi.txt,2309,2,6,3.839324,8865,0,0,23,633,1357,284,12,0
muffy,muffy.txt,2309,2,6,3.839324,8865,0,0,27,619,1379,266,18,0
reeze,reeze.txt,2309,2,6,3.839324,8865,0,0,29,623,1364,276,17,0
buffa,buffa.txt,2309,2,6,3.839757,8866,0,0,32,629,1338,297,13,0
haham,haham.txt,2309,2,6,3.839757,8866,0,0,29,617,1366,289,8,0
ixias,ixias.txt,2309,2,6,3.839757,8866,0,0,35,596,1398,264,16,0
bobos,bobos.txt,2309,2,6,3.840191,8867,0,0,34,608,1374,279,14,0
jenny,jenny.txt,2309,2,6,3.840191,8867,0,0,33,619,1357,284,16,0
wauff,wauff.txt,2309,2,6,3.840191,8867,0,0,27,618,1370,285,9,0
effed,effed.txt,2309,2,6,3.840624,8868,0,0,29,601,1399,269,11,0
minim,minim.txt,2309,1,6,3.840624,8868,1,1,28,617,1373,272,18,0
oppos,oppos.txt,2309,2,6,3.840624,8868,0,0,28,621,1360,291,9,0
kokum,kokum.txt,2309,2,6,3.841057,8869,0,0,22,625,1369,284,9,0
maxim,maxim.txt,2309,1,6,3.841057,8869,1,1,31,625,1342,297,13,0
viffs,viffs.txt,2309,2,6,3.841057,8869,0,0,30,591,1410,272,6,0
zulus,zulus.txt,2309,2,6,3.841057,8869,0,0,22,613,1395,268,11,0
dabba,dabba.txt,2309,2,6,3.84149,8870,0,0,28,610,1385,272,14,0
hokku,hokku.txt,2309,2,6,3.84149,8870,0,0,20,637,1354,285,13,0
phooo,phooo.txt,2309,2,6,3.84149,8870,0,0,27,624,1367,270,21,0
sooks,sooks.txt,2309,2,6,3.84149,8870,0,0,21,659,1309,305,15,0
vuggs,vuggs.txt,2309,2,6,3.84149,8870,0,0,31,610,1378,274,16,0
buffo,buffo.txt,2309,2,6,3.841923,8871,0,0,28,629,1348,288,16,0
byway,byway.txt,2309,2,6,3.841923,8871,0,0,25,600,1411,261,12,0
jessy,jessy.txt,2309,2,6,3.841923,8871,0,0,28,609,1388,268,16,0
sojus,sojus.txt,2309,2,6,3.841923,8871,0,0,24,606,1401,267,11,0
iodid,iodid.txt,2309,2,6,3.842356,8872,0,0,32,621,1348,295,13,0
jutty,jutty.txt,2309,2,6,3.842356,8872,0,0,34,588,1406,270,11,0
duded,duded.txt,2309,2,6,3.842789,8873,0,0,29,609,1380,278,13,0
fixie,fixie.txt,2309,2,6,3.842789,8873,0,0,27,611,1385,270,16,0
mokky,mokky.txt,2309,2,6,3.842789,8873,0,0,25,607,1394,272,11,0
bevvy,bevvy.txt,2309,2,6,3.843222,8874,0,0,32,607,1372,287,11,0
mimis,mimis.txt,2309,2,6,3.843222,8874,0,0,30,600,1390,280,9,0
oojah,oojah.txt,2309,2,6,3.843222,8874,0,0,21,658,1310,302,18,0
bikky,bikky.txt,2309,2,6,3.843655,8875,0,0,23,595,1417,268,6,0
yayas,yayas.txt,2309,2,6,3.843655,8875,0,0,27,589,1420,264,9,0
appam,appam.txt,2309,2,6,3.844088,8876,0,0,33,627,1332,301,16,0
mivvy,mivvy.txt,2309,2,6,3.844088,8876,0,0,27,605,1391,273,13,0
sudds,sudds.txt,2309,2,6,3.844088,8876,0,0,27,621,1359,289,13,0
yeuky,yeuky.txt,2309,2,6,3.844088,8876,0,0,20,624,1378,270,17,0
sibbs,sibbs.txt,2309,2,6,3.844521,8877,0,0,28,601,1389,284,7,0
sissy,sissy.txt,2309,1,6,3.844521,8877,1,1,23,609,1388,277,11,0
momme,momme.txt,2309,2,6,3.844955,8878,0,0,24,618,1376,274,17,0
abbas,abbas.txt,2309,2,6,3.845388,8879,0,0,30,607,1374,286,12,0
abjad,abjad.txt,2309,2,6,3.845388,8879,0,0,31,597,1391,278,12,0
goodo,goodo.txt,2309,2,6,3.845388,8879,0,0,30,607,1375,284,13,0
riqqs,riqqs.txt,2309,2,6,3.845388,8879,0,0,16,616,1398,267,12,0
bivvy,bivvy.txt,2309,2,6,3.845821,8880,0,0,24,604,1391,284,6,0
huffy,huffy.txt,2309,2,6,3.845821,8880,0,0,29,604,1384,278,14,0
zokor,zokor.txt,2309,2,6,3.845821,8880,0,0,32,583,1410,277,7,0
ouzos,ouzos.txt,2309,2,6,3.846254,8881,0,0,25,604,1394,273,13,0
ajwan,ajwan.txt,2309,2,6,3.846687,8882,0,0,20,622,1373,280,14,0
ninny,ninny.txt,2309,1,6,3.846687,8882,1,1,26,607,1379,284,12,0
doggo,doggo.txt,2309,2,6,3.847553,8884,0,0,39,591,1375,291,13,0
gamma,gamma.txt,2309,1,6,3.847553,8884,1,1,40,603,1347,302,16,0
nonny,nonny.txt,2309,2,6,3.847553,8884,0,0,24,593,1417,261,14,0
whiff,whiff.txt,2309,1,6,3.847553,8884,1,1,36,594,1371,297,10,0
birzz,birzz.txt,2309,2,6,3.848419,8886,0,0,25,577,1440,257,10,0
baboo,baboo.txt,2309,2,6,3.848852,8887,0,0,38,594,1374,285,18,0
hooha,hooha.txt,2309,2,6,3.848852,8887,0,0,27,662,1274,325,21,0
squiz,squiz.txt,2309,2,6,3.848852,8887,0,0,21,605,1401,266,16,0
ajupa,ajupa.txt,2309,2,6,3.849718,8889,0,0,28,619,1350,296,16,0
lezzo,lezzo.txt,2309,2,6,3.849718,8889,0,0,33,569,1427,272,8,0
zoomy,zoomy.txt,2309,2,6,3.849718,8889,0,0,33,613,1352,290,21,0
veves,veves.txt,2309,2,6,3.850152,8890,0,0,29,600,1382,284,14,0
boozy,boozy.txt,2309,1,6,3.850585,8891,1,1,33,605,1359,293,18,0
yadda,yadda.txt,2309,2,6,3.850585,8891,0,0,29,590,1396,285,9,0
yonny,yonny.txt,2309,2,6,3.850585,8891,0,0,24,588,1421,261,15,0
accha,accha.txt,2309,2,6,3.851018,8892,0,0,29,631,1319,315,15,0
glogg,glogg.txt,2309,2,6,3.851018,8892,0,0,22,589,1420,267,11,0
howff,howff.txt,2309,2,6,3.851018,8892,0,0,29,614,1349,306,11,0
izzat,izzat.txt,2309,2,6,3.851451,8893,0,0,25,594,1404,271,15,0
sezes,sezes.txt,2309,2,6,3.851451,8893,0,0,19,615,1377,286,12,0
skyfs,skyfs.txt,2309,2,6,3.851451,8893,0,0,19,619,1365,298,8,0
chich,chich.txt,2309,2,6,3.851884,8894,0,0,31,603,1369,289,17,0
jokol,jokol.txt,2309,2,6,3.851884,8894,0,0,28,593,1393,283,12,0
muvva,muvva.txt,2309,2,6,3.851884,8894,0,0,24,643,1310,315,17,0
wokka,wokka.txt,2309,2,6,3.851884,8894,0,0,30,602,1372,290,15,0
keeks,keeks.txt,2309,2,6,3.852317,8895,0,0,21,624,1354,295,15,0
nunus,nunus.txt,2309,2,6,3.85275,8896,0,0,25,603,1382,285,14,0
sexes,sexes.txt,2309,2,6,3.85275,8896,0,0,23,607,1380,285,14,0
bamma,bamma.txt,2309,2,6,3.853616,8898,0,0,34,612,1337,310,16,0
buffy,buffy.txt,2309,2,6,3.853616,8898,0,0,27,593,1398,273,18,0
jesse,jesse.txt,2309,2,6,3.854049,8899,0,0,22,600,1394,279,14,0
magma,magma.txt,2309,1,6,3.854049,8899,1,1,38,592,1360,302,16,0
fubby,fubby.txt,2309,2,6,3.854482,8900,0,0,32,586,1395,278,18,0
leeze,leeze.txt,2309,2,6,3.854482,8900,0,0,27,616,1349,300,17,0
yucky,yucky.txt,2309,2,6,3.854482,8900,0,0,24,596,1392,286,11,0
quawk,quawk.txt,2309,2,6,3.854916,8901,0,0,22,592,1403,283,9,0
wuffs,wuffs.txt,2309,2,6,3.854916,8901,0,0,29,575,1416,280,9,0
mimic,mimic.txt,2309,1,6,3.855349,8902,1,1,34,560,1427,277,10,0
buffi,buffi.txt,2309,2,6,3.855782,8903,0,0,31,585,1390,292,11,0
vajra,vajra.txt,2309,2,6,3.855782,8903,0,0,29,580,1404,287,9,0
nuque,nuque.txt,2309,2,6,3.856215,8904,0,0,22,602,1387,282,16,0
odoom,odoom.txt,2309,2,6,3.856215,8904,0,0,36,579,1387,295,12,0
zhomo,zhomo.txt,2309,2,6,3.856648,8905,0,0,28,596,1379,291,15,0
agama,agama.txt,2309,2,6,3.857081,8906,0,0,30,594,1377,292,16,0
jaggs,jaggs.txt,2309,2,6,3.857081,8906,0,0,25,572,1429,274,9,0
jesus,jesus.txt,2309,2,6,3.857081,8906,0,0,27,596,1380,292,14,0
shush,shush.txt,2309,1,6,3.857947,8908,1,1,29,618,1331,309,21,0
zappy,zappy.txt,2309,2,6,3.857947,8908,0,0,38,550,1437,270,14,0
papaw,papaw.txt,2309,2,6,3.858813,8910,0,0,28,609,1349,307,16,0
yoyos,yoyos.txt,2309,2,6,3.858813,8910,0,0,23,594,1399,272,21,0
hogoh,hogoh.txt,2309,2,6,3.85968,8912,0,0,24,615,1358,285,27,0
kaiak,kaiak.txt,2309,2,6,3.85968,8912,0,0,26,599,1376,289,19,0
cocci,cocci.txt,2309,2,6,3.860113,8913,0,0,21,593,1404,270,21,0
queek,queek.txt,2309,2,6,3.860546,8914,0,0,21,615,1353,305,15,0
jetee,jetee.txt,2309,2,6,3.860979,8915,0,0,26,591,1382,298,12,0
bibis,bibis.txt,2309,2,6,3.861412,8916,0,0,29,570,1410,292,8,0
mamba,mamba.txt,2309,2,6,3.861412,8916,0,0,33,600,1346,314,16,0
tizzy,tizzy.txt,2309,2,6,3.861845,8917,0,0,20,569,1444,262,14,0
hoogo,hoogo.txt,2309,2,6,3.862278,8918,0,0,24,612,1358,288,27,0
vizir,vizir.txt,2309,2,6,3.862711,8919,0,0,31,575,1392,302,9,0
vuggy,vuggy.txt,2309,2,6,3.862711,8919,0,0,30,581,1387,298,13,0
ozzie,ozzie.txt,2309,2,6,3.863144,8920,0,0,24,573,1419,281,12,0
veuve,veuve.txt,2309,2,6,3.863144,8920,0,0,31,583,1378,305,12,0
zooks,zooks.txt,2309,2,6,3.863144,8920,0,0,23,598,1370,308,10,0
chizz,chizz.txt,2309,2,6,3.863577,8921,0,0,16,594,1401,285,13,0
javas,javas.txt,2309,2,6,3.86401,8922,0,0,30,567,1409,293,10,0
phpht,phpht.txt,2309,2,6,3.86401,8922,0,0,23,600,1364,312,10,0
ryiji,ryiji.txt,2309,2,6,3.864443,8923,0,0,27,550,1451,271,10,0
agogo,agogo.txt,2309,2,6,3.86531,8925,0,0,27,605,1353,300,24,0
alala,alala.txt,2309,2,6,3.86531,8925,0,0,25,603,1359,302,20,0
jooks,jooks.txt,2309,2,6,3.866176,8927,0,0,23,597,1370,304,15,0
villi,villi.txt,2309,2,6,3.866176,8927,0,0,35,572,1381,309,12,0
wawas,wawas.txt,2309,2,6,3.866176,8927,0,0,20,576,1424,271,18,0
taata,taata.txt,2309,2,6,3.866609,8928,0,0,25,597,1370,295,22,0
ryijy,ryijy.txt,2309,2,6,3.867042,8929,0,0,25,551,1449,274,10,0
yeeek,yeeek.txt,2309,2,6,3.867042,8929,0,0,21,596,1378,297,17,0
kinin,kinin.txt,2309,2,6,3.867475,8930,0,0,27,590,1367,312,13,0
yoppo,yoppo.txt,2309,2,6,3.867908,8931,0,0,28,586,1375,303,17,0
daddy,daddy.txt,2309,1,6,3.868341,8932,1,1,25,566,1413,293,11,0
frizz,frizz.txt,2309,2,6,3.868341,8932,0,0,26,568,1409,296,10,0
obbos,obbos.txt,2309,2,6,3.868341,8932,0,0,32,560,1410,294,13,0
zoppa,zoppa.txt,2309,2,6,3.868341,8932,0,0,38,584,1348,322,17,0
pappy,pappy.txt,2309,2,6,3.868774,8933,0,0,30,559,1416,292,12,0
zippo,zippo.txt,2309,2,6,3.869207,8934,0,0,34,569,1389,299,18,0
nazzy,nazzy.txt,2309,2,6,3.869641,8935,0,0,26,536,1472,263,12,0
weeke,weeke.txt,2309,2,6,3.869641,8935,0,0,29,601,1337,326,16,0
booby,booby.txt,2309,1,6,3.870074,8936,1,1,35,577,1363,316,17,0
zhush,zhush.txt,2309,2,6,3.870074,8936,0,0,24,589,1378,299,19,0
pappi,pappi.txt,2309,2,6,3.870507,8937,0,0,24,597,1362,306,20,0
emmew,emmew.txt,2309,2,6,3.87094,8938,0,0,22,585,1382,309,11,0
lezzy,lezzy.txt,2309,2,6,3.87094,8938,0,0,25,558,1434,274,18,0
nunny,nunny.txt,2309,2,6,3.87094,8938,0,0,28,564,1413,286,18,0
swiss,swiss.txt,2309,2,6,3.87094,8938,0,0,23,577,1396,301,12,0
gabba,gabba.txt,2309,2,6,3.871373,8939,0,0,27,584,1371,313,14,0
mazak,mazak.txt,2309,2,6,3.871806,8940,0,0,31,581,1369,309,19,0
wazoo,wazoo.txt,2309,2,6,3.872239,8941,0,0,29,567,1397,302,14,0
xysts,xysts.txt,2309,2,6,3.872239,8941,0,0,17,572,1422,285,13,0
mutum,mutum.txt,2309,2,6,3.872672,8942,0,0,30,581,1366,317,15,0
filii,filii.txt,2309,2,6,3.873105,8943,0,0,24,581,1384,304,16,0
flaff,flaff.txt,2309,2,6,3.873105,8943,0,0,26,550,1433,291,9,0
pawaw,pawaw.txt,2309,2,6,3.873105,8943,0,0,19,599,1363,312,16,0
pizza,pizza.txt,2309,1,6,3.873105,8943,1,1,25,580,1378,310,15,0
zamak,zamak.txt,2309,2,6,3.873105,8943,0,0,28,583,1371,308,19,0
kaika,kaika.txt,2309,2,6,3.873538,8944,0,0,28,580,1377,304,20,0
ajuga,ajuga.txt,2309,2,6,3.874405,8946,0,0,31,589,1348,321,20,0
kakas,kakas.txt,2309,2,6,3.874405,8946,0,0,26,552,1430,288,13,0
zippy,zippy.txt,2309,2,6,3.875271,8948,0,0,33,556,1403,300,17,0
scuzz,scuzz.txt,2309,2,6,3.875704,8949,0,0,19,564,1421,295,10,0
diddy,diddy.txt,2309,2,6,3.876137,8950,0,0,26,564,1401,306,12,0
jocko,jocko.txt,2309,2,6,3.876137,8950,0,0,28,556,1408,308,9,0
glugg,glugg.txt,2309,2,6,3.87657,8951,0,0,24,557,1429,278,21,0
mamak,mamak.txt,2309,2,6,3.87657,8951,0,0,34,588,1333,337,17,0
jibbs,jibbs.txt,2309,2,6,3.877003,8952,0,0,27,536,1447,292,7,0
mezzo,mezzo.txt,2309,2,6,3.877436,8953,0,0,27,554,1416,299,13,0
neeze,neeze.txt,2309,2,6,3.877436,8953,0,0,23,589,1365,312,20,0
pupus,pupus.txt,2309,2,6,3.877436,8953,0,0,31,582,1350,331,15,0
yappy,yappy.txt,2309,2,6,3.877436,8953,0,0,33,530,1445,289,12,0
zorro,zorro.txt,2309,2,6,3.877436,8953,0,0,31,568,1379,315,16,0
phizz,phizz.txt,2309,2,6,3.877869,8954,0,0,18,580,1389,310,12,0
abaya,abaya.txt,2309,2,6,3.878302,8955,0,0,17,557,1436,288,11,0
poppa,poppa.txt,2309,2,6,3.878302,8955,0,0,34,576,1353,329,17,0
jammy,jammy.txt,2309,2,6,3.879168,8957,0,0,36,541,1415,300,17,0
ovolo,ovolo.txt,2309,2,6,3.879168,8957,0,0,28,558,1403,305,15,0
pakka,pakka.txt,2309,2,6,3.880035,8959,0,0,33,557,1388,316,15,0
mezza,mezza.txt,2309,2,6,3.880468,8960,0,0,30,561,1382,327,9,0
akoja,akoja.txt,2309,2,6,3.880901,8961,0,0,29,556,1407,295,22,0
bombo,bombo.txt,2309,2,6,3.880901,8961,0,0,37,543,1405,306,18,0
peepe,peepe.txt,2309,2,6,3.880901,8961,0,0,23,597,1341,328,20,0
dizzy,dizzy.txt,2309,1,6,3.881334,8962,1,1,23,544,1433,297,11,0
kooks,kooks.txt,2309,2,6,3.881334,8962,0,0,22,582,1368,322,15,0
bussu,bussu.txt,2309,2,6,3.881767,8963,0,0,28,573,1373,314,21,0
kaama,kaama.txt,2309,2,6,3.883499,8967,0,0,27,581,1352,332,17,0
kappa,kappa.txt,2309,1,6,3.883499,8967,1,1,31,551,1394,317,15,0
kazoo,kazoo.txt,2309,2,6,3.883499,8967,0,0,24,556,1414,295,20,0
pfftt,pfftt.txt,2309,2,6,3.883499,8967,0,0,20,561,1405,314,9,0
usque,usque.txt,2309,2,6,3.883499,8967,0,0,26,537,1437,298,11,0
pozzy,pozzy.txt,2309,2,6,3.883932,8968,0,0,28,551,1409,303,18,0
yabba,yabba.txt,2309,2,6,3.883932,8968,0,0,29,538,1424,308,10,0
gobbo,gobbo.txt,2309,2,6,3.884366,8969,0,0,36,551,1386,316,20,0
doddy,doddy.txt,2309,2,6,3.884799,8970,0,0,28,558,1394,310,19,0
gynny,gynny.txt,2309,2,6,3.884799,8970,0,0,24,554,1409,308,14,0
fifis,fifis.txt,2309,2,6,3.885232,8971,0,0,28,533,1438,296,14,0
hudud,hudud.txt,2309,2,6,3.885665,8972,0,0,27,573,1366,323,20,0
woozy,woozy.txt,2309,1,6,3.885665,8972,1,1,28,567,1368,328,17,0
jaggy,jaggy.txt,2309,2,6,3.886098,8973,0,0,26,537,1430,306,10,0
swizz,swizz.txt,2309,2,6,3.886098,8973,0,0,21,530,1459,289,10,0
guggl,guggl.txt,2309,2,6,3.886531,8974,0,0,25,554,1411,296,23,0
zexes,zexes.txt,2309,2,6,3.88783,8977,0,0,19,550,1425,301,14,0
poppy,poppy.txt,2309,1,6,3.888263,8978,1,1,27,561,1379,322,19,0
infix,infix.txt,2309,2,6,3.888696,8979,0,0,31,525,1439,298,16,0
popup,popup.txt,2309,2,6,3.888696,8979,0,0,23,582,1346,345,13,0
mammy,mammy.txt,2309,1,6,3.889129,8980,1,1,28,544,1410,305,21,0
pippy,pippy.txt,2309,2,6,3.889129,8980,0,0,31,552,1385,324,17,0
akkas,akkas.txt,2309,2,6,3.889563,8981,0,0,24,553,1399,320,13,0
zuppa,zuppa.txt,2309,2,6,3.890429,8983,0,0,34,559,1362,334,20,0
ajiva,ajiva.txt,2309,2,6,3.890862,8984,0,0,32,552,1377,332,16,0
uhuru,uhuru.txt,2309,2,6,3.890862,8984,0,0,17,567,1396,309,20,0
jimmy,jimmy.txt,2309,2,6,3.891295,8985,0,0,33,530,1415,317,14,0
piqui,piqui.txt,2309,2,6,3.891295,8985,0,0,21,558,1397,317,16,0
wagga,wagga.txt,2309,2,6,3.892161,8987,0,0,29,564,1364,331,21,0
jollo,jollo.txt,2309,2,6,3.892594,8988,0,0,27,555,1384,325,18,0
bibbs,bibbs.txt,2309,2,6,3.893027,8989,0,0,25,519,1451,306,8,0
momma,momma.txt,2309,2,6,3.89346,8990,0,0,32,571,1341,341,24,0
civic,civic.txt,2309,1,6,3.893893,8991,1,1,29,539,1398,329,13,0
peppy,peppy.txt,2309,2,6,3.89476,8993,0,0,26,551,1385,334,13,0
mumus,mumus.txt,2309,2,6,3.895193,8994,0,0,30,555,1370,335,19,0
keeve,keeve.txt,2309,2,6,3.896059,8996,0,0,23,577,1343,349,17,0
urubu,urubu.txt,2309,2,6,3.896059,8996,0,0,21,521,1455,301,11,0
jemmy,jemmy.txt,2309,2,6,3.896492,8997,0,0,29,535,1406,324,15,0
quipu,quipu.txt,2309,2,6,3.896492,8997,0,0,20,539,1420,320,10,0
heeze,heeze.txt,2309,2,6,3.896925,8998,0,0,19,558,1390,326,16,0
yippy,yippy.txt,2309,2,6,3.897358,8999,0,0,29,531,1412,322,15,0
ziffs,ziffs.txt,2309,2,6,3.897358,8999,0,0,31,502,1464,297,15,0
lollo,lollo.txt,2309,2,6,3.898657,9002,0,0,22,562,1374,330,21,0
affix,affix.txt,2309,1,6,3.899524,9004,1,1,31,534,1392,335,16,0
hajji,hajji.txt,2309,2,6,3.899524,9004,0,0,16,554,1400,324,15,0
iiwis,iiwis.txt,2309,2,6,3.90039,9006,0,0,12,544,1430,308,15,0
yobbo,yobbo.txt,2309,2,6,3.90039,9006,0,0,33,518,1420,322,16,0
gogga,gogga.txt,2309,2,6,3.900823,9007,0,0,26,558,1368,333,24,0
puppa,puppa.txt,2309,2,6,3.900823,9007,0,0,28,572,1336,347,26,0
jiffs,jiffs.txt,2309,2,6,3.901256,9008,0,0,29,500,1464,302,14,0
azygy,azygy.txt,2309,2,6,3.901689,9009,0,0,19,529,1433,316,12,0
bubbe,bubbe.txt,2309,2,6,3.902122,9010,0,0,29,515,1432,319,14,0
anana,anana.txt,2309,2,6,3.902555,9011,0,0,21,564,1365,337,22,0
bizzo,bizzo.txt,2309,2,6,3.902555,9011,0,0,26,524,1423,321,15,0
feoff,feoff.txt,2309,2,6,3.902988,9012,0,0,27,521,1430,311,20,0
jibba,jibba.txt,2309,2,6,3.902988,9012,0,0,29,528,1409,324,19,0
zimbi,zimbi.txt,2309,2,6,3.902988,9012,0,0,27,514,1445,302,21,0
abaka,abaka.txt,2309,2,6,3.903854,9014,0,0,22,549,1382,341,15,0
kabab,kabab.txt,2309,2,6,3.903854,9014,0,0,26,545,1378,345,15,0
mizzy,mizzy.txt,2309,2,6,3.903854,9014,0,0,21,519,1449,301,19,0
mumms,mumms.txt,2309,2,6,3.904721,9016,0,0,26,547,1378,337,21,0
tuktu,tuktu.txt,2309,2,6,3.904721,9016,0,0,18,551,1387,339,14,0
kiaki,kiaki.txt,2309,2,6,3.905587,9018,0,0,26,525,1415,327,16,0
jiggy,jiggy.txt,2309,2,6,3.90602,9019,0,0,22,506,1466,297,18,0
kayak,kayak.txt,2309,1,6,3.90602,9019,1,1,23,511,1441,323,10,0
mommy,mommy.txt,2309,2,6,3.906453,9020,0,0,28,540,1384,334,23,0
zebub,zebub.txt,2309,2,6,3.906453,9020,0,0,31,517,1414,331,16,0
zuzim,zuzim.txt,2309,2,6,3.906886,9021,0,0,18,536,1415,323,17,0
bizzy,bizzy.txt,2309,2,6,3.907319,9022,0,0,23,511,1445,317,13,0
babka,babka.txt,2309,2,6,3.908185,9024,0,0,29,549,1353,361,17,0
boffo,boffo.txt,2309,2,6,3.908185,9024,0,0,26,534,1386,352,11,0
jeffs,jeffs.txt,2309,2,6,3.908185,9024,0,0,25,511,1440,317,16,0
afizz,afizz.txt,2309,2,6,3.909052,9026,0,0,29,509,1433,319,19,0
faffs,faffs.txt,2309,2,6,3.909485,9027,0,0,25,484,1489,297,14,0
huhus,huhus.txt,2309,2,6,3.909485,9027,0,0,26,544,1376,339,24,0
babby,babby.txt,2309,2,6,3.909918,9028,0,0,27,490,1468,312,12,0
bezzy,bezzy.txt,2309,2,6,3.909918,9028,0,0,28,516,1417,332,16,0
yabby,yabby.txt,2309,2,6,3.911217,9031,0,0,27,484,1476,311,11,0
annan,annan.txt,2309,2,6,3.91165,9032,0,0,25,555,1356,345,28,0
yuzus,yuzus.txt,2309,2,6,3.91165,9032,0,0,22,508,1452,306,21,0
jnana,jnana.txt,2309,2,6,3.912083,9033,0,0,26,533,1391,336,23,0
zezes,zezes.txt,2309,2,6,3.912516,9034,0,0,11,531,1429,325,13,0
puppy,puppy.txt,2309,1,6,3.913382,9036,1,1,30,522,1393,341,22,0
bubus,bubus.txt,2309,2,6,3.913816,9037,0,0,31,521,1395,340,22,0
fluff,fluff.txt,2309,1,6,3.914249,9038,1,1,26,504,1437,321,20,0
duddy,duddy.txt,2309,2,6,3.916414,9043,0,0,28,516,1408,335,22,0
esses,esses.txt,2309,2,6,3.916847,9044,0,0,19,520,1419,336,15,0
feeze,feeze.txt,2309,2,6,3.917713,9046,0,0,23,523,1398,351,14,0
nanna,nanna.txt,2309,2,6,3.918146,9047,0,0,26,533,1375,354,21,0
huzza,huzza.txt,2309,2,6,3.918579,9048,0,0,26,543,1354,365,21,0
zanja,zanja.txt,2309,2,6,3.919013,9049,0,0,28,501,1434,322,24,0
exeme,exeme.txt,2309,2,6,3.919879,9051,0,0,26,510,1414,341,18,0
quaff,quaff.txt,2309,2,6,3.921178,9054,0,0,19,506,1439,328,17,0
kooky,kooky.txt,2309,2,6,3.92291,9058,0,0,21,519,1407,341,21,0
sukuk,sukuk.txt,2309,2,6,3.92291,9058,0,0,18,544,1364,364,19,0
vivid,vivid.txt,2309,1,6,3.92291,9058,1,1,29,498,1409,363,9,0
mezze,mezze.txt,2309,2,6,3.925076,9063,0,0,19,502,1444,321,23,0
abuzz,abuzz.txt,2309,2,6,3.925509,9064,0,0,27,503,1413,347,19,0
zocco,zocco.txt,2309,2,6,3.926375,9066,0,0,27,505,1408,349,20,0
yuppy,yuppy.txt,2309,2,6,3.927241,9068,0,0,31,497,1412,347,22,0
bobby,bobby.txt,2309,1,6,3.928107,9070,1,1,27,490,1427,347,17,0
fizzy,fizzy.txt,2309,1,6,3.928107,9070,1,1,23,478,1462,329,16,0
muzzy,muzzy.txt,2309,2,6,3.928107,9070,0,0,21,506,1419,344,19,0
mummy,mummy.txt,2309,1,6,3.92854,9071,1,1,21,522,1381,366,18,0
yobby,yobby.txt,2309,2,6,3.928974,9072,0,0,27,483,1442,341,16,0
tazza,tazza.txt,2309,2,6,3.930273,9075,0,0,25,473,1467,326,18,0
jugum,jugum.txt,2309,2,6,3.930706,9076,0,0,23,520,1378,370,18,0
nonno,nonno.txt,2309,2,6,3.931139,9077,0,0,20,517,1396,354,22,0
jiffy,jiffy.txt,2309,1,6,3.932438,9080,1,1,27,471,1456,336,18,0
oxbow,oxbow.txt,2309,2,6,3.932871,9081,0,0,29,490,1415,357,18,0
queue,queue.txt,2309,1,6,3.932871,9081,1,1,18,521,1388,357,24,0
yakka,yakka.txt,2309,2,6,3.932871,9081,0,0,23,474,1457,345,10,0
exeem,exeem.txt,2309,2,6,3.934171,9084,0,0,29,484,1420,362,14,0
faffy,faffy.txt,2309,2,6,3.936336,9089,0,0,25,451,1492,328,13,0
gyppy,gyppy.txt,2309,2,6,3.938068,9093,0,0,28,490,1405,369,17,0
buzzy,buzzy.txt,2309,2,6,3.938502,9094,0,0,25,479,1442,339,24,0
whizz,whizz.txt,2309,2,6,3.938502,9094,0,0,22,483,1434,355,15,0
yummy,yummy.txt,2309,2,6,3.938502,9094,0,0,21,504,1398,368,18,0
zanza,zanza.txt,2309,2,6,3.938502,9094,0,0,25,483,1434,343,24,0
fezzy,fezzy.txt,2309,2,6,3.939368,9096,0,0,25,489,1417,357,21,0
kikoi,kikoi.txt,2309,2,6,3.939368,9096,0,0,21,490,1424,356,18,0
wizzo,wizzo.txt,2309,2,6,3.940667,9099,0,0,18,481,1452,336,22,0
cocco,cocco.txt,2309,2,6,3.9411,9100,0,0,21,503,1397,367,21,0
huzzy,huzzy.txt,2309,2,6,3.941966,9102,0,0,21,494,1412,362,20,0
kuzus,kuzus.txt,2309,2,6,3.942399,9103,0,0,12,512,1396,375,14,0
quiff,quiff.txt,2309,2,6,3.943265,9105,0,0,21,497,1406,362,23,0
zizit,zizit.txt,2309,2,6,3.944565,9108,0,0,14,482,1441,362,10,0
quouk,quouk.txt,2309,2,6,3.945431,9110,0,0,10,522,1380,378,19,0
jukus,jukus.txt,2309,2,6,3.947163,9114,0,0,17,501,1396,377,18,0
bubba,bubba.txt,2309,2,6,3.948029,9116,0,0,25,500,1378,382,24,0
fuffs,fuffs.txt,2309,2,6,3.949762,9120,0,0,23,478,1418,372,18,0
queyu,queyu.txt,2309,2,6,3.949762,9120,0,0,15,473,1456,343,22,0
jinni,jinni.txt,2309,2,6,3.951061,9123,0,0,26,476,1412,375,20,0
addax,addax.txt,2309,2,6,3.951494,9124,0,0,26,484,1394,386,19,0
kudzu,kudzu.txt,2309,2,6,3.95236,9126,0,0,15,456,1477,346,15,0
bubby,bubby.txt,2309,2,6,3.954526,9131,0,0,29,456,1441,357,26,0
hyphy,hyphy.txt,2309,2,6,3.955825,9134,0,0,25,453,1448,365,18,0
kibbi,kibbi.txt,2309,2,6,3.955825,9134,0,0,22,466,1430,374,17,0
maqam,maqam.txt,2309,2,6,3.956691,9136,0,0,23,492,1382,386,26,0
fuzzy,fuzzy.txt,2309,1,6,3.958424,9140,1,1,21,455,1447,366,19,0
kukus,kukus.txt,2309,2,6,3.962321,9149,0,0,13,491,1396,388,21,0
zoppo,zoppo.txt,2309,2,6,3.965786,9157,0,0,27,460,1409,391,22,0
mamma,mamma.txt,2309,1,6,3.973582,9175,1,1,24,476,1371,408,29,0
fuffy,fuffy.txt,2309,2,6,3.980078,9190,0,0,20,439,1442,383,25,0
ayaya,ayaya.txt,2309,2,6,3.990472,9214,0,0,12,429,1464,377,27,0
susus,susus.txt,2309,2,6,3.992204,9218,0,0,17,465,1377,419,31,0
xylyl,xylyl.txt,2309,2,6,3.996968,9229,0,0,16,420,1450,401,22,0
jaffa,jaffa.txt,2309,2,6,4.003898,9245,0,0,21,408,1446,409,25,0
yukky,yukky.txt,2309,2,6,4.004331,9246,0,0,15,419,1443,405,27,0
pzazz,pzazz.txt,2309,2,6,4.007362,9253,0,0,16,411,1448,408,26,0
aggag,aggag.txt,2309,2,6,4.007796,9254,0,0,18,436,1400,420,35,0
immix,immix.txt,2309,2,6,4.01256,9265,0,0,23,419,1407,426,34,0
jeeze,jeeze.txt,2309,2,6,4.012993,9266,0,0,19,413,1413,447,17,0
jazzy,jazzy.txt,2309,1,6,4.014725,9270,1,1,23,354,1511,403,17,0
jujus,jujus.txt,2309,2,6,4.037679,9323,0,0,12,391,1430,450,26,0
zhuzh,zhuzh.txt,2309,2,6,4.0589,9372,0,0,14,375,1409,483,28,0
xviii,xviii.txt,2309,2,6,4.073625,9406,0,0,18,353,1417,483,38,0
qajaq,qajaq.txt,2309,2,6,4.100476,9468,0,0,7,325,1447,489,41,0
